"Lines","Long","Lat","crop","maprecip_value"
"88",0.683333,47.4,"arabidopsis",674
"108",-4.06667,48.5167,"arabidopsis",1078
"139",-4.06667,48.5167,"arabidopsis",1078
"159",3.93333,47.35,"arabidopsis",833
"265",-1.16667,44.65,"arabidopsis",946
"350",4.11667,46.6667,"arabidopsis",789
"351",4.11667,46.6667,"arabidopsis",789
"403",16.2667,49.3667,"arabidopsis",540
"410",16.3497,49.4211,"arabidopsis",559
"424",16.2815,49.4112,"arabidopsis",559
"428",16.232,49.403,"arabidopsis",562
"430",15.5,47,"arabidopsis",846
"470",-87.735,40.8313,"arabidopsis",974
"476",-87.735,40.8313,"arabidopsis",974
"484",-87.735,40.8313,"arabidopsis",974
"504",-87.735,40.8313,"arabidopsis",974
"506",-87.735,40.8313,"arabidopsis",974
"531",-87.735,40.8313,"arabidopsis",974
"544",-73.2089,40.9076,"arabidopsis",1098
"546",-73.2089,40.9076,"arabidopsis",1098
"628",-72.9069,40.7777,"arabidopsis",1069
"630",-72.9069,40.7777,"arabidopsis",1069
"680",-72.8615,40.9447,"arabidopsis",1104
"681",-72.8615,40.9447,"arabidopsis",1104
"685",-73.1493,40.9064,"arabidopsis",1093
"687",-73.1493,40.9064,"arabidopsis",1093
"728",-73.114,40.9352,"arabidopsis",1093
"742",-73.114,40.9352,"arabidopsis",1093
"763",74.3667,42.3,"arabidopsis",527
"765",73.41,42.19,"arabidopsis",592
"766",73.6333,42.5833,"arabidopsis",543
"768",76.35,42.8,"arabidopsis",397
"772",72.4667,37.35,"arabidopsis",289
"801",-84.4639,37.9169,"arabidopsis",1169
"853",-86.6691,41.7976,"arabidopsis",978
"854",-86.6691,41.7976,"arabidopsis",978
"867",-86.4366,41.8266,"arabidopsis",985
"868",-86.4366,41.8266,"arabidopsis",985
"870",-86.4366,41.8266,"arabidopsis",985
"915",-71.4378,41.8972,"arabidopsis",1208
"932",-71.1445,42.3634,"arabidopsis",1143
"991",14.0526813,55.3822641,"arabidopsis",622
"992",14.0526813,55.3822641,"arabidopsis",622
"997",14.0526813,55.3822641,"arabidopsis",622
"1002",14.0526813,55.3822641,"arabidopsis",622
"1006",14.0526813,55.3822641,"arabidopsis",622
"1061",14.1333,55.7167,"arabidopsis",704
"1062",14.1333,55.7167,"arabidopsis",704
"1063",14.1333,55.7167,"arabidopsis",704
"1066",14.1333,55.7167,"arabidopsis",704
"1070",14.1333,55.7167,"arabidopsis",704
"1158",16.5167,56.7,"arabidopsis",514
"1166",16.5167,56.7,"arabidopsis",514
"1254",17.0167,59.4333,"arabidopsis",526
"1257",17.0167,59.4333,"arabidopsis",526
"1313",16.8667,59.5667,"arabidopsis",544
"1317",16.8667,59.5667,"arabidopsis",544
"1552",18.3667,63.0833,"arabidopsis",709
"1612",-86.583,41.9,"arabidopsis",968
"1622",-86.583,41.9,"arabidopsis",968
"1651",-86.4045,43.3431,"arabidopsis",823
"1652",-86.4045,43.3431,"arabidopsis",823
"1676",-86.607,41.879,"arabidopsis",968
"1684",-86.607,41.879,"arabidopsis",968
"1739",-85.398,42.405,"arabidopsis",899
"1741",-85.398,42.405,"arabidopsis",899
"1756",-86.358,42.184,"arabidopsis",936
"1757",-86.358,42.184,"arabidopsis",936
"1793",-86.67,41.847,"arabidopsis",978
"1797",-86.67,41.847,"arabidopsis",978
"1819",-86.67,41.8,"arabidopsis",978
"1820",-86.67,41.8,"arabidopsis",978
"1829",-86.509,42.051,"arabidopsis",945
"1834",-86.509,42.051,"arabidopsis",945
"1835",-86.509,42.051,"arabidopsis",945
"1851",-86.2657,43.595,"arabidopsis",862
"1852",-86.2657,43.595,"arabidopsis",862
"1853",-86.2657,43.595,"arabidopsis",862
"1872",-86.2657,43.595,"arabidopsis",862
"1890",-86.1859,43.5139,"arabidopsis",852
"1925",-86.1843,43.5251,"arabidopsis",852
"1942",-86.1843,43.5251,"arabidopsis",852
"1943",-86.1843,43.5251,"arabidopsis",852
"1954",-86.1739,43.5187,"arabidopsis",852
"2016",-86.1788,43.5356,"arabidopsis",852
"2017",-86.1788,43.5356,"arabidopsis",852
"2031",-86.412,42.166,"arabidopsis",936
"2053",-86.412,42.166,"arabidopsis",936
"2057",-86.412,42.166,"arabidopsis",936
"2081",-86.3368,43.2483,"arabidopsis",814
"2091",-86.3368,43.2483,"arabidopsis",814
"2106",-86.0891,43.2749,"arabidopsis",840
"2108",-86.0891,43.2749,"arabidopsis",840
"2141",-86.0891,43.2749,"arabidopsis",840
"2159",-86.431,42.148,"arabidopsis",925
"2166",-86.431,42.148,"arabidopsis",925
"2171",-86.431,42.148,"arabidopsis",925
"2191",-86.3929,43.7623,"arabidopsis",851
"2202",-86.3929,43.7623,"arabidopsis",851
"2212",-86.3929,43.7623,"arabidopsis",851
"2239",-86.382,42.184,"arabidopsis",936
"2240",-86.382,42.184,"arabidopsis",936
"2276",-86.496,43.665,"arabidopsis",841
"2278",-86.496,43.665,"arabidopsis",841
"2285",-86.496,43.665,"arabidopsis",841
"2286",-86.496,43.665,"arabidopsis",841
"2317",-86.514,42.03,"arabidopsis",960
"2370",-86.646,41.865,"arabidopsis",962
"2412",-86.646,41.865,"arabidopsis",962
"4779",-4.9,50.4,"arabidopsis",1031
"4807",-4.9,50.4,"arabidopsis",1031
"4826",-4.9,50.4,"arabidopsis",1031
"4840",-4.9,50.4,"arabidopsis",1031
"4857",-4.9,50.3,"arabidopsis",1016
"4884",-4.9,50.3,"arabidopsis",1016
"4900",-4.8,50.3,"arabidopsis",990
"4939",-4.7,50.4,"arabidopsis",1041
"4958",-4.5,50.5,"arabidopsis",1165
"5023",0.5,51.3,"arabidopsis",641
"5104",0.5,51.3,"arabidopsis",641
"5151",-1.7,52.2,"arabidopsis",628
"5165",0.4,51.3,"arabidopsis",636
"5210",0.3,51.2,"arabidopsis",717
"5236",0.4,51.2,"arabidopsis",660
"5249",0.3,51.2,"arabidopsis",717
"5253",0.6,51.1,"arabidopsis",720
"5276",1.1,51.3,"arabidopsis",605
"5279",1.1,51.3,"arabidopsis",605
"5349",0.4,51.1,"arabidopsis",786
"5353",-3,54.5,"arabidopsis",1764
"5395",-3,54.4,"arabidopsis",1729
"5486",-3.3,54.6,"arabidopsis",1573
"5577",-3.4,54.7,"arabidopsis",1191
"5644",-2.9,54.4,"arabidopsis",1712
"5651",-2.9,54.4,"arabidopsis",1712
"5717",-3.2,54.6,"arabidopsis",1657
"5718",-3.4,57,"arabidopsis",1239
"5720",-1.6,53.3,"arabidopsis",1016
"5726",1.1,51.3,"arabidopsis",605
"5741",-4.1,56.6,"arabidopsis",1910
"5748",-4.4,56,"arabidopsis",1460
"5757",-2.3,54.6,"arabidopsis",1458
"5768",-1.5,54.1,"arabidopsis",654
"5772",-2.3,54.1,"arabidopsis",1464
"5776",-1.3,52.9,"arabidopsis",615
"5779",-3.1,51,"arabidopsis",1020
"5784",-5.2,56.4,"arabidopsis",1699
"5798",-3.3,53.1,"arabidopsis",901
"5800",-5.5,57.4,"arabidopsis",2370
"5811",-3.1,52.9,"arabidopsis",1016
"5822",-5.98333,56.7333,"arabidopsis",2226
"5830",15.9807762,56.3130014,"arabidopsis",591
"5831",15.9807762,56.3130014,"arabidopsis",591
"5832",15.9807762,56.3130014,"arabidopsis",591
"5836",13.51,55.86,"arabidopsis",752
"5837",16.2326,49.4013,"arabidopsis",562
"5856",17.4849587,63.0091989,"arabidopsis",645
"5860",18.0141098,62.6827735,"arabidopsis",702
"5865",14.1231006,55.7565106,"arabidopsis",704
"5867",14.1220385,55.7570661,"arabidopsis",704
"5874",16.2815,49.4112,"arabidopsis",559
"5890",16.2815,49.4112,"arabidopsis",559
"5893",16.2815,49.4112,"arabidopsis",559
"5907",16.2815,49.4112,"arabidopsis",559
"5921",16.2815,49.4112,"arabidopsis",559
"5950",16.2815,49.4112,"arabidopsis",559
"5984",16.2815,49.4112,"arabidopsis",559
"5993",16.2815,49.4112,"arabidopsis",559
"6008",16.2,49.1,"arabidopsis",520
"6009",18.1749827,62.8759855,"arabidopsis",717
"6010",18.1749827,62.8759855,"arabidopsis",717
"6011",18.1749827,62.8759855,"arabidopsis",717
"6012",18.1749827,62.8759855,"arabidopsis",717
"6013",18.1749827,62.8759855,"arabidopsis",717
"6016",18.4045,62.9147,"arabidopsis",704
"6017",18.4045,62.9147,"arabidopsis",704
"6019",14.2786489,56.0617671,"arabidopsis",572
"6020",14.2786489,56.0617671,"arabidopsis",572
"6021",14.281492,56.068008,"arabidopsis",572
"6022",14.281492,56.068008,"arabidopsis",572
"6023",13.3720798,55.7501271,"arabidopsis",694
"6024",13.3720798,55.7501271,"arabidopsis",694
"6025",17.7311,62.6381,"arabidopsis",704
"6030",18.1896,62.806,"arabidopsis",707
"6034",13.7453108,56.0755241,"arabidopsis",777
"6035",13.7453108,56.0755241,"arabidopsis",777
"6036",13.7249024,56.1045244,"arabidopsis",777
"6038",13.7249024,56.1045244,"arabidopsis",777
"6039",13.7296953,56.1132251,"arabidopsis",777
"6040",13.4,55.66,"arabidopsis",688
"6041",14.7427433,56.0089259,"arabidopsis",560
"6042",13.8561835,56.0964877,"arabidopsis",744
"6043",18.075722,62.8003225,"arabidopsis",690
"6046",18.075722,62.8003225,"arabidopsis",690
"6064",18.2763,62.9513,"arabidopsis",711
"6069",18.2763,62.95681,"arabidopsis",711
"6070",18.339997,62.956806,"arabidopsis",711
"6071",18.339997,62.956806,"arabidopsis",711
"6073",15.7779722,56.1460908,"arabidopsis",562
"6074",16.1301702,56.4573992,"arabidopsis",547
"6076",13.4354695,55.7170459,"arabidopsis",694
"6077",13.4354695,55.7170459,"arabidopsis",694
"6085",13.2155403,55.709434,"arabidopsis",642
"6086",11.2,58.9,"arabidopsis",759
"6087",16.1302444,56.465642,"arabidopsis",547
"6088",16.1302444,56.465642,"arabidopsis",547
"6090",13.2197,55.6525,"arabidopsis",606
"6091",13.215,55.6525,"arabidopsis",606
"6092",13.2233,55.6514,"arabidopsis",606
"6094",13.2147,55.6494,"arabidopsis",606
"6095",13.2161,55.6486,"arabidopsis",606
"6096",13.2225,55.6472,"arabidopsis",606
"6097",13.2264,55.6481,"arabidopsis",606
"6098",13.2178,55.6561,"arabidopsis",606
"6099",13.2193742,55.6532394,"arabidopsis",606
"6100",13.2226591,55.6465188,"arabidopsis",606
"6101",13.2199068,55.6465188,"arabidopsis",606
"6102",13.2240307,55.6484554,"arabidopsis",606
"6104",13.2078964,55.6995163,"arabidopsis",642
"6105",13.1166475,55.7912838,"arabidopsis",652
"6106",13.1151131,55.7892517,"arabidopsis",652
"6107",13.1172969,55.789833,"arabidopsis",652
"6108",13.1162548,55.7925311,"arabidopsis",652
"6109",13.1113481,55.7895346,"arabidopsis",652
"6111",13.1104309,55.7928025,"arabidopsis",652
"6112",13.09336,55.7908676,"arabidopsis",652
"6113",13.0996565,55.7976997,"arabidopsis",652
"6114",13.1296295,55.7990936,"arabidopsis",652
"6115",13.1326552,55.7932875,"arabidopsis",652
"6118",13.1745511,55.7138306,"arabidopsis",642
"6119",13.1729204,55.7034097,"arabidopsis",642
"6122",13.2954193,55.8350143,"arabidopsis",713
"6123",13.2986651,55.8351287,"arabidopsis",713
"6124",13.2995709,55.8362185,"arabidopsis",713
"6125",13.2984818,55.8371341,"arabidopsis",713
"6126",13.3002261,55.8379372,"arabidopsis",713
"6128",13.2881,55.8397,"arabidopsis",713
"6131",13.3181,55.8369,"arabidopsis",713
"6132",13.3186,55.8386,"arabidopsis",713
"6133",13.2995693,55.8422437,"arabidopsis",713
"6134",13.2906,55.8383,"arabidopsis",713
"6136",13.5519,55.9336,"arabidopsis",775
"6137",13.5603,55.9419,"arabidopsis",775
"6138",13.5511,55.9403,"arabidopsis",775
"6140",13.5539,55.9392,"arabidopsis",775
"6141",13.5542,55.9414,"arabidopsis",775
"6142",13.5558,55.9428,"arabidopsis",775
"6145",13.5533,55.9497,"arabidopsis",775
"6148",13.5508,55.9319,"arabidopsis",775
"6149",13.5481,55.9281,"arabidopsis",775
"6150",13.5319,55.9261,"arabidopsis",775
"6151",13.2244,55.6528,"arabidopsis",606
"6153",17.7311,62.6381,"arabidopsis",704
"6154",17.7311,62.6381,"arabidopsis",704
"6163",17.7311,62.6381,"arabidopsis",704
"6166",17.7311,62.6381,"arabidopsis",704
"6169",18.336,62.8622,"arabidopsis",703
"6172",18.336,62.8622,"arabidopsis",703
"6173",18.336,62.8622,"arabidopsis",703
"6174",17.6771,62.6252,"arabidopsis",704
"6177",17.6771,62.6252,"arabidopsis",704
"6180",17.6771,62.6252,"arabidopsis",704
"6184",18.4473,62.8794,"arabidopsis",704
"6188",14.1328223,55.758856,"arabidopsis",704
"6189",14.1328223,55.758856,"arabidopsis",704
"6191",14.1328223,55.758856,"arabidopsis",704
"6192",14.1328223,55.758856,"arabidopsis",704
"6193",14.1328223,55.758856,"arabidopsis",704
"6194",14.1328223,55.758856,"arabidopsis",704
"6195",14.1328223,55.758856,"arabidopsis",704
"6198",14.1225226,55.7567793,"arabidopsis",704
"6201",14.1225226,55.7567793,"arabidopsis",704
"6202",14.1225226,55.7567793,"arabidopsis",704
"6203",14.1225226,55.7567793,"arabidopsis",704
"6209",18.1749827,62.8759855,"arabidopsis",717
"6210",18.1749827,62.8759855,"arabidopsis",717
"6214",18.3174,63.0165,"arabidopsis",706
"6216",18.3174,63.0165,"arabidopsis",706
"6217",18.3174,63.0165,"arabidopsis",706
"6218",18.3174,63.0165,"arabidopsis",706
"6220",18.1896,62.806,"arabidopsis",707
"6221",18.1896,62.806,"arabidopsis",707
"6231",18.2763,62.9513,"arabidopsis",711
"6235",18.339997,62.956806,"arabidopsis",711
"6237",18.339997,62.956806,"arabidopsis",711
"6238",18.339997,62.956806,"arabidopsis",711
"6240",18.339997,62.956806,"arabidopsis",711
"6241",18.339997,62.956806,"arabidopsis",711
"6242",13.1960732,55.7060213,"arabidopsis",642
"6243",13.85,55.95,"arabidopsis",793
"6244",18.4728,62.9169,"arabidopsis",680
"6252",14.3336,55.5796,"arabidopsis",630
"6255",14.3336,55.5796,"arabidopsis",630
"6258",14.3336,55.5796,"arabidopsis",630
"6268",14.3336,55.5796,"arabidopsis",630
"6276",14.3336,55.5796,"arabidopsis",630
"6284",14.3336,55.5796,"arabidopsis",630
"6296",16.6314,49.2771,"arabidopsis",537
"6390",16.6314,49.2771,"arabidopsis",537
"6396",16.6314,49.2771,"arabidopsis",537
"6413",13.9583592,56.0630848,"arabidopsis",705
"6424",16.2544,49.3853,"arabidopsis",562
"6434",16.2544,49.3853,"arabidopsis",562
"6445",16.2544,49.3853,"arabidopsis",562
"6680",6.4333,51.85,"arabidopsis",738
"6739",-73.4675,40.8585,"arabidopsis",1104
"6740",-73.4675,40.8585,"arabidopsis",1104
"6744",-73.4675,40.8585,"arabidopsis",1104
"6749",-76.5072,42.4489,"arabidopsis",918
"6750",-76.5072,42.4489,"arabidopsis",918
"6805",-71.0627,42.373,"arabidopsis",1128
"6806",-71.0627,42.373,"arabidopsis",1128
"6814",-86.621,41.2816,"arabidopsis",972
"6830",73.1,49.5,"arabidopsis",291
"6897",1.3,45,"arabidopsis",921
"6898",4.4,51.2167,"arabidopsis",795
"6900",18.4840729,63.322186,"arabidopsis",654
"6901",18.4840729,63.322186,"arabidopsis",654
"6903",16.2326,49.4013,"arabidopsis",562
"6904",16.6166,49.2,"arabidopsis",499
"6907",-0.6383,51.4083,"arabidopsis",668
"6908",-0.6383,51.4083,"arabidopsis",668
"6909",-92.3,38.3,"arabidopsis",1024
"6911",-23.6167,15.1111,"arabidopsis",288
"6913",18.1749827,62.8759855,"arabidopsis",717
"6915",6.3,50.3,"arabidopsis",1065
"6917",18.3174,63.0165,"arabidopsis",706
"6918",18.3174,63.0165,"arabidopsis",706
"6919",8,50.3,"arabidopsis",744
"6920",9.9355,51.5338,"arabidopsis",716
"6922",8,50.3,"arabidopsis",744
"6923",-0.6383,51.4083,"arabidopsis",668
"6924",-0.6383,51.4083,"arabidopsis",668
"6926",-85.37,44.46,"arabidopsis",790
"6927",-86.621,41.2816,"arabidopsis",972
"6929",68.49,38.48,"arabidopsis",492
"6931",73.1,49.5,"arabidopsis",291
"6932",15.2369,52.7325,"arabidopsis",527
"6933",2.49,41.59,"arabidopsis",702
"6938",37.6322,55.7522,"arabidopsis",677
"6940",8.3,50.3,"arabidopsis",725
"6943",-0.6383,51.4083,"arabidopsis",668
"6944",-0.6383,51.4083,"arabidopsis",668
"6945",4.45,52.24,"arabidopsis",814
"6951",16.36,49.42,"arabidopsis",566
"6956",16.36,49.42,"arabidopsis",566
"6957",16.36,49.42,"arabidopsis",566
"6958",3.3,46,"arabidopsis",690
"6959",-1.41,48.5,"arabidopsis",754
"6960",-1.41,48.5,"arabidopsis",754
"6961",-3.53333,38.3333,"arabidopsis",422
"6963",68.48,38.35,"arabidopsis",481
"6966",-0.6383,51.4083,"arabidopsis",668
"6967",-0.6383,51.4083,"arabidopsis",668
"6968",23.5,60,"arabidopsis",716
"6969",23.5,60,"arabidopsis",716
"6970",2.93056,41.7194,"arabidopsis",694
"6971",2.93056,41.7194,"arabidopsis",694
"6973",13.9707,56.0648,"arabidopsis",705
"6974",13.9707,56.0648,"arabidopsis",705
"6975",14.45,48.3,"arabidopsis",743
"6976",14.45,48.3,"arabidopsis",743
"6979",8.26,47.25,"arabidopsis",1284
"6981",30,52.3,"arabidopsis",617
"6982",9.3,52.3,"arabidopsis",760
"6984",16.2544,49.3853,"arabidopsis",562
"6986",-2.2207,57.1539,"arabidopsis",806
"6987",7.62551,48.0683,"arabidopsis",1042
"6989",-2.4333,54.8,"arabidopsis",1345
"6990",5.73,53.448,"arabidopsis",813
"6992",5.3,50.3,"arabidopsis",878
"6997",5.5833,51.8333,"arabidopsis",781
"7000",9.57073,50.9167,"arabidopsis",754
"7002",6.1,51.3333,"arabidopsis",734
"7003",7.5,47.5,"arabidopsis",985
"7008",5.675,52,"arabidopsis",799
"7013",13.287,52.4584,"arabidopsis",564
"7014",-4.79821,56.5459,"arabidopsis",2180
"7025",11.3396,44.5041,"arabidopsis",723
"7026",-3.2667,54.4,"arabidopsis",1500
"7028",9.3166,49.5166,"arabidopsis",862
"7031",8.6667,50.0167,"arabidopsis",660
"7033",-122.755,41.3599,"arabidopsis",744
"7036",9.5,50.5,"arabidopsis",899
"7058",-9.0755556,53.87,"arabidopsis",1187
"7061",-1.64293,53.2699,"arabidopsis",1069
"7062",8.26607,50.2981,"arabidopsis",725
"7063",-13.4811,29.2144,"arabidopsis",155
"7064",1.1,51.3,"arabidopsis",605
"7067",15.09,37.51,"arabidopsis",534
"7068",12.1,42,"arabidopsis",390
"7071",1.33867,48.0717,"arabidopsis",621
"7072",34.7361,53.7502,"arabidopsis",632
"7077",-8.25,40.12,"arabidopsis",1132
"7081",-8.42639,40.2077,"arabidopsis",974
"7092",2.823,49.416,"arabidopsis",637
"7094",8.65081,49.8724,"arabidopsis",697
"7096",5.04278,47.3239,"arabidopsis",798
"7102",8.2372,50.7224,"arabidopsis",908
"7103",16.2667,49.4167,"arabidopsis",559
"7106",13.7336,51.051,"arabidopsis",652
"7107",-1.5733,54.7761,"arabidopsis",651
"7109",0.5,51.3,"arabidopsis",641
"7111",-3.16028,55.9494,"arabidopsis",671
"7117",9.68253,51.5105,"arabidopsis",796
"7119",8.5,50,"arabidopsis",593
"7120",8.5,50,"arabidopsis",593
"7125",11.0087,49.5955,"arabidopsis",738
"7126",24.5682,60.1997,"arabidopsis",661
"7127",24.9871,58.6656,"arabidopsis",710
"7130",2.56481,44.6447,"arabidopsis",734
"7133",8.6822,50.1102,"arabidopsis",642
"7138",8.0167,50.5,"arabidopsis",836
"7143",5.86667,51.0167,"arabidopsis",753
"7147",8.67825,50.584,"arabidopsis",670
"7158",15.5,47,"arabidopsis",846
"7160",-85.2532,43.178,"arabidopsis",874
"7161",10.5,53.5,"arabidopsis",726
"7162",9.44,52.24,"arabidopsis",792
"7163",9.73569,52.3721,"arabidopsis",656
"7164",12.5686,55.675,"arabidopsis",597
"7165",8.28844,51.3472,"arabidopsis",1134
"7169",9.88682,54.4175,"arabidopsis",831
"7177",15,49,"arabidopsis",647
"7181",11.587,50.927,"arabidopsis",657
"7183",77,35,"arabidopsis",104
"7186",23.8924,54.8969,"arabidopsis",611
"7192",-5.66364,55.6395,"arabidopsis",1450
"7199",6.9666,50.95,"arabidopsis",810
"7202",8.50861,50.1797,"arabidopsis",788
"7203",11.5722,49.631,"arabidopsis",926
"7207",135.752,35.0085,"arabidopsis",1600
"7208",-3.78181,55.6739,"arabidopsis",1396
"7209",15.2333,52.7333,"arabidopsis",527
"7213",15.2369,52.7325,"arabidopsis",527
"7217",0.5,48,"arabidopsis",678
"7218",4.49015,52.1611,"arabidopsis",835
"7223",8.0666,50.3833,"arabidopsis",674
"7231",8.0666,50.3833,"arabidopsis",674
"7244",8.26664,50.001,"arabidopsis",587
"7248",-70.6652,41.3923,"arabidopsis",1177
"7250",10.1138,51.9183,"arabidopsis",725
"7255",20.5,50.95,"arabidopsis",622
"7258",8.5,50.5,"arabidopsis",685
"7268",10.981,52.6969,"arabidopsis",582
"7276",8.5833,50.2,"arabidopsis",676
"7280",8.2,53.1667,"arabidopsis",757
"7282",8.01161,50.3827,"arabidopsis",713
"7287",8.42255,53.3422,"arabidopsis",720
"7288",6.193019,60.385543,"arabidopsis",2318
"7296",29,59,"arabidopsis",697
"7298",10.51,47.04,"arabidopsis",1084
"7305",10.6065,53.476,"arabidopsis",710
"7306",-123.206,49.2655,"arabidopsis",1491
"7307",-2.96591,48.0653,"arabidopsis",939
"7314",-3.41697,54.3512,"arabidopsis",1173
"7316",5.56667,51.9667,"arabidopsis",802
"7319",12.1,42,"arabidopsis",390
"7320",1.09849,49.4424,"arabidopsis",733
"7322",34,56.3,"arabidopsis",644
"7323",38.28,49,"arabidopsis",524
"7327",3.03333,41.7833,"arabidopsis",654
"7328",3.03333,41.7833,"arabidopsis",654
"7332",-122.2,47,"arabidopsis",1304
"7333",11.5614,46.5438,"arabidopsis",749
"7337",8.02341,50.8738,"arabidopsis",998
"7342",-3.00733,53.6473,"arabidopsis",887
"7343",13.181,52.5339,"arabidopsis",555
"7344",9.5,47.6667,"arabidopsis",1018
"7346",11.8558,52.6058,"arabidopsis",550
"7347",36,52,"arabidopsis",641
"7349",14.5,49.5,"arabidopsis",632
"7350",-122.459,47.2413,"arabidopsis",1124
"7353",4.3,52.08,"arabidopsis",838
"7354",14.9,56.5,"arabidopsis",668
"7356",-83.5553,41.6639,"arabidopsis",854
"7358",-83.5553,41.6639,"arabidopsis",854
"7359",-83.5553,41.6639,"arabidopsis",854
"7372",9.9042,47.0748,"arabidopsis",1302
"7373",136.31,34.43,"arabidopsis",1957
"7377",-85.2563,43.2708,"arabidopsis",868
"7378",7.7667,48.0333,"arabidopsis",910
"7382",5.1145,52.0918,"arabidopsis",791
"7383",-123.206,49.2655,"arabidopsis",1491
"7384",5.55,52.0333,"arabidopsis",815
"7387",-2.3671,54.9902,"arabidopsis",1068
"7394",21,52.3,"arabidopsis",481
"7396",30,52.3,"arabidopsis",617
"7404",10.0667,52.6,"arabidopsis",679
"7411",10.8134,47.9299,"arabidopsis",1103
"7413",25.3167,54.6833,"arabidopsis",658
"7415",9.9361,49.7878,"arabidopsis",645
"7416",-119.35,37.45,"arabidopsis",865
"7417",8.55,47.3667,"arabidopsis",1104
"7418",8.55,47.3667,"arabidopsis",1104
"7419",8.32213,50.3058,"arabidopsis",717
"7424",16.6166,49.2,"arabidopsis",499
"7430",6.25,48.6167,"arabidopsis",787
"7461",15,49,"arabidopsis",647
"7475",-72.677,41.767,"arabidopsis",1147
"7477",-71.2825,41.7302,"arabidopsis",1207
"7514",-86.4251,41.5609,"arabidopsis",991
"7515",-86.4251,41.5609,"arabidopsis",991
"7516",14.334,55.58,"arabidopsis",630
"7517",14.334,55.58,"arabidopsis",630
"7520",16.81,49.38,"arabidopsis",596
"7521",16.81,49.38,"arabidopsis",596
"7523",-86.3253,42.0945,"arabidopsis",965
"7525",-86.511,42.036,"arabidopsis",960
"7529",-86.5128,42.0333,"arabidopsis",960
"7530",-86.5128,42.0333,"arabidopsis",960
"7566",-86.359,42.093,"arabidopsis",955
"7568",-86.359,42.093,"arabidopsis",955
"7717",-86.625,41.273,"arabidopsis",972
"7757",-86.625,41.273,"arabidopsis",972
"7767",-86.625,41.273,"arabidopsis",972
"7917",-86.3253,42.0945,"arabidopsis",965
"7947",-86.3253,42.0945,"arabidopsis",965
"8037",-86.7368,41.3423,"arabidopsis",979
"8057",-86.7368,41.3423,"arabidopsis",979
"8077",-86.7368,41.3423,"arabidopsis",979
"8132",-86.511,42.036,"arabidopsis",960
"8171",-86.511,42.036,"arabidopsis",960
"8214",2,49,"arabidopsis",630
"8222",14.7427433,56.0089259,"arabidopsis",560
"8227",17.898516,62.7920572,"arabidopsis",677
"8230",16.5,56.68,"arabidopsis",514
"8231",15.9960089,56.3065535,"arabidopsis",581
"8233",-87.1923,41.1876,"arabidopsis",968
"8234",15.9753237,56.3201865,"arabidopsis",600
"8235",17.1,48.8,"arabidopsis",653
"8236",15.76,49.33,"arabidopsis",573
"8237",13.1,55.8,"arabidopsis",652
"8238",0.4,51.15,"arabidopsis",726
"8239",7,51,"arabidopsis",810
"8240",13.196,55.705,"arabidopsis",642
"8241",13.85,55.95,"arabidopsis",793
"8242",15.7832574,56.1510312,"arabidopsis",562
"8243",11.2547,43.7703,"arabidopsis",920
"8244",2.3086,48.6103,"arabidopsis",626
"8246",-79.18,35,"arabidopsis",1194
"8247",13.7407939,56.0692873,"arabidopsis",777
"8249",15.8,57.7,"arabidopsis",633
"8256",12.9040338,56.4487477,"arabidopsis",775
"8258",12.9040338,56.4487477,"arabidopsis",775
"8259",12.9040338,56.4487477,"arabidopsis",775
"8264",2.8,41.6833,"arabidopsis",723
"8283",14.1262764,55.7599276,"arabidopsis",704
"8284",16.2815,49.4112,"arabidopsis",559
"8285",16.2815,49.4112,"arabidopsis",559
"8290",8.5,50,"arabidopsis",593
"8297",6.14,46.21,"arabidopsis",993
"8306",13.7134622,56.1035094,"arabidopsis",777
"8307",13.7296953,56.1132251,"arabidopsis",777
"8311",11.5,47.5,"arabidopsis",1309
"8312",7.5,50.5,"arabidopsis",845
"8326",14.7427433,56.0089259,"arabidopsis",560
"8334",13.19,55.72,"arabidopsis",642
"8335",13.2,55.71,"arabidopsis",642
"8337",12.37,44,"arabidopsis",878
"8343",1.5,47.5,"arabidopsis",669
"8351",18.37,60.25,"arabidopsis",623
"8354",56.3167,58,"arabidopsis",611
"8357",2.25,41.5,"arabidopsis",612
"8365",16,49,"arabidopsis",531
"8366",8.5,50.5,"arabidopsis",685
"8369",13.4354695,55.7170459,"arabidopsis",694
"8376",17.997819,62.6897799,"arabidopsis",702
"8386",11.2,58.9,"arabidopsis",759
"8387",18.06,59.34,"arabidopsis",562
"8419",25.3167,54.6833,"arabidopsis",658
"8420",8.5333,50.0667,"arabidopsis",615
"8422",14.2786489,56.0617671,"arabidopsis",572
"8424",77,35,"arabidopsis",104
"8426",13.9589922,56.0681098,"arabidopsis",705
"8427",13.9707,56.0648,"arabidopsis",705
"8464",-86.8513,41.6862,"arabidopsis",980
"8483",-86.8513,41.6862,"arabidopsis",980
"8699",-86.3253,42.0945,"arabidopsis",965
"8723",-86.3253,42.0945,"arabidopsis",965
"9027",-86.511,42.036,"arabidopsis",960
"9057",13.9167,56.1,"arabidopsis",705
"9058",16.6333,57.75,"arabidopsis",583
"9067",48.7992,38.6536,"arabidopsis",927
"9069",48.7992,38.6536,"arabidopsis",927
"9070",48.7992,38.6536,"arabidopsis",927
"9075",48.6131,38.7406,"arabidopsis",692
"9078",48.6131,38.7406,"arabidopsis",692
"9079",48.5517,38.7833,"arabidopsis",692
"9081",48.5517,38.7833,"arabidopsis",692
"9084",48.5517,38.7833,"arabidopsis",692
"9085",48.5517,38.7833,"arabidopsis",692
"9089",48.925,38.9522,"arabidopsis",734
"9091",48.925,38.9522,"arabidopsis",734
"9095",48.5594,38.9786,"arabidopsis",696
"9099",48.5594,38.9786,"arabidopsis",696
"9100",46.2831,41.8296,"arabidopsis",758
"9102",46.2831,41.8296,"arabidopsis",758
"9103",46.2831,41.8296,"arabidopsis",758
"9104",46.2831,41.8296,"arabidopsis",758
"9105",46.2831,41.8296,"arabidopsis",758
"9106",46.2831,41.8296,"arabidopsis",758
"9111",46.2831,41.8296,"arabidopsis",758
"9113",46.2831,41.8296,"arabidopsis",758
"9114",46.2831,41.8296,"arabidopsis",758
"9115",46.2831,41.8296,"arabidopsis",758
"9121",43.4767,41.7942,"arabidopsis",837
"9125",44.8203,40.1408,"arabidopsis",487
"9128",45.3622,39.8692,"arabidopsis",466
"9130",45.3622,39.8692,"arabidopsis",466
"9131",45.3622,39.8692,"arabidopsis",466
"9133",45.3622,39.8692,"arabidopsis",466
"9134",45.3622,39.8692,"arabidopsis",466
"9298",-3.21833,55.9681,"arabidopsis",667
"9312",-5.1525,57.9,"arabidopsis",2100
"9314",-3.96722,57.9672,"arabidopsis",971
"9321",18.336,62.8622,"arabidopsis",703
"9323",18.336,62.8622,"arabidopsis",703
"9332",18.381,62.8698,"arabidopsis",701
"9336",18.4473,62.8794,"arabidopsis",704
"9339",15.0689,57.7133,"arabidopsis",666
"9343",18.1512,57.3089,"arabidopsis",502
"9352",16.3675,57.2608,"arabidopsis",574
"9353",16.3675,57.2608,"arabidopsis",574
"9363",18.4045,62.9147,"arabidopsis",704
"9369",14.9986,57.6781,"arabidopsis",666
"9370",14.9986,57.6781,"arabidopsis",666
"9371",18.3175,63.016,"arabidopsis",706
"9380",13.3742,55.7488,"arabidopsis",694
"9381",14.2091,55.8106,"arabidopsis",606
"9382",14.2091,55.8106,"arabidopsis",606
"9383",14.2091,55.8106,"arabidopsis",606
"9386",18.1896,62.806,"arabidopsis",707
"9388",18.1896,62.806,"arabidopsis",707
"9390",15.8979,57.3263,"arabidopsis",569
"9391",15.8979,57.3263,"arabidopsis",569
"9392",15.8979,57.3263,"arabidopsis",569
"9394",16.4063,56.5804,"arabidopsis",492
"9395",15.0105,57.5089,"arabidopsis",640
"9399",13.9905,55.4234,"arabidopsis",648
"9402",14.8549,57.8765,"arabidopsis",641
"9404",13.399,55.7491,"arabidopsis",694
"9405",13.399,55.7491,"arabidopsis",694
"9407",13.399,55.7491,"arabidopsis",694
"9408",13.9519,56.047,"arabidopsis",713
"9409",14.302,56.0573,"arabidopsis",572
"9412",16.1494,57.2746,"arabidopsis",570
"9413",16.1494,57.2746,"arabidopsis",570
"9416",18.3837,57.7215,"arabidopsis",531
"9421",14.3997,55.9745,"arabidopsis",523
"9427",18.4055,62.8815,"arabidopsis",704
"9433",18.2763,62.9513,"arabidopsis",711
"9436",14.6806,56.1633,"arabidopsis",638
"9437",14.6806,56.1633,"arabidopsis",638
"9442",14.3398,55.5678,"arabidopsis",630
"9450",18.2109,57.2545,"arabidopsis",533
"9451",18.2109,57.2545,"arabidopsis",533
"9452",18.2109,57.2545,"arabidopsis",533
"9453",18.5162,57.8009,"arabidopsis",564
"9454",18.5162,57.8009,"arabidopsis",564
"9455",18.5162,57.8009,"arabidopsis",564
"9470",14.8043,57.6511,"arabidopsis",712
"9471",13.9707,56.0648,"arabidopsis",705
"9476",14.3336,55.5796,"arabidopsis",630
"9481",13.8484,55.4242,"arabidopsis",652
"9503",-3.21072,55.8877,"arabidopsis",718
"9506",-7.476146,40.10969,"arabidopsis",1058
"9507",-7.5,38.45,"arabidopsis",579
"9508",-7.11,40.04,"arabidopsis",789
"9509",-7.4,39.29,"arabidopsis",754
"9510",-7.59,38.75,"arabidopsis",636
"9511",-8.02,38.53,"arabidopsis",628
"9512",-7.84,38.22,"arabidopsis",581
"9513",-4.07,38.77,"arabidopsis",442
"9514",-4.54,39.15,"arabidopsis",462
"9515",-6.89,39.72,"arabidopsis",624
"9517",-7.8,42.19,"arabidopsis",1671
"9518",-0.36,39.88,"arabidopsis",427
"9519",2.64,41.94,"arabidopsis",798
"9520",-3.68,41.7,"arabidopsis",378
"9521",2.13,41.43,"arabidopsis",627
"9522",-5.27,36.52,"arabidopsis",730
"9523",-2.66,38.37,"arabidopsis",430
"9524",-0.56,42.52,"arabidopsis",733
"9525",0.54,42.49,"arabidopsis",1171
"9526",2.39,41.54,"arabidopsis",679
"9527",-5.74,40.37,"arabidopsis",883
"9528",-1.37,40.94,"arabidopsis",440
"9529",-3.36,36.97,"arabidopsis",678
"9530",-4.32,38.25,"arabidopsis",521
"9531",-4.54,41.21,"arabidopsis",390
"9532",-4.64,42.23,"arabidopsis",463
"9533",-4.32,41.15,"arabidopsis",406
"9534",-4.65,40.05,"arabidopsis",336
"9535",3.19,42.31,"arabidopsis",546
"9536",-2,40.83,"arabidopsis",549
"9537",-6.66,38.07,"arabidopsis",651
"9539",-6.67,40.29,"arabidopsis",969
"9540",2.34,41.81,"arabidopsis",846
"9541",-5.42,38.26,"arabidopsis",635
"9542",-4.05,40.79,"arabidopsis",850
"9543",-5.39,36.77,"arabidopsis",771
"9544",-5.33,39.4,"arabidopsis",522
"9545",-5.782793,39.3948,"arabidopsis",589
"9546",-1.68601,40.8168,"arabidopsis",513
"9547",2.62,41.67,"arabidopsis",770
"9548",-5,40.4,"arabidopsis",686
"9549",-3.688887,42.22718,"arabidopsis",489
"9550",-5.37,43.05,"arabidopsis",1095
"9551",-5.92,42.28,"arabidopsis",726
"9552",-4.5,40.87,"arabidopsis",404
"9553",-4.70746,41.57614,"arabidopsis",412
"9554",-3.16,38.86,"arabidopsis",433
"9555",-3.931648,39.58133,"arabidopsis",435
"9556",-4.34,39.66,"arabidopsis",415
"9557",0.7,42.46,"arabidopsis",1014
"9558",-5.64,41.57,"arabidopsis",616
"9559",-4.38,38.06,"arabidopsis",487
"9560",-6.24,38.19,"arabidopsis",642
"9561",-5.04,40.71,"arabidopsis",477
"9562",2,41.67,"arabidopsis",708
"9564",-1.6,40.45,"arabidopsis",580
"9565",-1.23,42.97,"arabidopsis",1044
"9567",1.3,42.34,"arabidopsis",1022
"9568",-0.23,42.76,"arabidopsis",1411
"9569",-6.45,42.87,"arabidopsis",1260
"9571",-6.01,43.28,"arabidopsis",1034
"9573",2.99,41.86,"arabidopsis",654
"9574",-2.7,38.6,"arabidopsis",435
"9576",-4.11,40.86,"arabidopsis",733
"9577",2.17,42.34,"arabidopsis",1270
"9578",-6.7,42.13,"arabidopsis",1178
"9579",-3.51,38.33,"arabidopsis",409
"9581",-5.12,42.84,"arabidopsis",712
"9582",-1.63,41.48,"arabidopsis",418
"9583",-3.38,37.09,"arabidopsis",903
"9584",-3.58,41.19,"arabidopsis",580
"9585",-7.39,43.4,"arabidopsis",1293
"9586",-3.27,41.03,"arabidopsis",427
"9587",-1.88,41.5,"arabidopsis",412
"9588",0.6,42.11,"arabidopsis",696
"9589",-2.83,41.6,"arabidopsis",440
"9590",-5.49,43.37,"arabidopsis",925
"9591",-3.59,42.86,"arabidopsis",813
"9592",-5.44,42.1,"arabidopsis",525
"9593",-2.99,42.26,"arabidopsis",687
"9594",1.01,42.04,"arabidopsis",696
"9595",-5.5,40.89,"arabidopsis",435
"9596",-7.45,41.95,"arabidopsis",1747
"9597",-2.53,42.31,"arabidopsis",524
"9598",-6.51,41.88,"arabidopsis",824
"9599",-5.77,42.8,"arabidopsis",912
"9600",-6.04,39.85,"arabidopsis",525
"9601",-1.88,41.85,"arabidopsis",596
"9602",-3.96,40.5,"arabidopsis",380
"9606",-7.45,31.48,"arabidopsis",451
"9607",52.15,53.05,"arabidopsis",532
"9608",59.44,51.37,"arabidopsis",317
"9609",59.98,51.41,"arabidopsis",316
"9610",51.96,53.04,"arabidopsis",533
"9611",51.9,53.04,"arabidopsis",530
"9612",51.94,53.04,"arabidopsis",533
"9613",61.41,55.36,"arabidopsis",436
"9615",52.16,52.99,"arabidopsis",527
"9616",51.96,53.06,"arabidopsis",533
"9617",59.44,51.37,"arabidopsis",317
"9619",79.48,51.84,"arabidopsis",304
"9620",79.48,51.82,"arabidopsis",298
"9621",79.46,51.84,"arabidopsis",303
"9622",85.27,52.52,"arabidopsis",571
"9624",79.37,53.6,"arabidopsis",335
"9625",82.59,51.31,"arabidopsis",607
"9626",82.59,51.36,"arabidopsis",607
"9627",82.55,51.32,"arabidopsis",608
"9628",82.54,51.33,"arabidopsis",608
"9629",82.18,51.35,"arabidopsis",598
"9630",82.16,51.34,"arabidopsis",598
"9631",80.79,51.65,"arabidopsis",334
"9632",80.82,51.67,"arabidopsis",334
"9633",80.83,51.63,"arabidopsis",335
"9634",81.31,54.13,"arabidopsis",350
"9635",80.6,51.87,"arabidopsis",325
"9636",80.82,51.75,"arabidopsis",335
"9637",80.85,51.77,"arabidopsis",340
"9638",80.86,51.73,"arabidopsis",345
"9639",80.31,53.82,"arabidopsis",342
"9640",80.06,51.87,"arabidopsis",311
"9641",80.06,51.9,"arabidopsis",311
"9642",80.06,51.84,"arabidopsis",311
"9643",79.31,52.1,"arabidopsis",309
"9644",18.72,45.07,"arabidopsis",730
"9645",18.7,45.17,"arabidopsis",712
"9646",16.170188,39.126899,"arabidopsis",969
"9647",16.77,40.37,"arabidopsis",625
"9648",16.28,39.48,"arabidopsis",894
"9649",16.17,39.13,"arabidopsis",969
"9651",14.87,40.68,"arabidopsis",1049
"9653",16.13,38.44,"arabidopsis",895
"9655",16.47,38.92,"arabidopsis",969
"9656",17.31,40.64,"arabidopsis",581
"9657",16.04,38.45,"arabidopsis",882
"9658",16.34,38.97,"arabidopsis",955
"9659",14.18,41.18,"arabidopsis",869
"9660",14.57,40.84,"arabidopsis",974
"9661",16.21,39.58,"arabidopsis",867
"9663",14.09,41.33,"arabidopsis",856
"9664",11.2832,46.366,"arabidopsis",796
"9665",11.2832,46.366,"arabidopsis",796
"9666",11.2832,46.366,"arabidopsis",796
"9667",11.2832,46.366,"arabidopsis",796
"9668",11.2837,46.3668,"arabidopsis",796
"9669",11.2837,46.3668,"arabidopsis",796
"9670",11.2837,46.3668,"arabidopsis",796
"9671",11.2837,46.3668,"arabidopsis",796
"9672",11.2837,46.3668,"arabidopsis",796
"9673",11.2837,46.3668,"arabidopsis",796
"9676",11.2866,46.3718,"arabidopsis",796
"9677",11.2866,46.3718,"arabidopsis",796
"9678",11.2866,46.3718,"arabidopsis",796
"9679",11.2928,46.3378,"arabidopsis",647
"9680",11.2928,46.3378,"arabidopsis",647
"9681",11.2928,46.3378,"arabidopsis",647
"9682",11.2928,46.3378,"arabidopsis",647
"9683",11.2928,46.3378,"arabidopsis",647
"9684",11.2928,46.3378,"arabidopsis",647
"9685",11.2928,46.3378,"arabidopsis",647
"9686",11.2928,46.3378,"arabidopsis",647
"9687",11.2928,46.3378,"arabidopsis",647
"9689",11.2928,46.3378,"arabidopsis",647
"9690",11.2928,46.3378,"arabidopsis",647
"9691",11.2928,46.3378,"arabidopsis",647
"9692",11.2928,46.3378,"arabidopsis",647
"9693",11.2928,46.3378,"arabidopsis",647
"9694",11.2928,46.3378,"arabidopsis",647
"9695",11.2928,46.3378,"arabidopsis",647
"9696",11.2928,46.3378,"arabidopsis",647
"9697",23.94,41.62,"arabidopsis",616
"9698",23.85,41.57,"arabidopsis",539
"9699",23.14,41.37,"arabidopsis",495
"9700",23.1,42.32,"arabidopsis",582
"9701",25.91,43.7,"arabidopsis",574
"9703",23.39,41.53,"arabidopsis",542
"9704",23.39,41.53,"arabidopsis",542
"9705",23.33,41.5,"arabidopsis",470
"9706",24.18,41.64,"arabidopsis",638
"9707",24.84,41.57,"arabidopsis",641
"9708",25.35,41.62,"arabidopsis",600
"9709",23.13,41.85,"arabidopsis",522
"9710",23.13,41.85,"arabidopsis",522
"9711",23.1,42.32,"arabidopsis",582
"9712",23.1,42.32,"arabidopsis",582
"9713",25.61,42.49,"arabidopsis",603
"9714",25.75,41.84,"arabidopsis",578
"9716",24.98,41.54,"arabidopsis",638
"9717",25.47,41.66,"arabidopsis",596
"9718",24.75,41.55,"arabidopsis",650
"9719",25.69,41.83,"arabidopsis",576
"9720",25.68,41.77,"arabidopsis",586
"9721",25.33,42.72,"arabidopsis",670
"9722",24.41,41.71,"arabidopsis",639
"9723",23.67,41.42,"arabidopsis",574
"9725",23.08,37.6,"arabidopsis",600
"9726",22.04,37.07,"arabidopsis",737
"9727",21.62,37.63,"arabidopsis",760
"9728",18.9,48.46,"arabidopsis",798
"9729",18.9,48.46,"arabidopsis",798
"9730",18.94,48.47,"arabidopsis",775
"9731",18.9,48.46,"arabidopsis",798
"9732",18.96,48.47,"arabidopsis",775
"9733",18.94,48.47,"arabidopsis",775
"9735",18.94,48.47,"arabidopsis",775
"9736",25.17,44.69,"arabidopsis",565
"9737",22.62,45.95,"arabidopsis",621
"9738",25.42,45.57,"arabidopsis",624
"9739",22.33,46.01,"arabidopsis",647
"9741",23.16,45.84,"arabidopsis",597
"9743",25,45.14,"arabidopsis",631
"9744",27.59,47.16,"arabidopsis",571
"9745",70.05,41.45,"arabidopsis",768
"9747",21.22,44.38,"arabidopsis",651
"9748",21.71,44.23,"arabidopsis",698
"9749",22.29,43.54,"arabidopsis",654
"9754",21.37,44.66,"arabidopsis",665
"9755",22.56,44.56,"arabidopsis",607
"9756",21.08,44.3,"arabidopsis",652
"9757",21.08,44.3,"arabidopsis",652
"9758",88.4,47.75,"arabidopsis",174
"9759",49.47,37.47,"arabidopsis",1062
"9761",35.7,33.92,"arabidopsis",1081
"9762",14.98,37.69,"arabidopsis",682
"9764",35.84,34.1,"arabidopsis",1133
"9766",74.16,42.26,"arabidopsis",458
"9768",9.16,48.57,"arabidopsis",735
"9769",8.99,48.55,"arabidopsis",760
"9770",9.01,48.53,"arabidopsis",760
"9771",9.11,48.56,"arabidopsis",743
"9772",8.85,48.41,"arabidopsis",808
"9774",9.22,48.59,"arabidopsis",735
"9775",8.79,48.41,"arabidopsis",808
"9776",8.79,48.43,"arabidopsis",816
"9777",9.17,48.57,"arabidopsis",735
"9778",8.84,48.41,"arabidopsis",808
"9779",8.78,48.5,"arabidopsis",870
"9780",8.79,48.43,"arabidopsis",816
"9781",9.11,48.52,"arabidopsis",743
"9782",9.09,48.53,"arabidopsis",743
"9783",9.05,48.52,"arabidopsis",760
"9784",8.8,48.5,"arabidopsis",816
"9785",9.02,48.54,"arabidopsis",760
"9786",9.01,48.54,"arabidopsis",760
"9787",9,48.5,"arabidopsis",758
"9788",9.01,48.53,"arabidopsis",760
"9789",8.96,48.39,"arabidopsis",808
"9790",9.18,48.58,"arabidopsis",735
"9791",9.2,48.6,"arabidopsis",750
"9792",9.09,48.54,"arabidopsis",743
"9793",9.16,48.57,"arabidopsis",735
"9794",9.08,48.52,"arabidopsis",743
"9795",9.11,48.5,"arabidopsis",771
"9796",8.84,48.41,"arabidopsis",808
"9797",9.02,48.54,"arabidopsis",760
"9798",9.01,48.54,"arabidopsis",760
"9799",8.85,48.39,"arabidopsis",808
"9800",9.01,48.54,"arabidopsis",760
"9801",9.01,48.54,"arabidopsis",760
"9802",9.11,48.51,"arabidopsis",743
"9803",8.76,48.42,"arabidopsis",870
"9804",8.87,48.45,"arabidopsis",816
"9805",9.09,48.54,"arabidopsis",743
"9806",9.16,48.56,"arabidopsis",735
"9807",9.22,48.6,"arabidopsis",750
"9808",9.08,48.52,"arabidopsis",743
"9809",9.05,48.52,"arabidopsis",760
"9810",9.07,48.53,"arabidopsis",743
"9811",9.05,48.52,"arabidopsis",760
"9812",9.03,48.52,"arabidopsis",760
"9813",8.77,48.4,"arabidopsis",837
"9814",8.79,48.42,"arabidopsis",816
"9815",9.02,48.54,"arabidopsis",760
"9816",9.06,48.55,"arabidopsis",760
"9817",-6.6,39.84,"arabidopsis",596
"9819",-3.03,42.35,"arabidopsis",608
"9820",-4.71,41,"arabidopsis",389
"9821",2.49,41.81,"arabidopsis",872
"9822",-4.02,40.52,"arabidopsis",402
"9823",-5.84,43.34,"arabidopsis",964
"9824",-4.91,42.91,"arabidopsis",815
"9825",-3.88,40.4,"arabidopsis",400
"9826",-6.71,42.49,"arabidopsis",1007
"9827",0.69,42.78,"arabidopsis",1191
"9828",-6.15,42.5,"arabidopsis",946
"9830",-3.28,36.97,"arabidopsis",647
"9831",-3.39072,38.53408,"arabidopsis",438
"9832",-3.68695,40.54208,"arabidopsis",404
"9833",-4.21,40.38,"arabidopsis",350
"9834",-3.9,40.51,"arabidopsis",380
"9835",-6.57,40.61,"arabidopsis",970
"9836",-1.32,41.25,"arabidopsis",418
"9837",-5.6,37.94,"arabidopsis",662
"9838",-5.38,41.83,"arabidopsis",522
"9839",-4.27,40.44,"arabidopsis",374
"9840",-1.43,41.13,"arabidopsis",430
"9841",-4.15,40.59,"arabidopsis",424
"9843",-3.92,40.53,"arabidopsis",401
"9844",0.19,42.27,"arabidopsis",635
"9845",-3.959696,40.47918,"arabidopsis",380
"9846",-3.02,42.31,"arabidopsis",608
"9847",-5.7,43.31,"arabidopsis",936
"9848",-5.77,40.11,"arabidopsis",714
"9849",-4.11,40.65,"arabidopsis",528
"9850",-0.7,42.86,"arabidopsis",1180
"9851",-6.1,42.96,"arabidopsis",1292
"9852",-3.75,40.46,"arabidopsis",404
"9853",-5.91,43.33,"arabidopsis",976
"9854",-5.88,43.36,"arabidopsis",964
"9855",-3.89,40.57,"arabidopsis",396
"9856",-4,40.51,"arabidopsis",374
"9857",-3.8,40.33,"arabidopsis",399
"9858",-3.8,40.98,"arabidopsis",799
"9859",-3.88,40.5,"arabidopsis",395
"9860",-2.62,42.24,"arabidopsis",602
"9861",-3.21,40.72,"arabidopsis",392
"9862",-3.67,40.45,"arabidopsis",415
"9864",2.69,41.76,"arabidopsis",740
"9866",-2.79,41.89,"arabidopsis",569
"9867",-3.218865,40.94151,"arabidopsis",394
"9868",2.37,41.78,"arabidopsis",846
"9869",-5.28,36.76,"arabidopsis",741
"9870",0.17,41.91,"arabidopsis",458
"9871",-3.99,40.75,"arabidopsis",666
"9873",-5.45,37.94,"arabidopsis",633
"9874",-3,42.34,"arabidopsis",608
"9875",-5.87,43.38,"arabidopsis",964
"9876",0.99,41.34,"arabidopsis",600
"9877",-5.6,43.02,"arabidopsis",1049
"9878",-3.62,40.78,"arabidopsis",413
"9879",-1.12,37.6,"arabidopsis",293
"9880",-3.44,42.72,"arabidopsis",697
"9881",-5.32,40.46,"arabidopsis",723
"9882",-4.26,40.46,"arabidopsis",374
"9883",-2.56,42.1,"arabidopsis",707
"9885",-3.68,41.14,"arabidopsis",612
"9886",1.73,42.38,"arabidopsis",980
"9887",-4.77,40.4,"arabidopsis",532
"9888",-3.31,40.93,"arabidopsis",396
"9890",-5.07,43.16,"arabidopsis",979
"9891",2.92,41.93,"arabidopsis",707
"9892",-6.96,42.68,"arabidopsis",1274
"9894",0.76,42.59,"arabidopsis",1448
"9895",2.57,41.78,"arabidopsis",816
"9897",-5.63,40.95,"arabidopsis",559
"9898",-3.58,41.14,"arabidopsis",653
"9899",0.84,42.54,"arabidopsis",1255
"9900",-6.01,37.38,"arabidopsis",533
"9901",-2.98,42.27,"arabidopsis",687
"9902",-3.24,40.71,"arabidopsis",392
"9903",-3.1,42.31,"arabidopsis",624
"9904",-3.31,40.95,"arabidopsis",396
"9905",-4.01,40.76,"arabidopsis",666
"9906",4.25,40,"arabidopsis",545
"9908",3.47,50.72,"arabidopsis",763
"9909",3.3,50.59,"arabidopsis",739
"9910",3.52,50.68,"arabidopsis",773
"9911",4.28,47.16,"arabidopsis",895
"9912",4.55,46.67,"arabidopsis",831
"9914",5.33,47.58,"arabidopsis",840
"9915",3.94,47.45,"arabidopsis",807
"9917",4.34,46.69,"arabidopsis",807
"9918",5.21,47.43,"arabidopsis",803
"9920",4.32,48.54,"arabidopsis",698
"9921",4.41,48.57,"arabidopsis",718
"9924",4.24,48.59,"arabidopsis",678
"9925",4.52,48.91,"arabidopsis",688
"9926",4.1,48.86,"arabidopsis",625
"9927",3.69,44.05,"arabidopsis",825
"9928",3.77,44.12,"arabidopsis",845
"9929",3.71,43.92,"arabidopsis",699
"9930",4.14,43.91,"arabidopsis",755
"9932",4.33,44.12,"arabidopsis",850
"9933",3.89,43.74,"arabidopsis",672
"9935",2.93,50.6,"arabidopsis",704
"9937",2.69,50.79,"arabidopsis",727
"9938",2.99,50.65,"arabidopsis",712
"9939",-7.45,31.48,"arabidopsis",451
"9941",-8.54,40.92,"arabidopsis",1235
"9942",-1.34,41.32,"arabidopsis",431
"9943",-5.74,39.73,"arabidopsis",502
"9944",-6.36,36.83,"arabidopsis",522
"9945",-3.11,41.8,"arabidopsis",466
"9946",-6.34,38.92,"arabidopsis",544
"9947",-3.9,40.74,"arabidopsis",683
"9948",-3.54,41.05,"arabidopsis",467
"9949",-6.93,42.69,"arabidopsis",1274
"9950",0.76,42.63,"arabidopsis",1448
"9951",82.5667,51.3333,"arabidopsis",608
"9952",82.55,51.32,"arabidopsis",608
"9953",82.19,51.33,"arabidopsis",598
"9955",60.46,54.09,"arabidopsis",411
"9956",60.48,54.06,"arabidopsis",406
"9957",51.75,53.04,"arabidopsis",525
"9958",49.48,53.33,"arabidopsis",516
"9959",49.48,53.33,"arabidopsis",516
"9960",57.56,51.31,"arabidopsis",399
"9962",15.32,40.57,"arabidopsis",772
"9963",16.26,39.18,"arabidopsis",927
"9964",16.23,38.36,"arabidopsis",890
"9965",16.22,38.38,"arabidopsis",890
"9966",15.65,40.28,"arabidopsis",800
"9968",16.27,39.27,"arabidopsis",926
"9969",16.45,40.18,"arabidopsis",704
"9970",11.2376,46.3716,"arabidopsis",565
"9971",11.331,46.513,"arabidopsis",766
"9972",11.331,46.513,"arabidopsis",766
"9973",11.2832,46.366,"arabidopsis",796
"9974",11.2928,46.3378,"arabidopsis",647
"9975",11.2928,46.3378,"arabidopsis",647
"9976",11.167,46.2543,"arabidopsis",656
"9978",10.817,46.6297,"arabidopsis",622
"9979",11.23,46.36,"arabidopsis",565
"9980",16.17,38.62,"arabidopsis",918
"9981",16.24,38.76,"arabidopsis",924
"9982",16.47,39.01,"arabidopsis",925
"9983",12.87,41.62,"arabidopsis",947
"9984",12.87,41.62,"arabidopsis",947
"9985",23.65,41.43,"arabidopsis",589
"9986",25.2,41.59,"arabidopsis",637
"9987",23.5,41.43,"arabidopsis",522
"9988",43.4767,41.7942,"arabidopsis",837
"9990",46.2831,41.8296,"arabidopsis",758
"9991",46.3728,41.2381,"arabidopsis",626
"9993",42.2394,38.6425,"arabidopsis",769
"9995",9.4,48.14,"arabidopsis",826
"9996",8.8,48.52,"arabidopsis",855
"9997",9.16,48.56,"arabidopsis",735
"9998",8.82,48.43,"arabidopsis",816
"9999",9.06,48.53,"arabidopsis",760
"10001",9.05,48.52,"arabidopsis",760
"10002",9.04,48.53,"arabidopsis",760
"10004",25.74,44.46,"arabidopsis",558
"10005",21.95,46.11,"arabidopsis",645
"10006",34.3814,44.6419,"arabidopsis",619
"10008",70.05,41.45,"arabidopsis",768
"10009",70.05,41.45,"arabidopsis",768
"10010",70.05,41.45,"arabidopsis",768
"10011",45.3622,39.8692,"arabidopsis",466
"10012",48.5594,38.9786,"arabidopsis",696
"10013",48.6131,38.7406,"arabidopsis",692
"10014",48.7992,38.6536,"arabidopsis",927
"10015",71.3,37.29,"arabidopsis",514
"10017",21.46,44.34,"arabidopsis",665
"10018",20.16,44.84,"arabidopsis",654
"10020",16.5,49.17,"arabidopsis",514
"10022",7.7667,48.0333,"arabidopsis",910
"10023",15.45,68.8,"arabidopsis",1294
"10027",7.765567,48.02838,"arabidopsis",910
"14312",34.12,62.02,"arabidopsis",593
"14313",34.12,62.02,"arabidopsis",593
"14314",35.11,61.59,"arabidopsis",624
"14315",35.11,61.59,"arabidopsis",624
"14318",34.24,61.94,"arabidopsis",589
"14319",34.24,61.94,"arabidopsis",589
"15560",61.37,61.37,"arabidopsis",534
"15591",14.72665,48.3315333,"arabidopsis",845
"15592",14.7158667,48.3314667,"arabidopsis",845
"15593",14.7158667,48.3314667,"arabidopsis",845
"18694",32.09,60.4,"arabidopsis",630
"18696",30.63,61.57,"arabidopsis",611
"19949",14.7181667,48.3268333,"arabidopsis",845
"19950",14.7181667,48.3268333,"arabidopsis",845
"19951",14.7181667,48.3268333,"arabidopsis",845
