"species","snp","chr","pos","p","logp","p_cutoff","cutoff_logp","bonf_cutoff","bonf_logp"
"Arabidopsis","Chr4_13239858.0","4",13239858,1.516849e-12,11.8190576504135,0.002690582,2.57015376756291,1.42731416869084e-08,7.84548042302306
"Arabidopsis","Chr1_26896820.0","1",26896820,5.27056e-12,11.2781432383,0.002690582,2.57015376756291,1.42731416869084e-08,7.84548042302306
"Arabidopsis","Chr1_26904015.0","1",26904015,5.27056e-12,11.2781432383,0.002690582,2.57015376756291,1.42731416869084e-08,7.84548042302306
"Arabidopsis","Chr4_12996784.0","4",12996784,7.269351e-12,11.1385043607641,0.002690582,2.57015376756291,1.42731416869084e-08,7.84548042302306
"Arabidopsis","Chr1_26897202.0","1",26897202,1.746208e-11,10.7579040264541,0.002690582,2.57015376756291,1.42731416869084e-08,7.84548042302306
"Arabidopsis","Chr1_26897210.0","1",26897210,1.746208e-11,10.7579040264541,0.002690582,2.57015376756291,1.42731416869084e-08,7.84548042302306
"Arabidopsis","Chr1_26897227.0","1",26897227,1.746208e-11,10.7579040264541,0.002690582,2.57015376756291,1.42731416869084e-08,7.84548042302306
"Arabidopsis","Chr1_26898980.0","1",26898980,2.861323e-11,10.5434331141627,0.002690582,2.57015376756291,1.42731416869084e-08,7.84548042302306
"Arabidopsis","Chr1_26898513.0","1",26898513,1.40326e-10,9.85286185420051,0.002690582,2.57015376756291,1.42731416869084e-08,7.84548042302306
"Arabidopsis","Chr2_6766181.0","2",6766181,2.787807e-10,9.55473729575923,0.002690582,2.57015376756291,1.42731416869084e-08,7.84548042302306
"Arabidopsis","Chr3_12412254.0","3",12412254,6.530651e-10,9.18504352444994,0.002690582,2.57015376756291,1.42731416869084e-08,7.84548042302306
"Arabidopsis","Chr5_11923984.0","5",11923984,1.0847e-09,8.9646903598432,0.002690582,2.57015376756291,1.42731416869084e-08,7.84548042302306
"Arabidopsis","Chr5_11924008.0","5",11924008,1.0847e-09,8.9646903598432,0.002690582,2.57015376756291,1.42731416869084e-08,7.84548042302306
"Arabidopsis","Chr3_13960065.0","3",13960065,1.404103e-09,8.85260103273976,0.002690582,2.57015376756291,1.42731416869084e-08,7.84548042302306
"Arabidopsis","Chr1_18243888.0","1",18243888,1.930636e-09,8.71429959990931,0.002690582,2.57015376756291,1.42731416869084e-08,7.84548042302306
"Arabidopsis","Chr1_4303226.0","1",4303226,2.837241e-09,8.54710377293703,0.002690582,2.57015376756291,1.42731416869084e-08,7.84548042302306
"Arabidopsis","Chr3_14051620.0","3",14051620,3.66896e-09,8.43545702301483,0.002690582,2.57015376756291,1.42731416869084e-08,7.84548042302306
"Arabidopsis","Chr5_14966117.0","5",14966117,4.331728e-09,8.36333882162377,0.002690582,2.57015376756291,1.42731416869084e-08,7.84548042302306
"Arabidopsis","Chr4_11643396.0","4",11643396,4.9519e-09,8.30522813415892,0.002690582,2.57015376756291,1.42731416869084e-08,7.84548042302306
"Arabidopsis","Chr3_9841858.0","3",9841858,5.554644e-09,8.25534376998863,0.002690582,2.57015376756291,1.42731416869084e-08,7.84548042302306
"Arabidopsis","Chr4_900691.0","4",900691,5.766835e-09,8.23906247439362,0.002690582,2.57015376756291,1.42731416869084e-08,7.84548042302306
"Arabidopsis","Chr4_905513.0","4",905513,5.766835e-09,8.23906247439362,0.002690582,2.57015376756291,1.42731416869084e-08,7.84548042302306
"Arabidopsis","Chr4_906393.0","4",906393,5.766835e-09,8.23906247439362,0.002690582,2.57015376756291,1.42731416869084e-08,7.84548042302306
"Arabidopsis","Chr3_16488422.0","3",16488422,7.436725e-09,8.12861827783626,0.002690582,2.57015376756291,1.42731416869084e-08,7.84548042302306
"Arabidopsis","Chr3_16488497.0","3",16488497,7.436725e-09,8.12861827783626,0.002690582,2.57015376756291,1.42731416869084e-08,7.84548042302306
"Arabidopsis","Chr1_21387265.0","1",21387265,8.204337e-09,8.08595650892843,0.002690582,2.57015376756291,1.42731416869084e-08,7.84548042302306
"Arabidopsis","Chr1_21387268.0","1",21387268,8.204337e-09,8.08595650892843,0.002690582,2.57015376756291,1.42731416869084e-08,7.84548042302306
"Arabidopsis","Chr5_13990510.0","5",13990510,8.887365e-09,8.05122698319049,0.002690582,2.57015376756291,1.42731416869084e-08,7.84548042302306
"Arabidopsis","Chr3_18844691.0","3",18844691,1.108384e-08,7.95530975207229,0.002690582,2.57015376756291,1.42731416869084e-08,7.84548042302306
"Barley","chr3H:140202822\T,\C","3H",140202822,5.114177e-11,10.291224245259,0.00295362,2.52964537988352,1.01593390740372e-07,6.99313454459493
"Barley","chr1H:4379216\G,\A","1H",4379216,2.506187e-10,9.60098652710158,0.00295362,2.52964537988352,1.01593390740372e-07,6.99313454459493
"Barley","chr2H:32065428\T,\G","2H",32065428,4.239663e-10,9.37266866299619,0.00295362,2.52964537988352,1.01593390740372e-07,6.99313454459493
"Barley","chr5H:374080462\A,\G","5H",374080462,5.301421e-10,9.27560770591942,0.00295362,2.52964537988352,1.01593390740372e-07,6.99313454459493
"Barley","chr3H:509739609\A,\C","3H",509739609,1.066258e-09,8.97213769735519,0.00295362,2.52964537988352,1.01593390740372e-07,6.99313454459493
"Barley","chr2H:636962801\G,\T","2H",636962801,2.996172e-09,8.52343325889422,0.00295362,2.52964537988352,1.01593390740372e-07,6.99313454459493
"Barley","chr1H:431099118\A,\G","1H",431099118,3.024729e-09,8.51931352979724,0.00295362,2.52964537988352,1.01593390740372e-07,6.99313454459493
"Barley","chr6H:387051087\G,\C","6H",387051087,5.404177e-09,8.26727043521173,0.00295362,2.52964537988352,1.01593390740372e-07,6.99313454459493
"Barley","chr7H:20555204\T,\C","7H",20555204,5.65496e-09,8.24757046268206,0.00295362,2.52964537988352,1.01593390740372e-07,6.99313454459493
"Barley","chr6H:412070648\G,\T","6H",412070648,7.770415e-09,8.1095557859099,0.00295362,2.52964537988352,1.01593390740372e-07,6.99313454459493
"Barley","chr3H:580673817\T,\G","3H",580673817,8.539281e-09,8.06857869498758,0.00295362,2.52964537988352,1.01593390740372e-07,6.99313454459493
"Barley","chr3H:326965418\A,\G","3H",326965418,9.850387e-09,8.00654670669398,0.00295362,2.52964537988352,1.01593390740372e-07,6.99313454459493
"Barley","chr2H:31251295\T,\G","2H",31251295,1.289987e-08,7.88941466633386,0.00295362,2.52964537988352,1.01593390740372e-07,6.99313454459493
"Barley","chr6H:497899066\C,\T","6H",497899066,1.535131e-08,7.81385455820008,0.00295362,2.52964537988352,1.01593390740372e-07,6.99313454459493
"Barley","chr3H:291558494\T,\G","3H",291558494,2.110244e-08,7.67566732587434,0.00295362,2.52964537988352,1.01593390740372e-07,6.99313454459493
"Barley","chr2H:291574791\C,\T","2H",291574791,2.644037e-08,7.57773247173428,0.00295362,2.52964537988352,1.01593390740372e-07,6.99313454459493
"Barley","chr1H:16534165\A,\G","1H",16534165,3.164207e-08,7.49973511303241,0.00295362,2.52964537988352,1.01593390740372e-07,6.99313454459493
"Barley","chr7H:11293388\A,\C","7H",11293388,3.564929e-08,7.44794911524136,0.00295362,2.52964537988352,1.01593390740372e-07,6.99313454459493
"Barley","chr6H:430076073\C,\G","6H",430076073,3.780328e-08,7.4224705169855,0.00295362,2.52964537988352,1.01593390740372e-07,6.99313454459493
"Barley","chr7H:11291335\T,\C","7H",11291335,4.383028e-08,7.35822575494343,0.00295362,2.52964537988352,1.01593390740372e-07,6.99313454459493
"Barley","chr5H:36311052\A,\C","5H",36311052,5.195943e-08,7.28433562182558,0.00295362,2.52964537988352,1.01593390740372e-07,6.99313454459493
"Barley","chr3H:17964751\C,\T","3H",17964751,6.221076e-08,7.20613449305067,0.00295362,2.52964537988352,1.01593390740372e-07,6.99313454459493
"Barley","chr5H:584100614\T,\G","5H",584100614,6.993561e-08,7.15530163271613,0.00295362,2.52964537988352,1.01593390740372e-07,6.99313454459493
"Barley","chr2H:256158941\G,\T","2H",256158941,7.288171e-08,7.13738144620449,0.00295362,2.52964537988352,1.01593390740372e-07,6.99313454459493
"Barley","chr7H:11289014\A,\G","7H",11289014,9.810947e-08,7.00828907039533,0.00295362,2.52964537988352,1.01593390740372e-07,6.99313454459493
"Rice","9311_chr01:1885416\A,\T","1",1885416,5.809418e-12,11.2358673739864,0.002422437,2.61574750876972,8.0073411303483e-09,8.09651166919833
"Rice","9311_chr03:28306917\A,\G","3",28306917,1.602736e-11,10.7951380080173,0.002422437,2.61574750876972,8.0073411303483e-09,8.09651166919833
"Rice","9311_chr01:1950126\T,\A","1",1950126,2.100987e-10,9.67757663481239,0.002422437,2.61574750876972,8.0073411303483e-09,8.09651166919833
"Rice","9311_chr01:1903115\G,\A","1",1903115,8.574117e-10,9.06681059452405,0.002422437,2.61574750876972,8.0073411303483e-09,8.09651166919833
"Rice","9311_chr07:24804645\C,\T","7",24804645,2.311812e-09,8.63604748629059,0.002422437,2.61574750876972,8.0073411303483e-09,8.09651166919833
"Rice","9311_chr01:43853584\C,\T","1",43853584,2.346627e-09,8.62955593669689,0.002422437,2.61574750876972,8.0073411303483e-09,8.09651166919833
"Rice","9311_chr01:1870176\G,\C","1",1870176,2.468305e-09,8.6076011770404,0.002422437,2.61574750876972,8.0073411303483e-09,8.09651166919833
"Rice","9311_chr01:43853105\T,\C","1",43853105,3.438634e-09,8.46361404698674,0.002422437,2.61574750876972,8.0073411303483e-09,8.09651166919833
"Rice","9311_chr01:1952172\G,\A","1",1952172,6.322167e-09,8.19913403645902,0.002422437,2.61574750876972,8.0073411303483e-09,8.09651166919833
"Rice","9311_chr01:1934089\C,\T","1",1934089,6.573014e-09,8.18223544270575,0.002422437,2.61574750876972,8.0073411303483e-09,8.09651166919833
"Rice","9311_chr01:1878796\C,\A","1",1878796,7.759616e-09,8.11015977013452,0.002422437,2.61574750876972,8.0073411303483e-09,8.09651166919833
"Sorghum","S3_73109960","3",73109960,2.403213e-10,9.61920773538623,0.0001967081,3.70617775643615,6.80281364372304e-07,6.16731142593952
"Sorghum","S1_6520135","1",6520135,5.782322e-10,9.23789772744755,0.0001967081,3.70617775643615,6.80281364372304e-07,6.16731142593952
"Sorghum","S3_67717435","3",67717435,6.380606e-10,9.19513807206916,0.0001967081,3.70617775643615,6.80281364372304e-07,6.16731142593952
"Sorghum","S3_51309108","3",51309108,2.771941e-09,8.55721601780017,0.0001967081,3.70617775643615,6.80281364372304e-07,6.16731142593952
"Sorghum","S3_66554279","3",66554279,3.181393e-09,8.497382678837,0.0001967081,3.70617775643615,6.80281364372304e-07,6.16731142593952
"Sorghum","S6_60419104","6",60419104,4.355237e-09,8.36098820690393,0.0001967081,3.70617775643615,6.80281364372304e-07,6.16731142593952
"Sorghum","S7_12700104","7",12700104,6.597135e-09,8.18064462867456,0.0001967081,3.70617775643615,6.80281364372304e-07,6.16731142593952
"Sorghum","S3_67721899","3",67721899,1.681952e-08,7.77418640237436,0.0001967081,3.70617775643615,6.80281364372304e-07,6.16731142593952
"Sorghum","S7_16986622","7",16986622,1.894876e-08,7.72241920483985,0.0001967081,3.70617775643615,6.80281364372304e-07,6.16731142593952
"Sorghum","S7_12928703","7",12928703,1.901983e-08,7.72079336912268,0.0001967081,3.70617775643615,6.80281364372304e-07,6.16731142593952
"Sorghum","S7_12928708","7",12928708,1.901983e-08,7.72079336912268,0.0001967081,3.70617775643615,6.80281364372304e-07,6.16731142593952
"Sorghum","S7_12095950","7",12095950,1.990304e-08,7.70108058417363,0.0001967081,3.70617775643615,6.80281364372304e-07,6.16731142593952
"Sorghum","S6_43163798","6",43163798,2.072724e-08,7.68345852388644,0.0001967081,3.70617775643615,6.80281364372304e-07,6.16731142593952
"Sorghum","S7_12928570","7",12928570,2.327257e-08,7.63315565473697,0.0001967081,3.70617775643615,6.80281364372304e-07,6.16731142593952
"Sorghum","S7_15228883","7",15228883,2.358563e-08,7.62735251874542,0.0001967081,3.70617775643615,6.80281364372304e-07,6.16731142593952
"Sorghum","S10_57603511","10",57603511,2.500191e-08,7.60202681249696,0.0001967081,3.70617775643615,6.80281364372304e-07,6.16731142593952
"Sorghum","S7_12064372","7",12064372,2.642739e-08,7.5779457261823,0.0001967081,3.70617775643615,6.80281364372304e-07,6.16731142593952
"Sorghum","S7_15726922","7",15726922,2.962052e-08,7.52840732153567,0.0001967081,3.70617775643615,6.80281364372304e-07,6.16731142593952
"Sorghum","S7_17353517","7",17353517,3.138775e-08,7.50323981515714,0.0001967081,3.70617775643615,6.80281364372304e-07,6.16731142593952
"Sorghum","S7_16983098","7",16983098,3.30158e-08,7.48127817495083,0.0001967081,3.70617775643615,6.80281364372304e-07,6.16731142593952
"Sorghum","S7_13166702","7",13166702,3.315798e-08,7.47941193474344,0.0001967081,3.70617775643615,6.80281364372304e-07,6.16731142593952
"Sorghum","S1_68749684","1",68749684,3.696651e-08,7.43219154913713,0.0001967081,3.70617775643615,6.80281364372304e-07,6.16731142593952
"Sorghum","S7_11500185","7",11500185,3.702157e-08,7.43154516775819,0.0001967081,3.70617775643615,6.80281364372304e-07,6.16731142593952
"Sorghum","S4_2833989","4",2833989,3.728057e-08,7.42851745613667,0.0001967081,3.70617775643615,6.80281364372304e-07,6.16731142593952
"Sorghum","S4_2832402","4",2832402,3.729771e-08,7.42831783212949,0.0001967081,3.70617775643615,6.80281364372304e-07,6.16731142593952
"Sorghum","S3_67800335","3",67800335,6.873319e-08,7.16283349943085,0.0001967081,3.70617775643615,6.80281364372304e-07,6.16731142593952
"Sorghum","S3_67800333","3",67800333,8.623782e-08,7.06430223051932,0.0001967081,3.70617775643615,6.80281364372304e-07,6.16731142593952
"Sorghum","S7_15139939","7",15139939,1.477867e-07,6.83036464832625,0.0001967081,3.70617775643615,6.80281364372304e-07,6.16731142593952
"Sorghum","S4_3114782","4",3114782,1.492371e-07,6.82612319883139,0.0001967081,3.70617775643615,6.80281364372304e-07,6.16731142593952
"Sorghum","S10_50880465","10",50880465,1.652967e-07,6.78173581664087,0.0001967081,3.70617775643615,6.80281364372304e-07,6.16731142593952
"Sorghum","S7_15969303","7",15969303,1.802423e-07,6.74414327939044,0.0001967081,3.70617775643615,6.80281364372304e-07,6.16731142593952
"Sorghum","S5_16193996","5",16193996,2.122318e-07,6.67318954253736,0.0001967081,3.70617775643615,6.80281364372304e-07,6.16731142593952
"Sorghum","S7_12928336","7",12928336,2.67768e-07,6.57224132520976,0.0001967081,3.70617775643615,6.80281364372304e-07,6.16731142593952
"Sorghum","S7_12901120","7",12901120,2.680602e-07,6.57176766271797,0.0001967081,3.70617775643615,6.80281364372304e-07,6.16731142593952
"Sorghum","S7_15402463","7",15402463,2.762862e-07,6.55864080677196,0.0001967081,3.70617775643615,6.80281364372304e-07,6.16731142593952
"Sorghum","S7_13649433","7",13649433,2.798891e-07,6.55301401436709,0.0001967081,3.70617775643615,6.80281364372304e-07,6.16731142593952
"Sorghum","S7_12457870","7",12457870,2.877249e-07,6.54102255220539,0.0001967081,3.70617775643615,6.80281364372304e-07,6.16731142593952
"Sorghum","S7_12939752","7",12939752,2.899837e-07,6.5376264131321,0.0001967081,3.70617775643615,6.80281364372304e-07,6.16731142593952
"Sorghum","S7_12939754","7",12939754,2.899837e-07,6.5376264131321,0.0001967081,3.70617775643615,6.80281364372304e-07,6.16731142593952
"Sorghum","S7_15790315","7",15790315,2.98379e-07,6.52523174589459,0.0001967081,3.70617775643615,6.80281364372304e-07,6.16731142593952
"Sorghum","S7_12779889","7",12779889,3.010371e-07,6.52137997838492,0.0001967081,3.70617775643615,6.80281364372304e-07,6.16731142593952
"Sorghum","S7_11500279","7",11500279,3.123248e-07,6.50539352945688,0.0001967081,3.70617775643615,6.80281364372304e-07,6.16731142593952
"Sorghum","S7_13173260","7",13173260,3.833715e-07,6.41638017589404,0.0001967081,3.70617775643615,6.80281364372304e-07,6.16731142593952
"Sorghum","S7_12203445","7",12203445,3.961076e-07,6.4021868248353,0.0001967081,3.70617775643615,6.80281364372304e-07,6.16731142593952
"Sorghum","S1_5885244","1",5885244,4.027489e-07,6.39496563706537,0.0001967081,3.70617775643615,6.80281364372304e-07,6.16731142593952
"Sorghum","S7_12939166","7",12939166,4.170919e-07,6.37976824414952,0.0001967081,3.70617775643615,6.80281364372304e-07,6.16731142593952
"Sorghum","S7_12939168","7",12939168,4.170919e-07,6.37976824414952,0.0001967081,3.70617775643615,6.80281364372304e-07,6.16731142593952
"Sorghum","S7_12939211","7",12939211,4.170919e-07,6.37976824414952,0.0001967081,3.70617775643615,6.80281364372304e-07,6.16731142593952
"Sorghum","S7_14791484","7",14791484,4.347395e-07,6.36177089845033,0.0001967081,3.70617775643615,6.80281364372304e-07,6.16731142593952
"Sorghum","S7_15385333","7",15385333,4.978386e-07,6.30291143332587,0.0001967081,3.70617775643615,6.80281364372304e-07,6.16731142593952
"Sorghum","S7_12904877","7",12904877,5.260911e-07,6.27893904519692,0.0001967081,3.70617775643615,6.80281364372304e-07,6.16731142593952
"Sorghum","S7_37040789","7",37040789,5.904409e-07,6.22882356644741,0.0001967081,3.70617775643615,6.80281364372304e-07,6.16731142593952
"Sorghum","S7_12810119","7",12810119,5.961991e-07,6.2246086838977,0.0001967081,3.70617775643615,6.80281364372304e-07,6.16731142593952
"Sorghum","S1_3489387","1",3489387,6.171067e-07,6.20963973837376,0.0001967081,3.70617775643615,6.80281364372304e-07,6.16731142593952
"Sorghum","S7_16659083","7",16659083,6.619134e-07,6.1791988268176,0.0001967081,3.70617775643615,6.80281364372304e-07,6.16731142593952
"Sorghum","S7_14639006","7",14639006,6.644512e-07,6.17753690990405,0.0001967081,3.70617775643615,6.80281364372304e-07,6.16731142593952
