"Lines","Long","Lat","crop","am_roots_colonized_value"
"PI526387",29.7,-16.8,"pearl_millet",NA
"PI526339",32.16666667,-18.7,"pearl_millet",NA
"PI526300",31.88333333,-19.28333333,"pearl_millet",NA
"PI526301",31.88333333,-19.28333333,"pearl_millet",NA
"PI526302",31.88333333,-19.28333333,"pearl_millet",NA
"PI526303",31.88333333,-19.28333333,"pearl_millet",NA
"PI526304",31.88333333,-19.28333333,"pearl_millet",NA
"PI526305",31.88333333,-19.28333333,"pearl_millet",NA
"PI526277",31.45,-19.33333333,"pearl_millet",NA
"PI526278",31.45,-19.33333333,"pearl_millet",NA
"PI526279",31.45,-19.33333333,"pearl_millet",NA
"PI526280",31.45,-19.33333333,"pearl_millet",NA
"PI526281",31.45,-19.33333333,"pearl_millet",NA
"PI526282",31.45,-19.33333333,"pearl_millet",NA
"PI526283",31.45,-19.38333333,"pearl_millet",0.467448085546494
"PI526285",31.45,-19.38333333,"pearl_millet",0.467448085546494
"PI526286",31.45,-19.38333333,"pearl_millet",0.467448085546494
"PI526272",31.58333333,-19.41666667,"pearl_millet",NA
"PI526273",31.58333333,-19.41666667,"pearl_millet",NA
"PI526274",31.58333333,-19.41666667,"pearl_millet",NA
"PI526275",31.58333333,-19.41666667,"pearl_millet",NA
"PI526276",31.58333333,-19.41666667,"pearl_millet",NA
"PI526313",31.75,-19.43333333,"pearl_millet",NA
"PI526314",31.75,-19.43333333,"pearl_millet",NA
"PI526315",31.75,-19.46666667,"pearl_millet",NA
"PI526293",31.63333333,-19.5,"pearl_millet",NA
"PI526294",31.63333333,-19.5,"pearl_millet",NA
"PI526295",31.63333333,-19.5,"pearl_millet",NA
"PI526270",31.8,-19.5,"pearl_millet",NA
"PI526271",31.8,-19.5,"pearl_millet",NA
"PI526296",31.63333333,-19.51666667,"pearl_millet",NA
"PI526297",31.63333333,-19.51666667,"pearl_millet",NA
"PI526298",31.63333333,-19.51666667,"pearl_millet",NA
"PI526299",31.63333333,-19.51666667,"pearl_millet",NA
"PI526337",31.21666667,-19.63333333,"pearl_millet",NA
"PI526287",31.5,-19.63333333,"pearl_millet",NA
"PI526288",31.5,-19.63333333,"pearl_millet",NA
"PI526289",31.5,-19.63333333,"pearl_millet",NA
"PI526290",31.5,-19.63333333,"pearl_millet",NA
"PI526292",31.58333333,-19.63333333,"pearl_millet",NA
"PI526291",31.8,-19.71666667,"pearl_millet",NA
"PI526340",31.8,-19.71666667,"pearl_millet",NA
"PI526341",31.8,-19.71666667,"pearl_millet",NA
"PI526342",31.8,-19.71666667,"pearl_millet",NA
"PI526343",31.8,-19.71666667,"pearl_millet",NA
"PI526344",31.8,-19.71666667,"pearl_millet",NA
"PI526345",31.8,-19.71666667,"pearl_millet",NA
"PI526268",30.78333333,-19.88333333,"pearl_millet",NA
"PI526269",30.78333333,-19.88333333,"pearl_millet",NA
"PI526306",32.33333333,-19.91666667,"pearl_millet",NA
"PI526307",32.33333333,-19.91666667,"pearl_millet",NA
"PI526308",32.33333333,-19.91666667,"pearl_millet",NA
"PI526309",32.33333333,-19.91666667,"pearl_millet",NA
"PI526310",32.33333333,-19.91666667,"pearl_millet",NA
"PI526311",32.33333333,-19.91666667,"pearl_millet",NA
"PI526312",32.33333333,-19.91666667,"pearl_millet",NA
"PI526336",31.05,-20.25,"pearl_millet",NA
"PI526328",30.08333333,-20.33333333,"pearl_millet",NA
"PI526329",30.08333333,-20.33333333,"pearl_millet",NA
"PI526330",30.08333333,-20.33333333,"pearl_millet",NA
"PI526331",30.08333333,-20.33333333,"pearl_millet",NA
"PI526332",30.08333333,-20.33333333,"pearl_millet",NA
"PI526333",30.08333333,-20.33333333,"pearl_millet",NA
"PI526334",30.7,-20.41666667,"pearl_millet",0.324443697929382
"PI526335",30.7,-20.41666667,"pearl_millet",0.324443697929382
"PI526316",30.75,-20.75,"pearl_millet",0.324443697929382
"PI526318",30.75,-20.75,"pearl_millet",0.324443697929382
"PI526319",30.75,-20.9,"pearl_millet",NA
"PI526320",30.75,-20.9,"pearl_millet",NA
"PI526321",30.75,-20.9,"pearl_millet",NA
"PI526322",30.75,-20.9,"pearl_millet",NA
"PI526324",30.63333333,-20.93333333,"pearl_millet",NA
"PI526325",30.63333333,-20.93333333,"pearl_millet",NA
"PI526326",30.63333333,-20.93333333,"pearl_millet",NA
"PI526327",30.63333333,-20.93333333,"pearl_millet",NA
"PI511045",43.81666667,13.58333333,"pearl_millet",NA
"PI511025",44.01666667,13.58333333,"pearl_millet",0.0374746099114418
"PI511046",43.25,13.8,"pearl_millet",NA
"PI511051",43.4,14.13333333,"pearl_millet",NA
"PI511027",43.31666667,14.2,"pearl_millet",NA
"PI511031",43.38333333,14.36666667,"pearl_millet",NA
"PI511047",43.33333333,14.51666667,"pearl_millet",NA
"PI511049",43.3,14.68333333,"pearl_millet",NA
"PI511048",42.95,14.78333333,"pearl_millet",NA
"PI511035",43.25,14.98333333,"pearl_millet",NA
"PI511029",43,15.16666667,"pearl_millet",NA
"PI511032",43.2,15.28333333,"pearl_millet",NA
"PI511033",43.2,15.28333333,"pearl_millet",NA
"PI511030",43,15.33333333,"pearl_millet",NA
"PI511036",43.58333333,15.5,"pearl_millet",0.0374746099114418
"PI511039",42.96666667,15.65,"pearl_millet",NA
"PI511044",43.3,16.01666667,"pearl_millet",0.0850896686315536
"PI511038",43.7,16.05,"pearl_millet",NA
"PI511041",43.63333333,16.21666667,"pearl_millet",0.365921407938004
"PI511052",44.08333333,16.26666667,"pearl_millet",NA
"PI511042",43.51666667,16.28333333,"pearl_millet",0.365921407938004
"PI511043",43.51666667,16.28333333,"pearl_millet",0.365921407938004
"PI511040",43.71666667,16.3,"pearl_millet",0.0374746099114418
"PLS302",-16.3833333,13.61,"pearl_millet",NA
"PLS27",-16.03855,13.6101833,"pearl_millet",NA
"PLS29",-15.6044528,13.6163667,"pearl_millet",NA
"PLS30",-15.6427194,13.6271222,"pearl_millet",NA
"PLS308",-15.6333333,13.65,"pearl_millet",NA
"PLS310",-15.5833333,13.65,"pearl_millet",NA
"PLS304",-16.1166667,13.6833333,"pearl_millet",NA
"PLS32",-15.8300556,13.6906139,"pearl_millet",NA
"PLS307",-15.8333333,13.7,"pearl_millet",NA
"PLS31",-15.4333333,13.7166667,"pearl_millet",NA
"PLS305",-16,13.7333333,"pearl_millet",NA
"PLS38",-15.9983472,13.767475,"pearl_millet",NA
"PLS309",-15.5870111,13.7712611,"pearl_millet",NA
"PLS312",-15.75,13.7833333,"pearl_millet",NA
"PLS40",-16.3272472,13.8009361,"pearl_millet",NA
"PLS320",-15.4020417,13.8100139,"pearl_millet",NA
"PLS12",-15.4367417,13.8195611,"pearl_millet",NA
"PLS39",-16.266913,13.8246013,"pearl_millet",NA
"PLS18",-15.1375889,13.8250611,"pearl_millet",NA
"PLS19",-15.1830944,13.8275306,"pearl_millet",NA
"PLS319",-15.4053444,13.8279611,"pearl_millet",NA
"PLS25",-15.4333333,13.8333333,"pearl_millet",NA
"PLS26",-15.4166667,13.8333333,"pearl_millet",NA
"PLS313",-15.6333333,13.8666667,"pearl_millet",NA
"PLS24",-15.6676472,13.9137639,"pearl_millet",NA
"PLS33",-16.1872222,13.93205,"pearl_millet",NA
"PLS35",-15.9456917,13.9391,"pearl_millet",NA
"PLS36",-15.9501944,13.9629556,"pearl_millet",NA
"PLS325",-14.9407421,13.9749165,"pearl_millet",NA
"PLS20",-14.8,13.9833333,"pearl_millet",NA
"PLS326",-14.7666667,14,"pearl_millet",NA
"PLS322",-15.3,14.0166667,"pearl_millet",NA
"PLS37",-16.0333333,14.0166667,"pearl_millet",NA
"PLS318",-15.4781766,14.0187757,"pearl_millet",NA
"PLS317",-15.4781766,14.0187758,"pearl_millet",NA
"PLS23",-15.6454861,14.0354139,"pearl_millet",NA
"PLS54",-16.3180106,14.0391658,"pearl_millet",NA
"PLS22",-15.161725,14.04475,"pearl_millet",NA
"PLS303",-16.0493222,14.0572194,"pearl_millet",NA
"PLS314",-15.9332694,14.0692806,"pearl_millet",NA
"PLS301",-16.1333333,14.0833333,"pearl_millet",NA
"PLS44",-16.0683861,14.0858917,"pearl_millet",NA
"PLS43",-16.1672278,14.0889639,"pearl_millet",NA
"PLS42",-15.6166667,14.1,"pearl_millet",NA
"PLS316",-15.7362926,14.1180348,"pearl_millet",NA
"PLS10",-15.8833333,14.1333333,"pearl_millet",NA
"PLS11",-15.75,14.1333333,"pearl_millet",NA
"PLS315",-15.55,14.1333333,"pearl_millet",NA
"PLS321",-14.9898724,14.145301,"pearl_millet",NA
"PLS13",-15.4333333,14.1833333,"pearl_millet",NA
"PLS45",-16.2333333,14.2166667,"pearl_millet",NA
"PLS49",-16.6050944,14.2265278,"pearl_millet",NA
"PLS48",-16.5775917,14.2271944,"pearl_millet",NA
"PLS47",-16.75,14.2833306,"pearl_millet",NA
"PLS14",-15.3,14.2833333,"pearl_millet",NA
"PLS170",-16.8666667,14.3,"pearl_millet",NA
"PLS167",-16.7329627,14.302254,"pearl_millet",NA
"PLS56",-16.7404556,14.3469806,"pearl_millet",NA
"PLS171",-16.8166667,14.35,"pearl_millet",NA
"PLS57",-16.7076972,14.3610444,"pearl_millet",NA
"PLS15",-15.2,14.3666667,"pearl_millet",NA
"PLS166",-16.7072358,14.389505,"pearl_millet",NA
"PLS50",-16.6609008,14.3906214,"pearl_millet",NA
"PLS66",-16.2166667,14.4166667,"pearl_millet",NA
"PLS224",-16.8,14.4333333,"pearl_millet",NA
"PLS175",-16.9333333,14.45,"pearl_millet",NA
"PLS176",-17.01,14.4572222,"pearl_millet",NA
"PLS174",-16.95,14.4833333,"pearl_millet",NA
"PLS61",-16.4333333,14.5333333,"pearl_millet",NA
"PLS177",-17.0636111,14.5402778,"pearl_millet",0.467428714036942
"PLS67",-16.2559861,14.5422417,"pearl_millet",NA
"PLS179",-17.1138889,14.5575,"pearl_millet",0.467428714036942
"PLS178",-17.0655556,14.5577778,"pearl_millet",0.467428714036942
"PLS197",-17.1255556,14.565,"pearl_millet",0.467428714036942
"PLS162",-16.6166667,14.5666667,"pearl_millet",NA
"PLS129",-15.95,14.5666668,"pearl_millet",NA
"PLS97",-16.15,14.6,"pearl_millet",NA
"PLS98",-16.2080732,14.6027949,"pearl_millet",NA
"PLS95",-16.152225,14.6150667,"pearl_millet",NA
"PLS91",-16.4608167,14.6217833,"pearl_millet",NA
"PLS90",-16.3946333,14.6261167,"pearl_millet",NA
"PLS180",-17.1058333,14.6275,"pearl_millet",0.467428714036942
"PLS173",-16.7617644,14.6286623,"pearl_millet",NA
"PLS155",-17.0877778,14.6391667,"pearl_millet",0.467428714036942
"PLS70",-16.5052667,14.6403833,"pearl_millet",NA
"PLS94",-16.4346972,14.6417722,"pearl_millet",NA
"PLS93",-16.3234063,14.6453144,"pearl_millet",NA
"PLS84",-16.3363167,14.6623333,"pearl_millet",NA
"PLS107",-16.3333333,14.6666667,"pearl_millet",NA
"PLS69",-16.5333333,14.6666667,"pearl_millet",NA
"PLS89",-16.3530667,14.6749667,"pearl_millet",NA
"PLS159",-16.85,14.6833333,"pearl_millet",NA
"PLS160",-16.7166667,14.6833333,"pearl_millet",NA
"PLS161",-16.65,14.6833333,"pearl_millet",NA
"PLS92",-16.47535,14.6869,"pearl_millet",NA
"PLS158",-16.95,14.7,"pearl_millet",NA
"PLS68",-16.5211833,14.71015,"pearl_millet",NA
"PLS130",-15.8333333,14.7166667,"pearl_millet",NA
"PLS72",-16.5672833,14.7211167,"pearl_millet",NA
"PLS77",-16.5631333,14.7219833,"pearl_millet",NA
"PLS127",-15.8300472,14.7227944,"pearl_millet",NA
"PLS131",-16,14.7333333,"pearl_millet",NA
"PLS201",-16.4166667,14.7333333,"pearl_millet",NA
"PLS87",-16.4,14.7333333,"pearl_millet",NA
"PLS101",-16.1095806,14.7399028,"pearl_millet",NA
"PLS85",-16.3833333,14.75,"pearl_millet",NA
"PLS103",-16.3499821,14.754799,"pearl_millet",NA
"PLS73",-16.5764167,14.7609667,"pearl_millet",NA
"PLS79",-16.7972333,14.7638833,"pearl_millet",NA
"PLS111",-16.3,14.7666667,"pearl_millet",NA
"PLS71",-16.6333333,14.7666667,"pearl_millet",NA
"PLS82",-16.45,14.7666667,"pearl_millet",NA
"PLS207",-16.5331047,14.771725,"pearl_millet",NA
"PLS203",-16.5334667,14.7727167,"pearl_millet",NA
"PLS199",-16.5334667,14.7727169,"pearl_millet",NA
"PLS206",-16.5334667,14.772718,"pearl_millet",NA
"PLS74",-16.6055667,14.7922833,"pearl_millet",NA
"PLS214",-16.5469693,14.7974192,"pearl_millet",NA
"PLS213",-16.5469693,14.7974194,"pearl_millet",NA
"PLS212",-16.5469833,14.7981,"pearl_millet",NA
"PLS120",-16.0166667,14.8,"pearl_millet",NA
"PLS200",-16.5528833,14.8021244,"pearl_millet",NA
"PLS220",-16.5528833,14.8021248,"pearl_millet",NA
"PLS75",-16.5363111,14.8023333,"pearl_millet",NA
"PLS209",-16.57075,14.8056833,"pearl_millet",NA
"PLS83",-16.4113611,14.8144917,"pearl_millet",NA
"PLS153",-16.7666667,14.8166667,"pearl_millet",NA
"PLS217",-16.4457722,14.819375,"pearl_millet",NA
"PLS211",-16.4164,14.82355,"pearl_millet",NA
"PLS104",-16.15,14.8333333,"pearl_millet",NA
"PLS113",-16.1572591,14.8564659,"pearl_millet",NA
"PLS118",-15.9833333,14.8666667,"pearl_millet",0.334864914417267
"PLS112",-16.2166667,14.8833333,"pearl_millet",NA
"PLS106",-16.2036778,14.8943722,"pearl_millet",NA
"PLS121",-15.9541139,14.8964472,"pearl_millet",0.334864914417267
"PLS204",-16.4450861,14.9008778,"pearl_millet",NA
"PLS182",-16.861726,14.9053549,"pearl_millet",NA
"PLS223",-16.2700694,14.9110528,"pearl_millet",NA
"PLS184",-16.9333333,14.9166667,"pearl_millet",NA
"PLS116",-16.2,14.9333333,"pearl_millet",NA
"PLS185",-16.9833333,14.9333333,"pearl_millet",NA
"PLS198",-16.3666667,14.9333333,"pearl_millet",NA
"PLS221",-16.3741,14.9380417,"pearl_millet",NA
"PLS147",-16.4190528,14.9394361,"pearl_millet",NA
"PLS123",-15.8833333,14.95,"pearl_millet",0.334864914417267
"PLS181",-16.9833333,14.95,"pearl_millet",NA
"PLS115",-16.2989732,14.9533414,"pearl_millet",NA
"PLS114",-16.3308025,14.9600008,"pearl_millet",NA
"PLS125",-15.7833333,14.9666667,"pearl_millet",0.334864914417267
"PLS183",-16.9,14.9666667,"pearl_millet",NA
"PLS46",-16.8666667,14.9666667,"pearl_millet",NA
"PLS80",-16.46045,14.9720333,"pearl_millet",NA
"PLS216",-16.7584134,14.9971074,"pearl_millet",NA
"PLS222",-16.7584134,14.997108,"pearl_millet",NA
"PLS151",-16.4166667,15,"pearl_millet",NA
"PLS88",-16.4048139,15.0010361,"pearl_millet",NA
"PLS235",-16.2503158,15.0376971,"pearl_millet",NA
"PLS230",-16.2503158,15.0376975,"pearl_millet",NA
"PLS137",-16.3333333,15.0666667,"pearl_millet",NA
"PLS202",-16.6216667,15.1097222,"pearl_millet",NA
"PLS196",-16.68,15.1175,"pearl_millet",0.128925502300262
"PLS208",-16.6568056,15.1287972,"pearl_millet",NA
"PLS189",-16.1166667,15.1666667,"pearl_millet",NA
"PLS138",-16.5697222,15.1769444,"pearl_millet",NA
"PLS195",-16.7425,15.1769444,"pearl_millet",NA
"PLS192",-16.6666667,15.2333333,"pearl_millet",NA
"PLS186",-16.5166667,15.25,"pearl_millet",NA
"PLS191",-16.6833333,15.3,"pearl_millet",NA
"PLS187",-16.5428,15.3667722,"pearl_millet",NA
"PLS226",-16.2166667,15.5333333,"pearl_millet",NA
"PLS190",-16.5333333,15.5666667,"pearl_millet",NA
"PLS124",-16.0477778,15.6502778,"pearl_millet",NA
"PLS188",-16.3,15.8333333,"pearl_millet",NA
