Phenotype,Orthogroup,Gene_count,Maize_gene,Maize_pvalue_max,Sorghum_gene,Sorghum_pvalue_max,Rice_gene,Rice_pvalue_max,Barley_gene,Barley_pvalue_max,Arabidopsis_gene,Arabidopsis_pvalue_max
aridity_index,381908at2759,4,Zm00001eb426230,Zm00001eb426230:0.00224502,SORBI_3001G003600,SORBI_3001G003600:2.47052e-05,,,HORVU.MOREX.r3.2HG0198640,HORVU.MOREX.r3.2HG0198640:0.00185119,AT2G30310;AT5G63170,AT2G30310:0.000174592;AT5G63170:0.000279127
aridity_index,4805980at2759,4,Zm00001eb113170;Zm00001eb131190,Zm00001eb113170:0.00224464;Zm00001eb131190:0.00369207,SORBI_3008G073700,SORBI_3008G073700:3.80721e-05,,,HORVU.MOREX.r3.4HG0411760;HORVU.MOREX.r3.6HG0623790,HORVU.MOREX.r3.4HG0411760:0.00135058;HORVU.MOREX.r3.6HG0623790:0.00285093,AT2G35780;AT3G07990,AT2G35780:0.000134429;AT3G07990:0.000348054
aridity_index,5017799at2759,4,Zm00001eb112250;Zm00001eb396970,Zm00001eb112250:0.00369062;Zm00001eb396970:0.00403071,SORBI_3008G071300,SORBI_3008G071300:1.56919e-05,LOC_Os04g04520,LOC_Os04g04520:0.0035853,,,AT1G34750;AT4G28400;AT4G31750,AT1G34750:0.000982463;AT4G28400:0.000146392;AT4G31750:0.00110032
aridity_index,627237at2759,4,Zm00001eb046210;Zm00001eb053220;Zm00001eb126980,Zm00001eb046210:0.00297066;Zm00001eb053220:0.00126864;Zm00001eb126980:5.23208e-06,SORBI_3004G276200,SORBI_3004G276200:8.33691e-07,,,HORVU.MOREX.r3.1HG0041600,HORVU.MOREX.r3.1HG0041600:0.000233948,AT1G12110;AT1G32450;AT1G59740;AT3G45680;AT5G62680,AT1G12110:0.000380708;AT1G32450:0.000361684;AT1G59740:0.000451397;AT3G45680:0.000135427;AT5G62680:0.000687729
aridity_index,640662at2759,4,Zm00001eb022050;Zm00001eb067730;Zm00001eb068210;Zm00001eb425840,Zm00001eb022050:0.000785826;Zm00001eb067730:0.000703317;Zm00001eb068210:0.00380364;Zm00001eb425840:0.00305112,,,LOC_Os01g07870;LOC_Os08g03020,LOC_Os01g07870:0.00355156;LOC_Os08g03020:0.00181297,HORVU.MOREX.r3.1HG0054280;HORVU.MOREX.r3.5HG0446790;HORVU.MOREX.r3.6HG0546360;HORVU.MOREX.r3.6HG0615810;HORVU.MOREX.r3.6HG0618250,HORVU.MOREX.r3.1HG0054280:0.00241272;HORVU.MOREX.r3.5HG0446790:0.000873083;HORVU.MOREX.r3.6HG0546360:0.0023604;HORVU.MOREX.r3.6HG0615810:0.00123044;HORVU.MOREX.r3.6HG0618250:0.00255179,AT4G11290;AT4G30170;AT4G37520;AT5G05340,AT4G11290:0.000361307;AT4G30170:0.00108672;AT4G37520:0.000538612;AT5G05340:0.000402701
aridity_index,665330at2759,4,Zm00001eb156040,Zm00001eb156040:0.000262002,,,LOC_Os01g01410,LOC_Os01g01410:0.00346592,HORVU.MOREX.r3.3HG0227830,HORVU.MOREX.r3.3HG0227830:0.00255344,AT1G68840,AT1G68840:0.00093856
aridity_index,755348at2759,4,Zm00001eb031840,Zm00001eb031840:0.00166937,,,LOC_Os05g04850,LOC_Os05g04850:0.00290344,HORVU.MOREX.r3.2HG0206000,HORVU.MOREX.r3.2HG0206000:0.00232004,AT5G58460,AT5G58460:0.000120977
aridity_index,110285at2759,3,Zm00001eb129370,Zm00001eb129370:0.000834174,,,LOC_Os01g02830,LOC_Os01g02830:0.000903775,,,AT5G60700,AT5G60700:0.000538553
aridity_index,158457at33090,3,Zm00001eb062910,Zm00001eb062910:0.00332084,,,LOC_Os08g05250,LOC_Os08g05250:0.000227641,,,AT1G06400;AT2G43130;AT5G59150,AT1G06400:0.000329173;AT2G43130:2.82842e-05;AT5G59150:0.000421863
aridity_index,159147at3193,3,Zm00001eb071550;Zm00001eb430440,Zm00001eb071550:0.00187251;Zm00001eb430440:0.00289579,SORBI_3006G206800,SORBI_3006G206800:2.93525e-06,,,,,AT5G57110,AT5G57110:0.000316141
aridity_index,168202at33090,3,Zm00001eb332830;Zm00001eb356140;Zm00001eb430920,Zm00001eb332830:0.000927005;Zm00001eb356140:0.000633694;Zm00001eb430920:0.00384338,,,,,HORVU.MOREX.r3.7HG0750280,HORVU.MOREX.r3.7HG0750280:0.00315561,AT5G43810,AT5G43810:0.000206181
aridity_index,192930at3193,3,Zm00001eb134490,Zm00001eb134490:0.00274166,,,,,HORVU.MOREX.r3.5HG0425520,HORVU.MOREX.r3.5HG0425520:0.000178137,AT5G62310,AT5G62310:0.000189619
aridity_index,2547374at2759,3,Zm00001eb208540,Zm00001eb208540:0.00231228,,,,,HORVU.MOREX.r3.4HG0393620,HORVU.MOREX.r3.4HG0393620:0.00215336,AT5G01670;AT5G62420,AT5G01670:0.00103839;AT5G62420:0.000745654
aridity_index,2663474at2759,3,,,,,LOC_Os10g04640,LOC_Os10g04640:0.00314176,HORVU.MOREX.r3.1HG0040810,HORVU.MOREX.r3.1HG0040810:0.00262916,AT5G51570,AT5G51570:0.000927216
aridity_index,413980at3193,3,Zm00001eb205810,Zm00001eb205810:0.00253405,SORBI_3004G083000,SORBI_3004G083000:2.11667e-05,,,,,AT5G47730,AT5G47730:0.000473335
aridity_index,434009at2759,3,Zm00001eb395470,Zm00001eb395470:0.000909076,,,,,HORVU.MOREX.r3.5HG0425710,HORVU.MOREX.r3.5HG0425710:0.00180675,AT3G03650,AT3G03650:0.000719757
aridity_index,459946at2759,3,Zm00001eb197020,Zm00001eb197020:0.00177543,,,LOC_Os08g02900,LOC_Os08g02900:0.00141873,,,AT1G05670,AT1G05670:0.000566161
aridity_index,4750521at2759,3,Zm00001eb357800,Zm00001eb357800:0.000851799,,,,,HORVU.MOREX.r3.6HG0593390,HORVU.MOREX.r3.6HG0593390:0.000767069,AT5G50800,AT5G50800:0.000261659
aridity_index,4782124at2759,3,Zm00001eb057860,Zm00001eb057860:0.00326921,,,LOC_Os05g05020,LOC_Os05g05020:0.00346919,,,AT4G30360;AT5G57940,AT4G30360:0.00107912;AT5G57940:0.00029832
aridity_index,4804397at2759,3,,,,,LOC_Os05g01690,LOC_Os05g01690:0.00339964,HORVU.MOREX.r3.5HG0518960,HORVU.MOREX.r3.5HG0518960:0.0022966,AT3G04780;AT3G08710,AT3G04780:1.68287e-08;AT3G08710:5.38517e-07
aridity_index,4809112at2759,3,,,SORBI_3007G091100,SORBI_3007G091100:3.5554e-07,LOC_Os12g01510,LOC_Os12g01510:0.00287823,,,AT4G36350,AT4G36350:5.23245e-05
aridity_index,485902at3193,3,Zm00001eb206740,Zm00001eb206740:0.00319241,,,,,HORVU.MOREX.r3.2HG0186630,HORVU.MOREX.r3.2HG0186630:0.00080883,AT4G38930,AT4G38930:0.000531535
aridity_index,4932230at2759,3,Zm00001eb418370,Zm00001eb418370:0.0022451,,,,,HORVU.MOREX.r3.3HG0273790,HORVU.MOREX.r3.3HG0273790:2.78262e-06,AT4G18140,AT4G18140:0.000740451
aridity_index,4932650at2759,3,Zm00001eb315040,Zm00001eb315040:0.00159037,,,LOC_Os09g04600,LOC_Os09g04600:0.0013485,,,AT1G71000,AT1G71000:0.000203436
aridity_index,4935827at2759,3,Zm00001eb036890;Zm00001eb129020;Zm00001eb289180,Zm00001eb036890:0.00132195;Zm00001eb129020:0.00114485;Zm00001eb289180:0.00301385,,,,,HORVU.MOREX.r3.7HG0684610,HORVU.MOREX.r3.7HG0684610:0.00305283,AT3G56930,AT3G56930:0.000812208
aridity_index,4955488at2759,3,,,SORBI_3003G427600,SORBI_3003G427600:3.89764e-08,LOC_Os05g01530,LOC_Os05g01530:0.00298285,,,AT4G30160,AT4G30160:0.00108672
aridity_index,5004212at2759,3,Zm00001eb160700,Zm00001eb160700:0.00374665,,,,,HORVU.MOREX.r3.5HG0536910,HORVU.MOREX.r3.5HG0536910:0.00282042,AT2G35990;AT4G35190,AT2G35990:1.55669e-05;AT4G35190:8.78727e-05
aridity_index,5004507at2759,3,Zm00001eb403460,Zm00001eb403460:0.00107473,,,LOC_Os03g01660,LOC_Os03g01660:0.00318874,,,AT1G76010,AT1G76010:0.000404297
aridity_index,5006073at2759,3,Zm00001eb070400,Zm00001eb070400:0.00119925,,,,,HORVU.MOREX.r3.5HG0524470,HORVU.MOREX.r3.5HG0524470:0.00230102,AT1G04120,AT1G04120:0.000571617
aridity_index,5015019at2759,3,Zm00001eb202800,Zm00001eb202800:0.00362422,,,,,HORVU.MOREX.r3.1HG0066860;HORVU.MOREX.r3.3HG0298370,HORVU.MOREX.r3.1HG0066860:0.000551258;HORVU.MOREX.r3.3HG0298370:0.0024672,AT4G35010;AT4G36360,AT4G35010:0.000384953;AT4G36360:0.00075909
aridity_index,516269at2759,3,,,,,LOC_Os07g05810,LOC_Os07g05810:0.00175675,HORVU.MOREX.r3.1HG0043600,HORVU.MOREX.r3.1HG0043600:0.00292903,AT1G06890;AT1G77610,AT1G06890:0.000116942;AT1G77610:0.000830695
aridity_index,588513at2759,3,Zm00001eb308690;Zm00001eb374600;Zm00001eb394770,Zm00001eb308690:0.00284364;Zm00001eb374600:0.00370611;Zm00001eb394770:0.000482949,,,,,HORVU.MOREX.r3.5HG0513170,HORVU.MOREX.r3.5HG0513170:0.000748876,AT3G08570,AT3G08570:0.00043598
aridity_index,599360at2759,3,,,SORBI_3007G087400,SORBI_3007G087400:2.19752e-06,LOC_Os07g01340,LOC_Os07g01340:0.000472262,,,AT1G58360,AT1G58360:9.74285e-05
aridity_index,635367at2759,3,Zm00001eb119450,Zm00001eb119450:0.00310671,,,LOC_Os01g01390,LOC_Os01g01390:0.00215711,,,AT4G11220;AT4G23630,AT4G11220:0.000624174;AT4G23630:0.000990543
aridity_index,638616at33090,3,Zm00001eb048420;Zm00001eb228590,Zm00001eb048420:0.00060321;Zm00001eb228590:9.34811e-05,,,,,HORVU.MOREX.r3.2HG0110850,HORVU.MOREX.r3.2HG0110850:0.00280333,AT1G76360;AT2G02800,AT1G76360:8.89638e-05;AT2G02800:0.000742281
aridity_index,643341at2759,3,Zm00001eb167820;Zm00001eb316130,Zm00001eb167820:0.00273461;Zm00001eb316130:0.00200557,,,,,HORVU.MOREX.r3.5HG0511490;HORVU.MOREX.r3.6HG0543250,HORVU.MOREX.r3.5HG0511490:0.00281985;HORVU.MOREX.r3.6HG0543250:0.00299297,AT1G08590;AT1G72300;AT5G62230,AT1G08590:6.24816e-07;AT1G72300:2.17812e-05;AT5G62230:0.00053918
aridity_index,651258at3193,3,Zm00001eb244120,Zm00001eb244120:0.00142182,,,,,HORVU.MOREX.r3.2HG0205400,HORVU.MOREX.r3.2HG0205400:0.000596594,AT3G27170,AT3G27170:3.08947e-05
aridity_index,663580at2759,3,Zm00001eb072020,Zm00001eb072020:0.00170158,,,,,HORVU.MOREX.r3.5HG0536370,HORVU.MOREX.r3.5HG0536370:0.000434411,AT1G30650;AT4G01250,AT1G30650:0.000873553;AT4G01250:9.94862e-06
aridity_index,105464at38820,2,,,SORBI_3004G166600,SORBI_3004G166600:1.17418e-05,LOC_Os02g05340,LOC_Os02g05340:0.00147357,,,,
aridity_index,105955at2759,2,Zm00001eb364390,Zm00001eb364390:0.00181828,,,,,,,AT5G58430,AT5G58430:0.000104113
aridity_index,107861at38820,2,Zm00001eb292780,Zm00001eb292780:0.00279872,,,,,HORVU.MOREX.r3.1HG0077620,HORVU.MOREX.r3.1HG0077620:0.00311546,,
aridity_index,110070at2759,2,,,,,LOC_Os01g01500,LOC_Os01g01500:0.00357957,HORVU.MOREX.r3.3HG0230880,HORVU.MOREX.r3.3HG0230880:0.00273938,,
aridity_index,110816at2759,2,,,,,,,HORVU.MOREX.r3.1HG0013220,HORVU.MOREX.r3.1HG0013220:0.00166946,AT4G23410;AT5G57810,AT4G23410:0.000551076;AT5G57810:0.00109261
aridity_index,111875at38820,2,Zm00001eb050110,Zm00001eb050110:0.00366393,,,,,HORVU.MOREX.r3.7HG0742620,HORVU.MOREX.r3.7HG0742620:9.04413e-05,,
aridity_index,128682at3193,2,,,,,LOC_Os10g04780,LOC_Os10g04780:0.00322405,,,AT5G28490;AT5G58500,AT5G28490:0.000455206;AT5G58500:0.000119196
aridity_index,129707at33090,2,Zm00001eb148640,Zm00001eb148640:0.00407594,,,,,,,AT5G59290,AT5G59290:0.000213235
aridity_index,13065at33090,2,Zm00001eb326960,Zm00001eb326960:0.00303452,,,,,HORVU.MOREX.r3.7HG0687190,HORVU.MOREX.r3.7HG0687190:0.00175447,,
aridity_index,132787at33090,2,Zm00001eb241950,Zm00001eb241950:0.00294235,,,,,,,AT5G02800;AT5G13160,AT5G02800:1.35368e-05;AT5G13160:0.00018901
aridity_index,139695at2759,2,Zm00001eb167740,Zm00001eb167740:0.00167267,,,,,,,AT1G01120;AT5G43760,AT1G01120:0.000204927;AT5G43760:0.000621944
aridity_index,14064at38820,2,Zm00001eb393470,Zm00001eb393470:0.00105856,,,,,HORVU.MOREX.r3.3HG0326770,HORVU.MOREX.r3.3HG0326770:0.0024783,,
aridity_index,15502at2759,2,,,,,,,HORVU.MOREX.r3.7HG0748730,HORVU.MOREX.r3.7HG0748730:0.00149545,AT1G74460,AT1G74460:0.000510224
aridity_index,157436at2759,2,Zm00001eb058970,Zm00001eb058970:0.000120372,,,,,,,AT1G10020,AT1G10020:0.000269334
aridity_index,158527at3193,2,,,,,LOC_Os03g07560,LOC_Os03g07560:0.000585775,,,AT5G48760,AT5G48760:0.000807299
aridity_index,162332at2759,2,Zm00001eb252770,Zm00001eb252770:0.000935468,,,,,,,AT3G57930,AT3G57930:0.000912322
aridity_index,16345at3193,2,Zm00001eb042260,Zm00001eb042260:0.00129458,,,,,,,AT1G78090;AT5G51460,AT1G78090:0.000799125;AT5G51460:0.000113366
aridity_index,164184at3193,2,,,SORBI_3007G090600,SORBI_3007G090600:4.5954e-05,,,,,AT4G07960;AT4G31590,AT4G07960:1.76365e-05;AT4G31590:9.11364e-05
aridity_index,173945at3193,2,Zm00001eb265610,Zm00001eb265610:0.00186698,,,,,,,AT4G36920;AT5G67180,AT4G36920:3.48368e-05;AT5G67180:0.000879942
aridity_index,17723at3193,2,,,,,,,HORVU.MOREX.r3.4HG0336870,HORVU.MOREX.r3.4HG0336870:0.00208528,AT1G65820,AT1G65820:0.000220328
aridity_index,178925at3193,2,Zm00001eb286350,Zm00001eb286350:0.00304158,,,,,,,AT5G58440,AT5G58440:0.000120977
aridity_index,179088at33090,2,,,,,,,HORVU.MOREX.r3.1HG0073500,HORVU.MOREX.r3.1HG0073500:0.00180356,AT2G30210;AT5G03260,AT2G30210:0.000161766;AT5G03260:0.000625844
aridity_index,181294at2759,2,Zm00001eb187160;Zm00001eb428650,Zm00001eb187160:0.00367251;Zm00001eb428650:0.000549389,,,,,,,AT3G61060,AT3G61060:2.1062e-06
aridity_index,185043at3193,2,Zm00001eb031930,Zm00001eb031930:0.00278685,,,,,,,AT2G44070,AT2G44070:0.000523109
aridity_index,1873676at2759,2,Zm00001eb286960,Zm00001eb286960:0.00133765,,,,,HORVU.MOREX.r3.5HG0492490;HORVU.MOREX.r3.7HG0687480,HORVU.MOREX.r3.5HG0492490:0.00166314;HORVU.MOREX.r3.7HG0687480:0.00284934,,
aridity_index,190027at2759,2,Zm00001eb001950,Zm00001eb001950:0.00387761,,,,,,,AT4G01150,AT4G01150:0.000148058
aridity_index,190960at3193,2,,,SORBI_3007G151900,SORBI_3007G151900:2.48832e-05,,,,,AT2G34860,AT2G34860:0.000222952
aridity_index,191146at3193,2,,,,,LOC_Os03g08240,LOC_Os03g08240:0.000744141,,,AT4G09550,AT4G09550:0.000411823
aridity_index,191659at2759,2,Zm00001eb092880,Zm00001eb092880:0.000851159,,,LOC_Os01g08260,LOC_Os01g08260:0.00288698,,,,
aridity_index,193072at2759,2,Zm00001eb218820,Zm00001eb218820:0.00370693,,,,,,,AT4G14740,AT4G14740:0.00103812
aridity_index,195000at3193,2,Zm00001eb110620,Zm00001eb110620:0.00241845,,,,,,,AT3G57440,AT3G57440:0.000997895
aridity_index,2042608at2759,2,Zm00001eb211960,Zm00001eb211960:0.00304449,,,,,,,AT5G58490,AT5G58490:0.00104326
aridity_index,210952at2759,2,,,,,,,HORVU.MOREX.r3.4HG0349090,HORVU.MOREX.r3.4HG0349090:0.000674288,AT1G77580,AT1G77580:0.000998919
aridity_index,216480at3193,2,,,,,,,HORVU.MOREX.r3.3HG0311810,HORVU.MOREX.r3.3HG0311810:0.0031387,AT5G50870,AT5G50870:0.000582239
aridity_index,2174516at2759,2,Zm00001eb286910,Zm00001eb286910:0.00124685,,,,,,,AT1G34540;AT5G58860,AT1G34540:0.000403172;AT5G58860:0.000137462
aridity_index,219954at2759,2,Zm00001eb136060,Zm00001eb136060:0.00170234,,,,,,,AT2G34710,AT2G34710:0.000701169
aridity_index,228611at33090,2,,,,,,,HORVU.MOREX.r3.4HG0413970,HORVU.MOREX.r3.4HG0413970:0.002568,AT4G17470,AT4G17470:9.69373e-06
aridity_index,228791at2759,2,Zm00001eb185310,Zm00001eb185310:0.000582994,,,,,,,AT2G24330,AT2G24330:2.13264e-05
aridity_index,232571at3193,2,,,,,LOC_Os10g05650,LOC_Os10g05650:0.00298921,HORVU.MOREX.r3.1HG0057430,HORVU.MOREX.r3.1HG0057430:0.000805193,,
aridity_index,236857at2759,2,,,,,LOC_Os04g02280,LOC_Os04g02280:0.00245966,HORVU.MOREX.r3.2HG0104680,HORVU.MOREX.r3.2HG0104680:0.00137437,,
aridity_index,238517at3193,2,Zm00001eb012270;Zm00001eb328560,Zm00001eb012270:0.000245417;Zm00001eb328560:0.00160756,,,,,,,AT5G59490,AT5G59490:0.000113777
aridity_index,24251at38820,2,Zm00001eb034040,Zm00001eb034040:0.00295237,,,LOC_Os08g05000,LOC_Os08g05000:0.00350711,,,,
aridity_index,2557387at2759,2,,,,,,,HORVU.MOREX.r3.5HG0480320,HORVU.MOREX.r3.5HG0480320:0.00233812,AT4G39280,AT4G39280:0.000800088
aridity_index,25687at38820,2,,,,,LOC_Os04g06820,LOC_Os04g06820:0.000827399,HORVU.MOREX.r3.2HG0213380,HORVU.MOREX.r3.2HG0213380:0.00203966,,
aridity_index,2572at33090,2,Zm00001eb138390,Zm00001eb138390:0.00311636,,,,,,,AT5G67210,AT5G67210:2.44419e-06
aridity_index,258773at2759,2,Zm00001eb064750,Zm00001eb064750:0.00122909,,,,,,,AT3G03530,AT3G03530:8.25176e-05
aridity_index,2612708at2759,2,,,,,,,HORVU.MOREX.r3.2HG0205250,HORVU.MOREX.r3.2HG0205250:0.000669924,AT3G18820;AT4G09720,AT3G18820:6.34711e-05;AT4G09720:0.000841629
aridity_index,2638129at2759,2,Zm00001eb206090,Zm00001eb206090:0.00356444,,,,,,,AT2G44350,AT2G44350:1.08696e-06
aridity_index,269066at3193,2,Zm00001eb219220,Zm00001eb219220:0.00364082,,,,,,,AT1G47230,AT1G47230:0.0010642
aridity_index,2690913at2759,2,Zm00001eb396090,Zm00001eb396090:0.00360071,,,,,,,AT5G64470,AT5G64470:0.000239535
aridity_index,269485at33090,2,Zm00001eb152900,Zm00001eb152900:0.00388012,,,,,HORVU.MOREX.r3.3HG0276050;HORVU.MOREX.r3.7HG0658750,HORVU.MOREX.r3.3HG0276050:0.0013703;HORVU.MOREX.r3.7HG0658750:0.000483158,,
aridity_index,2706959at2759,2,Zm00001eb161110,Zm00001eb161110:0.000630616,,,,,,,AT4G06744,AT4G06744:0.000109949
aridity_index,279037at3193,2,,,,,,,HORVU.MOREX.r3.3HG0316870,HORVU.MOREX.r3.3HG0316870:0.00118858,AT4G03110,AT4G03110:7.61695e-05
aridity_index,2866293at2759,2,Zm00001eb254090,Zm00001eb254090:0.000446295,,,,,,,AT4G04180,AT4G04180:0.000688938
aridity_index,295827at2759,2,Zm00001eb059930,Zm00001eb059930:0.00251101,,,,,HORVU.MOREX.r3.2HG0214670,HORVU.MOREX.r3.2HG0214670:0.000750409,,
aridity_index,297910at33090,2,,,,,LOC_Os01g02110,LOC_Os01g02110:0.00226723,,,AT2G34490,AT2G34490:0.000975874
aridity_index,301545at33090,2,,,,,LOC_Os10g02030,LOC_Os10g02030:0.00212541,,,AT1G02270,AT1G02270:0.000272407
aridity_index,301856at33090,2,Zm00001eb227730;Zm00001eb409420,Zm00001eb227730:0.00159364;Zm00001eb409420:0.00320815,,,,,,,AT1G47220,AT1G47220:2.38604e-05
aridity_index,302469at3193,2,,,,,,,HORVU.MOREX.r3.4HG0332230,HORVU.MOREX.r3.4HG0332230:0.00110727,AT3G44530,AT3G44530:0.00070834
aridity_index,303819at3193,2,Zm00001eb217930,Zm00001eb217930:0.00413384,,,,,,,AT1G05470,AT1G05470:0.000510367
aridity_index,30532at33090,2,Zm00001eb253690,Zm00001eb253690:0.00280825,,,,,,,AT5G67560,AT5G67560:0.000868173
aridity_index,306346at2759,2,Zm00001eb093140,Zm00001eb093140:0.00187909,,,,,,,AT4G36380,AT4G36380:0.000512205
aridity_index,3098969at2759,2,,,,,,,HORVU.MOREX.r3.1HG0044640,HORVU.MOREX.r3.1HG0044640:0.00317868,AT2G22250,AT2G22250:0.000263324
aridity_index,31195at38820,2,,,,,LOC_Os10g03350,LOC_Os10g03350:0.00183342,HORVU.MOREX.r3.1HG0001050,HORVU.MOREX.r3.1HG0001050:0.000804918,,
aridity_index,3149789at2759,2,Zm00001eb028580;Zm00001eb293700,Zm00001eb028580:0.00202411;Zm00001eb293700:0.00102443,,,,,,,AT3G17060,AT3G17060:0.000102531
aridity_index,319158at2759,2,Zm00001eb145400,Zm00001eb145400:0.00154907,,,,,HORVU.MOREX.r3.1HG0065550,HORVU.MOREX.r3.1HG0065550:0.00178487,,
aridity_index,322501at33090,2,,,,,,,HORVU.MOREX.r3.2HG0095520,HORVU.MOREX.r3.2HG0095520:0.00299594,AT1G19330,AT1G19330:9.24006e-06
aridity_index,3236242at2759,2,Zm00001eb250110,Zm00001eb250110:0.00190863,,,,,,,AT3G10210,AT3G10210:2.89102e-07
aridity_index,325680at2759,2,Zm00001eb152180,Zm00001eb152180:0.00330754,SORBI_3003G307000,SORBI_3003G307000:6.62177e-05,,,,,,
aridity_index,3368008at2759,2,Zm00001eb119410,Zm00001eb119410:0.00297229,,,,,,,AT4G13250,AT4G13250:0.00026168
aridity_index,338455at3193,2,Zm00001eb393120,Zm00001eb393120:0.00243717,,,,,,,AT2G03680,AT2G03680:0.000169845
aridity_index,339495at2759,2,Zm00001eb350300,Zm00001eb350300:0.00376626,,,,,,,AT4G23930,AT4G23930:0.000704918
aridity_index,34079at38820,2,,,,,LOC_Os01g09520,LOC_Os01g09520:0.0037504,HORVU.MOREX.r3.3HG0320720,HORVU.MOREX.r3.3HG0320720:0.00168286,,
aridity_index,346177at2759,2,Zm00001eb123800,Zm00001eb123800:0.00218082,,,,,,,AT2G28670,AT2G28670:9.72603e-06
aridity_index,346948at3193,2,,,,,,,HORVU.MOREX.r3.4HG0331380;HORVU.MOREX.r3.5HG0437690,HORVU.MOREX.r3.4HG0331380:0.00229318;HORVU.MOREX.r3.5HG0437690:0.00155847,AT1G04370,AT1G04370:0.000235582
aridity_index,347189at2759,2,Zm00001eb287880,Zm00001eb287880:0.00251947,,,,,,,AT4G02880,AT4G02880:0.00109246
aridity_index,34968at4447,2,Zm00001eb003540,Zm00001eb003540:0.00222839,,,,,HORVU.MOREX.r3.6HG0629220,HORVU.MOREX.r3.6HG0629220:0.00269826,,
aridity_index,3497239at2759,2,Zm00001eb337510,Zm00001eb337510:0.00301871,,,LOC_Os03g07650,LOC_Os03g07650:0.000458897,,,,
aridity_index,350597at2759,2,Zm00001eb362870,Zm00001eb362870:2.30763e-06,,,,,,,AT3G07940,AT3G07940:0.000272556
aridity_index,367260at2759,2,,,SORBI_3010G149300,SORBI_3010G149300:5.46129e-05,,,,,AT5G56150,AT5G56150:5.59011e-05
aridity_index,370475at33090,2,,,,,,,HORVU.MOREX.r3.4HG0396660,HORVU.MOREX.r3.4HG0396660:0.000164028,AT2G06510;AT5G61000,AT2G06510:4.74317e-05;AT5G61000:0.000160679
aridity_index,3784778at2759,2,,,,,LOC_Os05g01060,LOC_Os05g01060:0.000456517,,,AT4G06634,AT4G06634:0.000494552
aridity_index,38447at38820,2,,,,,LOC_Os05g01050,LOC_Os05g01050:0.00286457,HORVU.MOREX.r3.7HG0640730,HORVU.MOREX.r3.7HG0640730:0.00307961,,
aridity_index,38710at38820,2,Zm00001eb194930,Zm00001eb194930:0.000220243,,,,,HORVU.MOREX.r3.3HG0330950,HORVU.MOREX.r3.3HG0330950:0.000819276,,
aridity_index,388896at33090,2,,,,,,,HORVU.MOREX.r3.6HG0607930,HORVU.MOREX.r3.6HG0607930:8.67664e-05,AT3G42830,AT3G42830:0.000349818
aridity_index,393430at2759,2,Zm00001eb124920;Zm00001eb335470,Zm00001eb124920:0.00165489;Zm00001eb335470:0.000727887,,,,,HORVU.MOREX.r3.3HG0226150,HORVU.MOREX.r3.3HG0226150:0.00318631,,
aridity_index,401385at2759,2,Zm00001eb189390,Zm00001eb189390:0.00206966,,,,,,,AT3G07880,AT3G07880:0.00036487
aridity_index,40464at38820,2,Zm00001eb281200,Zm00001eb281200:0.00260049,,,,,HORVU.MOREX.r3.7HG0674750,HORVU.MOREX.r3.7HG0674750:0.00180648,,
aridity_index,40635at38820,2,Zm00001eb405620,Zm00001eb405620:0.00308892,,,,,HORVU.MOREX.r3.7HG0651330,HORVU.MOREX.r3.7HG0651330:2.24979e-05,,
aridity_index,415635at2759,2,Zm00001eb037300,Zm00001eb037300:0.00407681,,,,,HORVU.MOREX.r3.7HG0686320,HORVU.MOREX.r3.7HG0686320:0.00203884,,
aridity_index,424292at2759,2,,,,,,,HORVU.MOREX.r3.7HG0742210,HORVU.MOREX.r3.7HG0742210:0.00243732,AT1G57550,AT1G57550:0.000794554
aridity_index,425007at3193,2,,,,,LOC_Os08g05310;LOC_Os09g05060,LOC_Os08g05310:0.00180033;LOC_Os09g05060:0.00174035,HORVU.MOREX.r3.4HG0412730,HORVU.MOREX.r3.4HG0412730:0.00313135,,
aridity_index,429114at33090,2,Zm00001eb256540,Zm00001eb256540:0.00244065,,,,,,,AT1G79520;AT3G58060,AT1G79520:7.17837e-05;AT3G58060:0.000686651
aridity_index,4304537at2759,2,Zm00001eb320600,Zm00001eb320600:0.0039655,,,,,HORVU.MOREX.r3.4HG0405070,HORVU.MOREX.r3.4HG0405070:0.00129681,,
aridity_index,4325610at2759,2,Zm00001eb129320,Zm00001eb129320:0.00363073,,,,,,,AT4G31480;AT4G31490,AT4G31480:0.000950445;AT4G31490:0.000884473
aridity_index,432616at3193,2,,,,,LOC_Os01g01760,LOC_Os01g01760:0.00352578,HORVU.MOREX.r3.6HG0553250,HORVU.MOREX.r3.6HG0553250:0.00191229,,
aridity_index,4388267at2759,2,Zm00001eb375030,Zm00001eb375030:0.00252708,,,,,,,AT5G07830,AT5G07830:0.00104612
aridity_index,439142at2759,2,Zm00001eb147810,Zm00001eb147810:0.0026363,,,,,,,AT4G06599,AT4G06599:4.41208e-05
aridity_index,442385at2759,2,Zm00001eb248880,Zm00001eb248880:0.00311329,,,,,,,AT4G10390,AT4G10390:0.000621964
aridity_index,4433957at2759,2,,,,,,,HORVU.MOREX.r3.4HG0339750,HORVU.MOREX.r3.4HG0339750:0.00168026,AT1G02305;AT4G01610,AT1G02305:0.000101973;AT4G01610:0.000531353
aridity_index,444486at2759,2,,,,,LOC_Os07g05430,LOC_Os07g05430:0.00270088,,,AT5G54680,AT5G54680:2.19312e-05
aridity_index,447116at2759,2,Zm00001eb154560,Zm00001eb154560:0.00177032,,,,,,,AT4G09460,AT4G09460:0.000188129
aridity_index,450379at3193,2,,,,,LOC_Os03g03880,LOC_Os03g03880:0.000939355,,,AT5G64200,AT5G64200:0.00105024
aridity_index,4529388at2759,2,Zm00001eb177240;Zm00001eb202620,Zm00001eb177240:0.00323641;Zm00001eb202620:0.0020003,,,,,,,AT4G13770,AT4G13770:0.000485619
aridity_index,4564369at2759,2,Zm00001eb169870,Zm00001eb169870:0.00267521,,,,,,,AT4G18160,AT4G18160:0.000445389
aridity_index,4668at38820,2,Zm00001eb352260,Zm00001eb352260:0.00351871,,,,,HORVU.MOREX.r3.1HG0069870,HORVU.MOREX.r3.1HG0069870:1.8774e-05,,
aridity_index,4687232at2759,2,,,,,,,HORVU.MOREX.r3.1HG0070290,HORVU.MOREX.r3.1HG0070290:0.000210195,AT5G59710,AT5G59710:0.00099675
aridity_index,4727740at2759,2,Zm00001eb325410,Zm00001eb325410:0.00286786,,,,,,,AT1G61520;AT1G76570;AT3G61470,AT1G61520:0.000178409;AT1G76570:0.000956341;AT3G61470:6.02542e-05
aridity_index,4765947at2759,2,Zm00001eb165060,Zm00001eb165060:0.00383011,,,,,,,AT4G36690,AT4G36690:0.000676089
aridity_index,4807349at2759,2,Zm00001eb164780,Zm00001eb164780:0.00290827,,,,,,,AT3G06650,AT3G06650:0.000183458
aridity_index,4810817at2759,2,Zm00001eb078120,Zm00001eb078120:0.00379798,,,LOC_Os03g08000,LOC_Os03g08000:0.00350739,,,,
aridity_index,4816605at2759,2,,,,,LOC_Os03g06930,LOC_Os03g06930:0.00249446,,,AT1G10410,AT1G10410:0.000486974
aridity_index,4819616at2759,2,,,,,LOC_Os01g02320,LOC_Os01g02320:0.00348552,,,AT3G54820;AT4G00430;AT4G17340;AT5G47450,AT3G54820:0.000201573;AT4G00430:0.00103161;AT4G17340:0.000409995;AT5G47450:0.000158858
aridity_index,4822178at2759,2,Zm00001eb076780,Zm00001eb076780:0.00387442,,,,,,,AT5G64500,AT5G64500:0.000722932
aridity_index,4838174at2759,2,,,,,,,HORVU.MOREX.r3.2HG0116500,HORVU.MOREX.r3.2HG0116500:0.0016539,AT1G03950,AT1G03950:0.000491806
aridity_index,4840574at2759,2,Zm00001eb055950,Zm00001eb055950:0.00259587,,,,,,,AT4G11280;AT5G65800,AT4G11280:0.000134824;AT5G65800:2.68304e-05
aridity_index,4840931at2759,2,Zm00001eb070570,Zm00001eb070570:0.00179047,SORBI_3006G217000,SORBI_3006G217000:7.04494e-08,,,,,,
aridity_index,4843868at2759,2,Zm00001eb335970,Zm00001eb335970:0.00229456,,,,,HORVU.MOREX.r3.2HG0172940,HORVU.MOREX.r3.2HG0172940:0.00315109,,
aridity_index,4859897at2759,2,Zm00001eb179600,Zm00001eb179600:0.00407014,,,,,HORVU.MOREX.r3.7HG0640780,HORVU.MOREX.r3.7HG0640780:0.000916592,,
aridity_index,4886954at2759,2,,,,,,,HORVU.MOREX.r3.2HG0201790,HORVU.MOREX.r3.2HG0201790:0.001536,AT3G11270,AT3G11270:0.000465978
aridity_index,4888905at2759,2,,,SORBI_3001G003500,SORBI_3001G003500:3.97526e-05,,,HORVU.MOREX.r3.4HG0401130,HORVU.MOREX.r3.4HG0401130:0.00245275,,
aridity_index,4888998at2759,2,,,,,,,HORVU.MOREX.r3.5HG0530970,HORVU.MOREX.r3.5HG0530970:0.00235668,AT1G72175,AT1G72175:3.75193e-06
aridity_index,4890204at2759,2,,,,,LOC_Os05g01590,LOC_Os05g01590:0.00184555,,,AT3G17205,AT3G17205:4.67897e-05
aridity_index,4899170at2759,2,,,,,LOC_Os05g02230,LOC_Os05g02230:0.00168742,,,AT1G05990;AT4G12860,AT1G05990:4.73101e-06;AT4G12860:1.42048e-05
aridity_index,4906318at2759,2,Zm00001eb062550,Zm00001eb062550:0.000555723,,,,,,,AT1G05180,AT1G05180:0.000574409
aridity_index,4908378at2759,2,Zm00001eb031340,Zm00001eb031340:0.00321289,,,,,HORVU.MOREX.r3.1HG0091430,HORVU.MOREX.r3.1HG0091430:0.00242862,,
aridity_index,4925430at2759,2,Zm00001eb129820;Zm00001eb330600;Zm00001eb406290,Zm00001eb129820:0.00277744;Zm00001eb330600:0.00161239;Zm00001eb406290:0.00059202,,,,,,,AT2G30360;AT3G23000;AT4G30960;AT5G07070;AT5G58380,AT2G30360:0.000231202;AT3G23000:0.000463556;AT4G30960:3.61378e-05;AT5G07070:2.26452e-05;AT5G58380:0.000796334
aridity_index,4947690at2759,2,Zm00001eb004420,Zm00001eb004420:0.00300995,,,LOC_Os03g07480,LOC_Os03g07480:0.0029476,,,,
aridity_index,495210at2759,2,Zm00001eb325810,Zm00001eb325810:0.00409738,,,,,,,AT4G16490,AT4G16490:0.000342654
aridity_index,495563at2759,2,,,SORBI_3007G092400,SORBI_3007G092400:4.71139e-10,,,,,AT5G40780,AT5G40780:0.000751358
aridity_index,4961at38820,2,,,,,LOC_Os05g01250,LOC_Os05g01250:0.00348708,HORVU.MOREX.r3.1HG0014340,HORVU.MOREX.r3.1HG0014340:0.00303758,,
aridity_index,4971652at2759,2,,,,,,,HORVU.MOREX.r3.3HG0326240,HORVU.MOREX.r3.3HG0326240:0.00127642,AT3G52600,AT3G52600:0.000651339
aridity_index,497526at2759,2,Zm00001eb311740,Zm00001eb311740:0.00316939,SORBI_3002G190700,SORBI_3002G190700:3.86414e-05,,,,,,
aridity_index,4999782at2759,2,Zm00001eb053580;Zm00001eb120610,Zm00001eb053580:0.00199745;Zm00001eb120610:0.003245,SORBI_3003G027700,SORBI_3003G027700:3.51047e-05,,,,,,
aridity_index,4999798at2759,2,,,,,LOC_Os05g04290,LOC_Os05g04290:0.00298695,,,AT4G13930,AT4G13930:9.03029e-05
aridity_index,4999845at2759,2,,,,,,,HORVU.MOREX.r3.3HG0313010,HORVU.MOREX.r3.3HG0313010:0.00256871,AT4G39330,AT4G39330:2.45838e-05
aridity_index,5000228at2759,2,Zm00001eb033820,Zm00001eb033820:0.00265446,,,LOC_Os08g04939,LOC_Os08g04939:0.00342572,,,,
aridity_index,5000951at2759,2,,,,,,,HORVU.MOREX.r3.5HG0430720,HORVU.MOREX.r3.5HG0430720:0.00287719,AT1G16970,AT1G16970:4.2848e-05
aridity_index,5001195at2759,2,Zm00001eb144650;Zm00001eb365700,Zm00001eb144650:0.00208598;Zm00001eb365700:0.00370625,,,,,,,AT1G78630,AT1G78630:0.000866513
aridity_index,5001608at2759,2,Zm00001eb200910,Zm00001eb200910:0.000237939,,,,,,,AT4G38970,AT4G38970:0.000364387
aridity_index,5001818at2759,2,Zm00001eb389830,Zm00001eb389830:0.00354901,,,LOC_Os04g05560,LOC_Os04g05560:0.000293036,,,,
aridity_index,5002350at2759,2,,,SORBI_3007G090200,SORBI_3007G090200:2.82181e-05,,,,,AT5G57440,AT5G57440:0.000613639
aridity_index,5002737at2759,2,Zm00001eb417200,Zm00001eb417200:0.00163428,,,,,,,AT1G09840,AT1G09840:0.000949406
aridity_index,5003183at2759,2,,,,,LOC_Os01g01840,LOC_Os01g01840:0.00368839,,,AT5G11010,AT5G11010:6.65965e-05
aridity_index,5003725at2759,2,,,,,,,HORVU.MOREX.r3.2HG0183850,HORVU.MOREX.r3.2HG0183850:0.000880561,AT1G03680;AT3G15360;AT4G03520,AT1G03680:0.000249108;AT3G15360:0.000918003;AT4G03520:0.00105314
aridity_index,5003842at2759,2,,,SORBI_3002G268100,SORBI_3002G268100:2.55858e-05,,,,,AT5G62190,AT5G62190:0.000189619
aridity_index,5004535at2759,2,Zm00001eb060260,Zm00001eb060260:0.00150456,,,,,HORVU.MOREX.r3.1HG0052290,HORVU.MOREX.r3.1HG0052290:0.000829191,,
aridity_index,5006093at2759,2,,,,,LOC_Os01g02090,LOC_Os01g02090:0.0024141,,,AT1G16900,AT1G16900:0.000575189
aridity_index,5014404at2759,2,Zm00001eb354520,Zm00001eb354520:0.00200495,,,,,,,AT2G39970,AT2G39970:0.000519892
aridity_index,5015745at2759,2,Zm00001eb068160,Zm00001eb068160:0.00407347,,,,,,,AT1G22150,AT1G22150:0.0010256
aridity_index,5015996at2759,2,Zm00001eb379990,Zm00001eb379990:0.000155136,,,,,,,AT5G38470,AT5G38470:0.000549839
aridity_index,5016471at2759,2,Zm00001eb052440,Zm00001eb052440:0.00213642,,,,,,,AT2G30080;AT4G19690,AT2G30080:0.00108316;AT4G19690:0.000146455
aridity_index,5016903at2759,2,Zm00001eb054090,Zm00001eb054090:0.00204249,,,,,HORVU.MOREX.r3.4HG0335830,HORVU.MOREX.r3.4HG0335830:0.00273427,,
aridity_index,5016969at2759,2,Zm00001eb000700,Zm00001eb000700:0.00369664,,,,,,,AT1G73230,AT1G73230:0.000554151
aridity_index,5018758at2759,2,Zm00001eb329200,Zm00001eb329200:0.000928062,,,,,,,AT1G07745,AT1G07745:0.00023175
aridity_index,51831at38820,2,Zm00001eb061310,Zm00001eb061310:0.0034865,,,LOC_Os03g08030,LOC_Os03g08030:0.00359794,,,,
aridity_index,524414at2759,2,,,,,,,HORVU.MOREX.r3.1HG0059350,HORVU.MOREX.r3.1HG0059350:0.00132478,AT1G26850;AT1G78240;AT2G34300;AT2G43200;AT4G18030,AT1G26850:0.000741698;AT1G78240:0.000437514;AT2G34300:0.00106428;AT2G43200:2.82842e-05;AT4G18030:0.000280709
aridity_index,529324at2759,2,,,,,LOC_Os03g07660,LOC_Os03g07660:1.47392e-05,,,AT1G47640,AT1G47640:0.000620699
aridity_index,530731at2759,2,Zm00001eb153010,Zm00001eb153010:0.00213145,,,,,HORVU.MOREX.r3.6HG0619600,HORVU.MOREX.r3.6HG0619600:0.000258338,,
aridity_index,531916at2759,2,Zm00001eb017520,Zm00001eb017520:0.00259938,,,,,,,AT3G05190,AT3G05190:4.93167e-06
aridity_index,534705at3193,2,Zm00001eb399680,Zm00001eb399680:0.00135645,,,,,,,AT2G01110,AT2G01110:1.9612e-05
aridity_index,540112at3193,2,Zm00001eb290310,Zm00001eb290310:0.00194768,SORBI_3005G005600,SORBI_3005G005600:2.28097e-05,,,,,,
aridity_index,543978at2759,2,Zm00001eb146270;Zm00001eb272300,Zm00001eb146270:0.00345743;Zm00001eb272300:0.00140453,,,,,,,AT1G34320,AT1G34320:0.000200749
aridity_index,546202at2759,2,Zm00001eb172240,Zm00001eb172240:0.00345142,,,,,,,AT4G17695,AT4G17695:0.00077885
aridity_index,583420at3193,2,,,,,LOC_Os10g05360,LOC_Os10g05360:0.00302218,,,AT3G57870,AT3G57870:0.000294297
aridity_index,584499at2759,2,Zm00001eb126380,Zm00001eb126380:0.00225319,,,,,,,AT2G03240,AT2G03240:0.000444726
aridity_index,588921at2759,2,Zm00001eb425960,Zm00001eb425960:0.0012068,,,,,,,AT4G30940,AT4G30940:0.000796392
aridity_index,589180at2759,2,,,SORBI_3007G090436;SORBI_3007G090460,SORBI_3007G090436:3.22309e-05;SORBI_3007G090460:3.01564e-05,LOC_Os08g02370,LOC_Os08g02370:0.00194532,,,,
aridity_index,589599at2759,2,Zm00001eb069320,Zm00001eb069320:0.00245894,,,,,HORVU.MOREX.r3.2HG0207580,HORVU.MOREX.r3.2HG0207580:4.583e-05,,
aridity_index,590539at2759,2,,,,,,,HORVU.MOREX.r3.1HG0054940;HORVU.MOREX.r3.4HG0409600,HORVU.MOREX.r3.1HG0054940:0.00171718;HORVU.MOREX.r3.4HG0409600:0.0018649,AT5G46570,AT5G46570:0.00068046
aridity_index,592385at2759,2,Zm00001eb063800,Zm00001eb063800:0.00125762,,,,,,,AT5G64740,AT5G64740:3.47334e-06
aridity_index,595333at2759,2,,,,,,,HORVU.MOREX.r3.7HG0687760;HORVU.MOREX.r3.7HG0750970,HORVU.MOREX.r3.7HG0687760:0.000708415;HORVU.MOREX.r3.7HG0750970:4.40575e-05,AT1G11670,AT1G11670:0.000357922
aridity_index,600396at2759,2,Zm00001eb143390,Zm00001eb143390:0.00390948,,,,,,,AT5G48720,AT5G48720:0.000774101
aridity_index,601051at2759,2,,,,,LOC_Os06g06140,LOC_Os06g06140:0.00373532,,,AT3G57880,AT3G57880:0.000616845
aridity_index,601148at2759,2,,,,,LOC_Os09g04680,LOC_Os09g04680:0.00139498,HORVU.MOREX.r3.4HG0406470,HORVU.MOREX.r3.4HG0406470:0.000405798,,
aridity_index,601205at2759,2,,,,,LOC_Os04g04430,LOC_Os04g04430:0.0019007,,,AT5G28530,AT5G28530:0.000935719
aridity_index,602252at2759,2,Zm00001eb199820,Zm00001eb199820:0.00117332,,,,,,,AT3G12640,AT3G12640:2.99332e-07
aridity_index,609699at2759,2,,,,,,,HORVU.MOREX.r3.5HG0526580,HORVU.MOREX.r3.5HG0526580:0.00168563,AT1G07520;AT1G07530,AT1G07520:0.000634126;AT1G07530:5.92804e-09
aridity_index,610830at2759,2,,,,,,,HORVU.MOREX.r3.4HG0406110,HORVU.MOREX.r3.4HG0406110:0.00247989,AT5G07860,AT5G07860:0.000147436
aridity_index,612680at2759,2,Zm00001eb000660,Zm00001eb000660:0.00243079,,,,,,,AT2G01850;AT4G14130;AT4G28850;AT5G57530;AT5G57550,AT2G01850:0.00110073;AT4G14130:0.000500264;AT4G28850:0.000133618;AT5G57530:1.08105e-05;AT5G57550:0.0003528
aridity_index,613245at2759,2,Zm00001eb005700;Zm00001eb402010,Zm00001eb005700:2.36548e-06;Zm00001eb402010:0.000296689,,,,,,,AT5G15640,AT5G15640:2.85717e-06
aridity_index,617310at3193,2,Zm00001eb319050,Zm00001eb319050:0.000629779,,,,,,,AT5G07250,AT5G07250:0.000258516
aridity_index,618721at2759,2,Zm00001eb130480,Zm00001eb130480:0.00296041,,,,,,,AT2G47550;AT4G02330,AT2G47550:6.17781e-05;AT4G02330:0.000994966
aridity_index,619665at2759,2,,,,,,,HORVU.MOREX.r3.3HG0304730,HORVU.MOREX.r3.3HG0304730:0.00160085,AT5G61210,AT5G61210:0.000806483
aridity_index,620743at2759,2,Zm00001eb012190,Zm00001eb012190:0.000564763,,,,,,,AT1G66180;AT5G37540,AT1G66180:0.000490405;AT5G37540:0.000312783
aridity_index,623441at2759,2,Zm00001eb122470,Zm00001eb122470:0.00347469,,,,,,,AT2G36380,AT2G36380:0.000449165
aridity_index,623604at3193,2,,,,,,,HORVU.MOREX.r3.6HG0606100,HORVU.MOREX.r3.6HG0606100:0.00257903,AT1G06210,AT1G06210:0.0007096
aridity_index,624469at2759,2,,,,,LOC_Os01g01790,LOC_Os01g01790:0.00367725,HORVU.MOREX.r3.3HG0239530,HORVU.MOREX.r3.3HG0239530:0.000987938,,
aridity_index,630255at2759,2,Zm00001eb182940;Zm00001eb336730,Zm00001eb182940:0.000175729;Zm00001eb336730:0.00366213,,,LOC_Os01g01710,LOC_Os01g01710:0.00204185,,,,
aridity_index,630590at2759,2,,,,,,,HORVU.MOREX.r3.7HG0646060,HORVU.MOREX.r3.7HG0646060:0.00253046,AT5G51560,AT5G51560:0.000731494
aridity_index,632648at2759,2,Zm00001eb216150,Zm00001eb216150:0.000571918,,,,,,,AT1G73500,AT1G73500:0.000397171
aridity_index,632796at2759,2,,,,,,,HORVU.MOREX.r3.5HG0419590,HORVU.MOREX.r3.5HG0419590:0.00296999,AT1G09960;AT5G06170,AT1G09960:0.000210034;AT5G06170:0.000412125
aridity_index,635059at2759,2,Zm00001eb104780,Zm00001eb104780:0.00135847,,,,,,,AT1G12450,AT1G12450:0.000763701
aridity_index,636472at2759,2,Zm00001eb040580,Zm00001eb040580:0.0020492,,,,,,,AT1G72416,AT1G72416:0.000135397
aridity_index,638552at2759,2,Os07g0657900,Os07g0657900:0.0028942,,,,,,,AT2G41680,AT2G41680:0.000844278
aridity_index,638845at2759,2,,,,,LOC_Os05g05740,LOC_Os05g05740:0.00131828,HORVU.MOREX.r3.3HG0314780,HORVU.MOREX.r3.3HG0314780:0.00244115,,
aridity_index,639476at3193,2,,,,,LOC_Os06g02250,LOC_Os06g02250:0.00198579,,,AT4G02080,AT4G02080:0.000316826
aridity_index,646613at2759,2,Zm00001eb070560,Zm00001eb070560:0.00171255,,,,,HORVU.MOREX.r3.2HG0106600,HORVU.MOREX.r3.2HG0106600:7.31092e-07,,
aridity_index,648751at2759,2,Zm00001eb162420,Zm00001eb162420:0.00352706,,,,,,,AT4G10925,AT4G10925:0.000641344
aridity_index,649874at2759,2,Zm00001eb200370,Zm00001eb200370:0.000517312,,,,,,,AT1G04635,AT1G04635:0.00103261
aridity_index,650422at2759,2,,,,,,,HORVU.MOREX.r3.5HG0500220,HORVU.MOREX.r3.5HG0500220:0.000690863,AT1G79090,AT1G79090:8.75154e-06
aridity_index,650741at2759,2,Zm00001eb434470,Zm00001eb434470:0.000993978,SORBI_3006G280200,SORBI_3006G280200:6.6487e-06,,,,,,
aridity_index,652660at2759,2,Zm00001eb040900,Zm00001eb040900:0.00195469,,,,,,,AT2G24762;AT5G57685,AT2G24762:0.000241499;AT5G57685:0.000363257
aridity_index,654484at2759,2,Zm00001eb075370,Zm00001eb075370:0.00343636,,,,,HORVU.MOREX.r3.2HG0184710,HORVU.MOREX.r3.2HG0184710:0.00152692,,
aridity_index,654842at2759,2,Zm00001eb128930,Zm00001eb128930:0.000864335,,,,,HORVU.MOREX.r3.3HG0255050,HORVU.MOREX.r3.3HG0255050:0.000830251,,
aridity_index,655989at2759,2,Zm00001eb058320,Zm00001eb058320:0.00313507,,,LOC_Os03g07630,LOC_Os03g07630:0.0034042,,,,
aridity_index,656798at2759,2,Zm00001eb063620,Zm00001eb063620:0.000783708,,,,,,,AT1G73210;AT4G03420,AT1G73210:0.00021799;AT4G03420:0.000366134
aridity_index,657394at2759,2,Zm00001eb111830,Zm00001eb111830:0.00192915,,,,,,,AT4G02100,AT4G02100:0.000407362
aridity_index,657882at2759,2,Zm00001eb102580,Zm00001eb102580:0.0015,,,LOC_Os05g01030,LOC_Os05g01030:0.00252008,,,,
aridity_index,661830at2759,2,Zm00001eb158240,Zm00001eb158240:0.000189378,,,,,HORVU.MOREX.r3.3HG0276180,HORVU.MOREX.r3.3HG0276180:0.000942384,,
aridity_index,662733at2759,2,Zm00001eb247540,Zm00001eb247540:0.00359526,,,,,HORVU.MOREX.r3.5HG0488230,HORVU.MOREX.r3.5HG0488230:0.00244068,,
aridity_index,664997at2759,2,Zm00001eb309480,Zm00001eb309480:0.00209085,,,,,,,AT5G27320,AT5G27320:0.000452851
aridity_index,665629at2759,2,Zm00001eb402480,Zm00001eb402480:0.00339287,,,,,,,AT1G21630,AT1G21630:0.000728046
aridity_index,666049at2759,2,Zm00001eb031560,Zm00001eb031560:0.0021049,,,,,HORVU.MOREX.r3.5HG0430270,HORVU.MOREX.r3.5HG0430270:1.02128e-05,,
aridity_index,666657at2759,2,Zm00001eb187650,Zm00001eb187650:0.00374916,,,LOC_Os02g06890,LOC_Os02g06890:0.0027966,,,,
aridity_index,666816at2759,2,Zm00001eb191930,Zm00001eb191930:0.00251954,,,,,,,AT2G43160,AT2G43160:0.000161358
aridity_index,667937at2759,2,Zm00001eb401290,Zm00001eb401290:0.00143313,,,,,,,AT1G78080,AT1G78080:0.000314628
aridity_index,670422at2759,2,Zm00001eb191940,Zm00001eb191940:0.00200043,,,,,HORVU.MOREX.r3.6HG0627260,HORVU.MOREX.r3.6HG0627260:0.00211893,,
aridity_index,671405at2759,2,Zm00001eb302560,Zm00001eb302560:0.000713542,,,LOC_Os07g01920,LOC_Os07g01920:0.00375111,,,,
aridity_index,676069at2759,2,Zm00001eb326830,Zm00001eb326830:0.00254954,,,,,,,AT5G61130,AT5G61130:0.000668149
aridity_index,676501at2759,2,Zm00001eb144450,Zm00001eb144450:0.00379034,,,,,,,AT2G43140,AT2G43140:0.000115843
aridity_index,676963at2759,2,Zm00001eb227200,Zm00001eb227200:0.00277407,,,,,,,AT3G13040,AT3G13040:0.00017645
aridity_index,676966at2759,2,Zm00001eb404040,Zm00001eb404040:0.000652044,,,LOC_Os04g05420,LOC_Os04g05420:0.000413721,,,,
aridity_index,677973at2759,2,Zm00001eb100680,Zm00001eb100680:0.0030437,,,,,,,AT1G14630,AT1G14630:0.000549201
aridity_index,678435at2759,2,,,,,LOC_Os11g06840,LOC_Os11g06840:0.0026556,,,AT3G06490,AT3G06490:0.000116973
aridity_index,679408at2759,2,,,,,LOC_Os01g08250,LOC_Os01g08250:0.00338375,,,AT2G30340,AT2G30340:0.000174592
aridity_index,684569at2759,2,Zm00001eb255960,Zm00001eb255960:0.00341856,,,,,,,AT4G33985,AT4G33985:0.000937777
aridity_index,690382at2759,2,Zm00001eb335320,Zm00001eb335320:0.00379893,,,,,,,AT1G68360,AT1G68360:0.000140717
aridity_index,691785at2759,2,,,,,LOC_Os02g01890,LOC_Os02g01890:0.00308224,,,AT5G63300,AT5G63300:0.000620737
aridity_index,693227at2759,2,Zm00001eb035050,Zm00001eb035050:0.0010114,,,,,,,AT3G60110,AT3G60110:0.000597193
aridity_index,693868at2759,2,,,,,LOC_Os12g04210,LOC_Os12g04210:0.00276163,,,AT1G01490,AT1G01490:1.41067e-05
aridity_index,695290at2759,2,,,,,LOC_Os12g01520,LOC_Os12g01520:0.00256977,,,AT4G20370,AT4G20370:0.000576123
aridity_index,705275at2759,2,,,,,LOC_Os03g01620;LOC_Os12g05120,LOC_Os03g01620:0.000464003;LOC_Os12g05120:0.00205104,,,AT1G04610,AT1G04610:0.00103261
aridity_index,707373at2759,2,,,,,,,HORVU.MOREX.r3.6HG0575120,HORVU.MOREX.r3.6HG0575120:0.00108101,AT5G57850,AT5G57850:0.000465611
aridity_index,710591at2759,2,Zm00001eb154790;Zm00001eb154800,Zm00001eb154790:0.0027982;Zm00001eb154800:0.0011891,,,,,,,AT1G23320,AT1G23320:0.00104346
aridity_index,723441at2759,2,Zm00001eb107030,Zm00001eb107030:0.000888463,,,,,HORVU.MOREX.r3.7HG0749410,HORVU.MOREX.r3.7HG0749410:0.000426219,,
aridity_index,777528at2759,2,,,,,LOC_Os06g07080,LOC_Os06g07080:0.00287614,,,AT2G01450;AT2G42880,AT2G01450:0.00104064;AT2G42880:2.82842e-05
aridity_index,787554at2759,2,Zm00001eb060140;Zm00001eb159530;Zm00001eb408020,Zm00001eb060140:0.00265418;Zm00001eb159530:0.0015364;Zm00001eb408020:0.00265819,,,,,,,AT4G09570;AT4G21940,AT4G09570:0.000392905;AT4G21940:3.33124e-05
aridity_index,790032at2759,2,Zm00001eb078200,Zm00001eb078200:0.00265543,,,,,,,AT5G64560,AT5G64560:0.000529492
aridity_index,792806at2759,2,Zm00001eb313960;Zm00001eb341910,Zm00001eb313960:0.00175794;Zm00001eb341910:0.00409132,,,,,,,AT1G64060,AT1G64060:0.000614981
aridity_index,794814at2759,2,Zm00001eb062530,Zm00001eb062530:0.000924496,,,,,,,AT4G17530;AT5G47200,AT4G17530:0.000866488;AT5G47200:0.000158858
aridity_index,80514at38820,2,Zm00001eb289430,Zm00001eb289430:0.00247211,,,LOC_Os01g08500,LOC_Os01g08500:0.00345708,,,,
aridity_index,91193at2759,2,,,,,,,HORVU.MOREX.r3.6HG0612790,HORVU.MOREX.r3.6HG0612790:0.00226943,AT5G49720,AT5G49720:0.000566643
aridity_index,98674at2759,2,,,,,,,HORVU.MOREX.r3.2HG0099950,HORVU.MOREX.r3.2HG0099950:0.00235855,AT5G62170,AT5G62170:0.000193067
