"Lines","Long","Lat","crop","elevation_m"
"BRIDGE_HOR_12516",-16.56333333,28.33944444,"barley",1149
"BRIDGE_HOR_12779",-16.56333333,28.33944444,"barley",1149
"BRIDGE_HOR_12780",-16.56333333,28.33944444,"barley",1149
"BRIDGE_BCC_1576",-13.46194444,9.131944444,"barley",0
"BRIDGE_HOR_13419",-9.483333333,30.46666667,"barley",457
"BRIDGE_HOR_13418",-9.366666667,30.46666667,"barley",434
"BRIDGE_HOR_13420",-9.05,30.88333333,"barley",966
"BRIDGE_HOR_12820",-8.966666667,37.13305556,"barley",7
"BRIDGE_HOR_13423",-8.916666667,30.45,"barley",208
"BRIDGE_HOR_13414",-8.883333333,31.16666667,"barley",1329
"BRIDGE_HOR_13415",-8.883333333,31.16666667,"barley",1329
"BRIDGE_HOR_13416",-8.833333333,31.05,"barley",1854
"BRIDGE_HOR_13417",-8.833333333,31.05,"barley",1854
"BRIDGE_HOR_13412",-8.516666667,31.36666667,"barley",565
"BRIDGE_HOR_13413",-8.516666667,31.36666667,"barley",565
"BRIDGE_BCC_137",-8.433333333,30.06666667,"barley",1681
"BRIDGE_HOR_13425",-8.166666667,30.7,"barley",856
"BRIDGE_HOR_13424",-8.083333333,30.73333333,"barley",1459
"BRIDGE_HOR_13447",-8.083333333,30.73333333,"barley",1459
"BRIDGE_HOR_13436",-8.066666667,30.51666667,"barley",1073
"BRIDGE_HOR_13437",-8.066666667,30.51666667,"barley",1073
"BRIDGE_HOR_13427",-7.866666667,30.7,"barley",1574
"BRIDGE_HOR_13428",-7.866666667,30.7,"barley",1574
"BRIDGE_HOR_13429",-7.866666667,30.7,"barley",1574
"BRIDGE_HOR_13430",-7.866666667,30.7,"barley",1574
"BRIDGE_HOR_13431",-7.866666667,30.7,"barley",1574
"BRIDGE_HOR_13432",-7.866666667,30.7,"barley",1574
"BRIDGE_HOR_13433",-7.866666667,30.7,"barley",1574
"BRIDGE_HOR_13434",-7.866666667,30.7,"barley",1574
"BRIDGE_HOR_13426",-7.8,30.71666667,"barley",1959
"BRIDGE_HOR_13438",-7.8,30.71666667,"barley",1959
"BRIDGE_HOR_8841",-7.726944444,37.50111111,"barley",216
"BRIDGE_BCC_140",-6.85,30.96666667,"barley",1138
"BRIDGE_HOR_8849",-6.666666667,40.14972222,"barley",337
"BRIDGE_HOR_8850",-6.666666667,40.14972222,"barley",337
"BRIDGE_BCC_152",-6.533333333,34.03333333,"barley",194
"BRIDGE_HOR_8851",-6.333333333,40.43305556,"barley",927
"BRIDGE_HOR_13443",-6.3,33.9,"barley",323
"BRIDGE_HOR_8848",-5.668888889,39.44472222,"barley",646
"BRIDGE_HOR_8846",-5.65,39.37833333,"barley",687
"BRIDGE_HOR_13442",-5.6,34.06666667,"barley",360
"BRIDGE_HOR_13446",-5.6,34.78333333,"barley",255
"BRIDGE_HOR_13444",-5.55,34.81666667,"barley",255
"BRIDGE_HOR_13445",-5.55,34.81666667,"barley",255
"BRIDGE_BCC_141",-5.5,31.8,"barley",2071
"BRIDGE_HOR_13441",-5.4,33.58333333,"barley",1093
"BRIDGE_HOR_8852",-5.233333333,40.38305556,"barley",1640
"BRIDGE_HOR_13439",-5.166666667,32.75,"barley",1642
"BRIDGE_HOR_13440",-4.933333333,33.96666667,"barley",443
"BRIDGE_HOR_12522",-4.133333333,31.53333333,"barley",941
"BRIDGE_HOR_12821",-4.133333333,31.53333333,"barley",941
"BRIDGE_BCC_162",-3.916666667,35.21666667,"barley",72
"BRIDGE_HOR_11644",-3.523055556,50.72166667,"barley",30
"BRIDGE_HOR_13460",-3.516666667,36.91638889,"barley",574
"BRIDGE_HOR_13461",-3.516666667,36.91638889,"barley",574
"BRIDGE_HOR_11646",-2.591666667,51.45527778,"barley",66
"BRIDGE_HOR_11665",-1.944722222,52.40777778,"barley",155
"BRIDGE_HOR_12019",-1.944722222,52.40777778,"barley",155
"BRIDGE_HOR_12045",-1.944722222,52.40777778,"barley",155
"BRIDGE_HOR_12047",-1.944722222,52.40777778,"barley",155
"BRIDGE_HOR_12048",-1.944722222,52.40777778,"barley",155
"BRIDGE_HOR_12073",-1.944722222,52.40777778,"barley",155
"BRIDGE_HOR_12316",-1.944722222,52.40777778,"barley",155
"BRIDGE_HOR_12317",-1.944722222,52.40777778,"barley",155
"BRIDGE_HOR_12318",-1.944722222,52.40777778,"barley",155
"BRIDGE_HOR_12319",-1.944722222,52.40777778,"barley",155
"BRIDGE_HOR_12320",-1.944722222,52.40777778,"barley",155
"BRIDGE_HOR_12322",-1.944722222,52.40777778,"barley",155
"BRIDGE_HOR_12323",-1.944722222,52.40777778,"barley",155
"BRIDGE_HOR_12324",-1.944722222,52.40777778,"barley",155
"BRIDGE_HOR_12325",-1.944722222,52.40777778,"barley",155
"BRIDGE_HOR_12326",-1.944722222,52.40777778,"barley",155
"BRIDGE_HOR_12331",-1.944722222,52.40777778,"barley",155
"BRIDGE_HOR_12332",-1.944722222,52.40777778,"barley",155
"BRIDGE_HOR_12334",-1.944722222,52.40777778,"barley",155
"BRIDGE_BCC_134",-1.25,32.16666667,"barley",922
"BRIDGE_HOR_11645",-0.1325,52.20583333,"barley",49
"BTR_FT521",2.68333333,42.73333333,"barley",126
"BRIDGE_BCC_37",3.266666667,34.73333333,"barley",1159
"BRIDGE_HOR_13515",5.645,44.05027778,"barley",899
"BRIDGE_HOR_13516",5.709444444,44.42222222,"barley",807
"BRIDGE_BCC_49",5.783333333,35.8,"barley",1107
"BRIDGE_HOR_13519",5.879444444,44.73194444,"barley",1518
"BRIDGE_HOR_13520",5.934444444,44.80722222,"barley",1173
"BRIDGE_HOR_13518",5.935277778,44.67944444,"barley",1518
"BRIDGE_BCC_46",6,35.63333333,"barley",1257
"BRIDGE_HOR_13521",6.5475,44.60611111,"barley",1347
"BRIDGE_BCC_33",6.583333333,36.21666667,"barley",729
"BRIDGE_HOR_13522",6.591666667,44.71472222,"barley",1754
"BRIDGE_HOR_13517",6.728888889,43.84583333,"barley",1116
"BRIDGE_HOR_11116",7.193611111,45.14333333,"barley",1027
"BRIDGE_HOR_11117",7.193611111,45.14333333,"barley",1027
"BRIDGE_HOR_11118",7.193611111,45.14333333,"barley",1027
"BRIDGE_HOR_11119",7.55,44.78305556,"barley",253
"BRIDGE_HOR_11125",7.55,44.78305556,"barley",253
"BRIDGE_HOR_12412",7.55,44.78305556,"barley",253
"BTR_FT411",7.851111111,46.31361111,"barley",1483
"BRIDGE_HOR_11503",8.205,40.7625,"barley",89
"BRIDGE_HOR_11495",8.25,40.72972222,"barley",74
"BRIDGE_HOR_11496",8.25,40.725,"barley",74
"BRIDGE_HOR_11497",8.25,40.78972222,"barley",44
"BRIDGE_HOR_11498",8.25,40.795,"barley",44
"BRIDGE_HOR_13493",8.305555556,39.145,"barley",7
"BRIDGE_HOR_13490",8.383333333,39.1,"barley",2
"BRIDGE_HOR_11480",8.439722222,40.02194444,"barley",9
"BRIDGE_HOR_11481",8.439722222,40.01666667,"barley",9
"BRIDGE_HOR_11482",8.439722222,40.04694444,"barley",9
"BRIDGE_HOR_11483",8.439722222,39.95555556,"barley",4
"BRIDGE_HOR_11484",8.439722222,39.96666667,"barley",4
"BRIDGE_HOR_13462",8.439722222,40.02194444,"barley",9
"BRIDGE_HOR_12831",8.4575,39.66972222,"barley",22
"BRIDGE_HOR_11501",8.464166667,40.73388889,"barley",85
"BRIDGE_HOR_11499",8.566388889,40.18305556,"barley",341
"BRIDGE_HOR_11488",9.0775,39.39166667,"barley",127
"BRIDGE_HOR_11487",9.090555556,39.30027778,"barley",51
"BRIDGE_HOR_11491",9.1325,39.53333333,"barley",257
"BRIDGE_HOR_11504",9.1325,39.53333333,"barley",257
"BRIDGE_HOR_12711",9.1325,39.53333333,"barley",257
"BRIDGE_HOR_12712",9.1325,39.53333333,"barley",257
"BRIDGE_HOR_12795",9.1325,39.53333333,"barley",257
"BRIDGE_HOR_13466",9.1325,39.53333333,"barley",257
"BRIDGE_HOR_11490",9.169722222,39.47888889,"barley",397
"BRIDGE_HOR_11485",9.183611111,39.25,"barley",3
"BRIDGE_HOR_11486",9.183611111,39.26666667,"barley",109
"BRIDGE_HOR_11489",9.305833333,39.49805556,"barley",539
"BRIDGE_HOR_11502",9.349166667,40.50138889,"barley",711
"BRIDGE_HOR_12794",9.349166667,40.50138889,"barley",711
"BRIDGE_HOR_11492",9.351944444,39.62416667,"barley",429
"BRIDGE_HOR_11493",9.625,39.79638889,"barley",74
"BRIDGE_HOR_12793",9.625,39.79638889,"barley",74
"BRIDGE_HOR_11494",9.7,40.33055556,"barley",0
"BRIDGE_HOR_13494",9.783055556,40.58305556,"barley",77
"BRIDGE_HOR_94",10.02527778,46.98805556,"barley",1795
"BRIDGE_HOR_10367",10.05,44.2,"barley",261
"BRIDGE_HOR_3964",10.27972222,47.13,"barley",2034
"BRIDGE_HOR_11123",10.32166667,45.9425,"barley",772
"BRIDGE_HOR_11124",10.32166667,45.9425,"barley",772
"BRIDGE_HOR_12411",10.32166667,45.9425,"barley",772
"BRIDGE_HOR_12787",10.32166667,45.9425,"barley",772
"BRIDGE_HOR_13495_A",10.36361111,51.41972222,"barley",385
"BRIDGE_HOR_13496",10.36361111,51.41972222,"barley",385
"BRIDGE_HOR_22167",10.36361111,51.41972222,"barley",385
"BRIDGE_HOR_11006",10.45,46.64972222,"barley",1951
"BRIDGE_HOR_11005",10.53305556,46.76638889,"barley",1873
"BRIDGE_HOR_3968",10.83,47.04972222,"barley",2417
"BRIDGE_HOR_10949",10.86666667,43.48333333,"barley",162
"BRIDGE_HOR_11003",10.98305556,44.14972222,"barley",604
"BRIDGE_HOR_2348",11.01666667,47.04972222,"barley",2315
"BRIDGE_HOR_2346",11.01972222,47.07,"barley",2369
"BRIDGE_HOR_11004",11.03305556,44.16638889,"barley",604
"BRIDGE_HOR_2404",11.15,47.17972222,"barley",2076
"BRIDGE_HOR_947",11.15,47.17972222,"barley",2076
"BRIDGE_HOR_11008",11.36611111,46.86861111,"barley",1648
"BRIDGE_HOR_91",11.7075,47.52722222,"barley",1218
"BRIDGE_HOR_814",11.7075,47.52722222,"barley",1218
"BRIDGE_HOR_12420",11.99833333,36.75138889,"barley",11
"BRIDGE_HOR_10947",12,43.76666667,"barley",959
"BRIDGE_HOR_10948",12.03305556,44.06666667,"barley",254
"BRIDGE_HOR_11114",12.08305556,42.61638889,"barley",405
"BRIDGE_HOR_12721",12.08305556,42.61638889,"barley",405
"BRIDGE_HOR_11009",12.23111111,46.74222222,"barley",1630
"BRIDGE_HOR_10682",12.31638889,37.93305556,"barley",0
"BRIDGE_HOR_10683",12.31638889,37.93305556,"barley",0
"BRIDGE_HOR_10946",12.31666667,43.91666667,"barley",445
"BRIDGE_HOR_11113",12.33305556,42.56638889,"barley",155
"BRIDGE_HOR_11122",12.33305556,42.56638889,"barley",155
"BRIDGE_HOR_93",12.46638889,47.5,"barley",1210
"BRIDGE_HOR_10554",12.5,38.01666667,"barley",0
"BRIDGE_HOR_10556",12.5,38.01666667,"barley",0
"BRIDGE_HOR_10557",12.5,38.01666667,"barley",0
"BRIDGE_HOR_10560",12.5,38.01666667,"barley",0
"BRIDGE_HOR_10671",12.5,38.01666667,"barley",0
"BRIDGE_BCC_112",12.6,32.03333333,"barley",704
"BRIDGE_HOR_3959",12.64805556,47.28222222,"barley",1264
"BRIDGE_HOR_10943",12.68333333,43.71666667,"barley",334
"BRIDGE_HOR_10944",12.68333333,43.71666667,"barley",334
"BRIDGE_HOR_10555",12.73666667,37.94027778,"barley",274
"BRIDGE_HOR_10670",12.73666667,37.94027778,"barley",274
"BRIDGE_HOR_10772",12.73666667,37.94027778,"barley",274
"BRIDGE_HOR_3954",12.8,47.06638889,"barley",2079
"BRIDGE_HOR_3777",12.86972222,46.86972222,"barley",1408
"BRIDGE_HOR_3960",12.86972222,46.86972222,"barley",1408
"BRIDGE_HOR_3949",12.88,46.96972222,"barley",1804
"BRIDGE_HOR_3956",12.9,46.67972222,"barley",1339
"BRIDGE_HOR_10937",12.98305556,42.54972222,"barley",1154
"BRIDGE_HOR_9857",13.00777778,48.13444444,"barley",482
"BRIDGE_HOR_9858",13.00777778,48.13444444,"barley",482
"BRIDGE_HOR_10939",13.06638889,43.13305556,"barley",521
"BRIDGE_HOR_10940",13.06638889,43.13305556,"barley",521
"BRIDGE_HOR_10941",13.06638889,43.13305556,"barley",521
"BRIDGE_HOR_10942",13.06638889,43.13305556,"barley",521
"BRIDGE_HOR_10992",13.06638889,43.13305556,"barley",521
"BRIDGE_HOR_10945",13.1,43.71666667,"barley",78
"BRIDGE_HOR_10950",13.1,43.71666667,"barley",78
"BRIDGE_HOR_11107",13.1,43.71666667,"barley",78
"BRIDGE_HOR_11108",13.1,43.71666667,"barley",78
"BRIDGE_HOR_3950",13.16972222,46.97972222,"barley",2032
"BRIDGE_HOR_3961",13.2,47.35,"barley",857
"BRIDGE_HOR_9848",13.29694444,47.9925,"barley",621
"BRIDGE_HOR_9850",13.29694444,47.9925,"barley",621
"BRIDGE_HOR_9851",13.29694444,47.9925,"barley",621
"BRIDGE_HOR_10936",13.3,42.51638889,"barley",1102
"BRIDGE_HOR_11012",13.3,42.51638889,"barley",1102
"BRIDGE_BCC_1590",13.3,42.51666667,"barley",1102
"BRIDGE_HOR_10553",13.34,37.65777778,"barley",668
"BRIDGE_HOR_8702",13.36638889,37.88305556,"barley",723
"BRIDGE_HOR_3951",13.5,46.92972222,"barley",1444
"BRIDGE_HOR_3957",13.5,47.14972222,"barley",1840
"BRIDGE_HOR_3958",13.61972222,47.07972222,"barley",1622
"BRIDGE_HOR_9855",13.66666667,48.5,"barley",566
"BRIDGE_HOR_9856",13.66666667,48.5,"barley",566
"BRIDGE_HOR_10552",13.75,37.62333333,"barley",468
"BRIDGE_HOR_10638",13.75,37.62333333,"barley",468
"BRIDGE_HOR_9712",14.085,41.36638889,"barley",151
"BRIDGE_HOR_13488_A",14.21638889,40.54972222,"barley",0
"BRIDGE_HOR_22164",14.21638889,40.54972222,"barley",0
"BRIDGE_HOR_9711",14.22916667,41.45694444,"barley",824
"BRIDGE_HOR_10630",14.47,48.54972222,"barley",696
"BRIDGE_HOR_3953",14.53305556,46.85,"barley",1093
"BRIDGE_HOR_10094",14.76194444,48.51138889,"barley",904
"BRIDGE_HOR_9852",14.76194444,48.51138889,"barley",904
"BRIDGE_HOR_9853",14.76194444,48.51138889,"barley",904
"BRIDGE_HOR_9854",14.76194444,48.51138889,"barley",904
"BRIDGE_HOR_9256",14.91638889,41.26638889,"barley",696
"BRIDGE_HOR_9265",14.91638889,41.26638889,"barley",696
"BRIDGE_HOR_9462",14.91638889,41.26638889,"barley",696
"BRIDGE_HOR_13487",14.93305556,38.48305556,"barley",0
"BRIDGE_HOR_13486",14.96638889,38.39972222,"barley",0
"BRIDGE_HOR_9264",14.96805556,41.47138889,"barley",528
"BRIDGE_HOR_9308",14.96805556,41.47138889,"barley",528
"BRIDGE_HOR_9309",14.96805556,41.47138889,"barley",528
"BRIDGE_HOR_9257",15,41.33305556,"barley",591
"BRIDGE_HOR_9267",15,41.33305556,"barley",591
"BRIDGE_HOR_10411",15.08305556,41.34083333,"barley",777
"BRIDGE_HOR_10412",15.08305556,41.34083333,"barley",777
"BRIDGE_HOR_9268",15.08305556,41.34083333,"barley",777
"BRIDGE_HOR_9269",15.08305556,41.34083333,"barley",777
"BRIDGE_HOR_9273",15.08305556,41.28944444,"barley",702
"BRIDGE_HOR_9310",15.08305556,41.34083333,"barley",777
"BRIDGE_HOR_1999",15.09972222,37.5,"barley",25
"BRIDGE_HOR_4280",15.09972222,37.5,"barley",25
"BRIDGE_HOR_9258",15.15,41.33694444,"barley",777
"BRIDGE_HOR_9270",15.15,41.33694444,"barley",777
"BRIDGE_HOR_13158",15.16666667,45.28333333,"barley",582
"BRIDGE_HOR_9274",15.18305556,41.24333333,"barley",702
"BRIDGE_HOR_13159",15.23333333,45.2,"barley",491
"BRIDGE_HOR_9704",15.25,40.85,"barley",608
"BRIDGE_HOR_9705",15.25,40.85,"barley",608
"BRIDGE_HOR_2285",15.26638889,37.91638889,"barley",370
"BRIDGE_HOR_4579",15.26638889,37.91638889,"barley",370
"BRIDGE_HOR_2000",15.28305556,40.03305556,"barley",50
"BRIDGE_HOR_2001",15.3,37.89972222,"barley",141
"BRIDGE_HOR_2004",15.3,37.89972222,"barley",141
"BRIDGE_HOR_9859",15.41972222,47.38,"barley",903
"BRIDGE_HOR_10028",15.47,40.71388889,"barley",758
"BRIDGE_HOR_10059",15.47,40.71388889,"barley",758
"BRIDGE_HOR_11478",15.53305556,40.85,"barley",772
"BRIDGE_HOR_10952",15.55,47.38,"barley",1081
"BRIDGE_HOR_11479",15.57833333,40.69305556,"barley",645
"BRIDGE_HOR_12791",15.57833333,40.69305556,"barley",645
"BRIDGE_HOR_9261",15.60055556,41.68666667,"barley",385
"BRIDGE_HOR_10044",15.64194444,40.62777778,"barley",786
"BRIDGE_HOR_12822",15.66666667,40.95,"barley",552
"BRIDGE_HOR_12823",15.66666667,40.93305556,"barley",552
"BRIDGE_HOR_13523",15.66666667,40.95,"barley",552
"BRIDGE_HOR_13524",15.66666667,40.95,"barley",552
"BRIDGE_HOR_10045",15.85,40.48694444,"barley",964
"BRIDGE_HOR_10681",15.86638889,37.98305556,"barley",179
"BRIDGE_HOR_9913",15.88,40.34111111,"barley",1043
"BRIDGE_HOR_9914",15.94416667,40.31055556,"barley",632
"BRIDGE_HOR_10223",15.98305556,40.09777778,"barley",997
"BRIDGE_HOR_9255",15.99027778,41.93361111,"barley",257
"BRIDGE_HOR_9911",16.01,40.43972222,"barley",974
"BRIDGE_HOR_10225",16.05,39.7,"barley",593
"BRIDGE_HOR_10221",16.16638889,40.11638889,"barley",717
"BRIDGE_HOR_9262",16.16638889,41.81111111,"barley",287
"BRIDGE_HOR_10226",16.17583333,39.60055556,"barley",146
"BRIDGE_HOR_1669",16.2,39.21638889,"barley",876
"BRIDGE_HOR_2003",16.2,38.16638889,"barley",5
"BRIDGE_HOR_1670",16.25,39.29972222,"barley",381
"BRIDGE_HOR_1671",16.25,39.29972222,"barley",381
"BRIDGE_HOR_12824",16.28333333,40,"barley",821
"BRIDGE_HOR_12825",16.3,40.03333333,"barley",821
"BRIDGE_HOR_2002",16.3,38.33305556,"barley",139
"BRIDGE_HOR_2009",16.33305556,39.23305556,"barley",698
"BRIDGE_HOR_2010",16.33305556,39.23305556,"barley",698
"BRIDGE_HOR_2011",16.33305556,39.23305556,"barley",698
"BRIDGE_HOR_10229",16.35277778,39.33305556,"barley",583
"BRIDGE_HOR_10230",16.35277778,39.33305556,"barley",583
"BRIDGE_HOR_10364",16.36638889,39.08305556,"barley",991
"BRIDGE_HOR_10365",16.36638889,39.08305556,"barley",991
"BRIDGE_HOR_10474",16.36638889,39.08305556,"barley",991
"BRIDGE_HOR_2005",16.39972222,38.31638889,"barley",55
"BRIDGE_HOR_10825",16.5,40.72722222,"barley",329
"BRIDGE_HOR_2392",16.61638889,39.45,"barley",964
"BRIDGE_HOR_2486",16.61638889,39.45,"barley",964
"BRIDGE_HOR_2008",16.7,39.25,"barley",1247
"BRIDGE_HOR_2007",16.78305556,39.23305556,"barley",638
"BRIDGE_HOR_10234",16.8,39.06638889,"barley",522
"BRIDGE_HOR_10827",16.8,40.61638889,"barley",360
"BRIDGE_HOR_2006",17.13305556,39.08305556,"barley",2
"BRIDGE_HOR_11120",17.33305556,40.75,"barley",392
"BRIDGE_HOR_7336",17.40555556,48.73555556,"barley",305
"BRIDGE_HOR_7392",17.40555556,48.73555556,"barley",305
"BRIDGE_HOR_9646",17.44027778,48.74222222,"barley",305
"BRIDGE_HOR_9647",17.44027778,48.74222222,"barley",305
"BRIDGE_HOR_9648",17.44555556,48.73833333,"barley",305
"BRIDGE_HOR_9653",17.45277778,48.73388889,"barley",363
"BRIDGE_HOR_9651",17.46444444,48.73388889,"barley",363
"BRIDGE_HOR_9652",17.46444444,48.73388889,"barley",363
"BRIDGE_HOR_9248",17.47305556,40.73777778,"barley",192
"BRIDGE_HOR_7334",17.48333333,48.86638889,"barley",305
"BRIDGE_HOR_7335",17.48333333,48.86638889,"barley",305
"BRIDGE_HOR_10828",17.50638889,40.45,"barley",115
"BRIDGE_HOR_10831",17.50638889,40.45,"barley",115
"BRIDGE_HOR_9252",17.54666667,40.73305556,"barley",123
"BRIDGE_HOR_9636",17.56305556,49.04916667,"barley",260
"BRIDGE_HOR_9637",17.56305556,49.04916667,"barley",260
"BRIDGE_HOR_9638",17.56305556,49.04916667,"barley",260
"BRIDGE_HOR_9639",17.56305556,49.04916667,"barley",260
"BRIDGE_HOR_9640",17.56305556,49.04916667,"barley",260
"BRIDGE_HOR_9641",17.57333333,49.02944444,"barley",279
"BRIDGE_HOR_9642",17.57333333,49.02944444,"barley",279
"BRIDGE_HOR_9643",17.57333333,49.02944444,"barley",279
"BRIDGE_HOR_9655",17.79527778,48.87916667,"barley",463
"BRIDGE_HOR_9670",17.81805556,48.93722222,"barley",466
"BRIDGE_HOR_9671",17.81805556,48.93722222,"barley",466
"BRIDGE_HOR_9656",17.81833333,48.91611111,"barley",466
"BRIDGE_HOR_9657",17.81833333,48.91611111,"barley",466
"BRIDGE_HOR_9658",17.81833333,48.91611111,"barley",466
"BRIDGE_HOR_9659",17.81833333,48.91611111,"barley",466
"BRIDGE_HOR_9660",17.81833333,48.91611111,"barley",466
"BRIDGE_HOR_9645",17.8375,48.93694444,"barley",466
"BRIDGE_HOR_9661",17.8375,48.93694444,"barley",466
"BRIDGE_HOR_9662",17.8375,48.93694444,"barley",466
"BRIDGE_HOR_9663",17.8375,48.93694444,"barley",466
"BRIDGE_HOR_9664",17.8375,48.93694444,"barley",466
"BRIDGE_HOR_9665",17.8375,48.93694444,"barley",466
"BRIDGE_HOR_9666",17.8375,48.93694444,"barley",466
"BRIDGE_HOR_9667",17.8375,48.93694444,"barley",466
"BRIDGE_HOR_9668",17.8375,48.93694444,"barley",466
"BRIDGE_HOR_9669",17.8375,48.93694444,"barley",466
"BRIDGE_HOR_8613",17.86305556,48.96638889,"barley",476
"BRIDGE_HOR_9685",17.93722222,48.92166667,"barley",316
"BRIDGE_HOR_9672",17.95638889,48.98,"barley",466
"BRIDGE_HOR_9673",17.95638889,48.98,"barley",466
"BRIDGE_HOR_9682",17.95694444,48.89361111,"barley",316
"BRIDGE_HOR_9683",17.95694444,48.89361111,"barley",316
"BRIDGE_HOR_9684",17.95694444,48.89361111,"barley",316
"BRIDGE_HOR_9674",17.97833333,49,"barley",466
"BRIDGE_HOR_9675",17.97833333,49,"barley",466
"BRIDGE_HOR_9676",17.97833333,49,"barley",466
"BRIDGE_HOR_9677",17.97833333,49,"barley",466
"BRIDGE_HOR_9678",17.97833333,49,"barley",466
"BRIDGE_HOR_7383",18.16166667,49.46611111,"barley",490
"BRIDGE_HOR_9681",18.16333333,48.85027778,"barley",347
"BRIDGE_HOR_9679",18.17638889,48.87,"barley",346
"BRIDGE_HOR_9680",18.17638889,48.87,"barley",346
"BRIDGE_HOR_10829",18.2,40.18305556,"barley",78
"BRIDGE_HOR_10830",18.2,40.18305556,"barley",78
"BRIDGE_HOR_9692",18.21083333,49.14361111,"barley",522
"BRIDGE_HOR_9693",18.21083333,49.14361111,"barley",522
"BRIDGE_HOR_7384",18.21916667,49.42972222,"barley",603
"BRIDGE_HOR_7385",18.21916667,49.42972222,"barley",603
"BRIDGE_HOR_7386",18.21916667,49.42972222,"barley",603
"BRIDGE_HOR_7387",18.21916667,49.42972222,"barley",603
"BRIDGE_HOR_7388",18.21916667,49.42972222,"barley",603
"BRIDGE_HOR_7438",18.21916667,49.42972222,"barley",603
"BRIDGE_HOR_4944",18.22083333,49.42777778,"barley",603
"BRIDGE_HOR_9694",18.22305556,49.14555556,"barley",522
"BRIDGE_HOR_4945",18.28611111,49.35833333,"barley",722
"BRIDGE_HOR_4946",18.28611111,49.35833333,"barley",722
"BRIDGE_HOR_7279",18.28611111,49.35833333,"barley",722
"BRIDGE_HOR_9686",18.43555556,48.94222222,"barley",630
"BRIDGE_HOR_9687",18.43555556,48.94222222,"barley",630
"BRIDGE_HOR_9688",18.43555556,48.94222222,"barley",630
"BRIDGE_HOR_9689",18.43555556,48.94222222,"barley",630
"BRIDGE_HOR_9690",18.43555556,48.94222222,"barley",630
"BRIDGE_HOR_9691",18.43555556,48.94222222,"barley",630
"BRIDGE_HOR_9700",18.45277778,49.28472222,"barley",671
"BRIDGE_HOR_9696",18.48472222,49.2075,"barley",412
"BRIDGE_HOR_9697",18.48472222,49.2075,"barley",412
"BRIDGE_HOR_9698",18.48472222,49.2075,"barley",412
"BRIDGE_HOR_9699",18.48472222,49.2075,"barley",412
"BRIDGE_HOR_9695",18.48972222,49.20972222,"barley",412
"BRIDGE_HOR_7337",18.66527778,48.56027778,"barley",531
"BRIDGE_HOR_7338",18.66527778,48.56027778,"barley",531
"BRIDGE_HOR_7339",18.66527778,48.56027778,"barley",531
"BRIDGE_HOR_7340",18.66527778,48.56027778,"barley",531
"BRIDGE_HOR_7341",18.66527778,48.56027778,"barley",531
"BRIDGE_HOR_7342",18.66527778,48.56027778,"barley",531
"BRIDGE_HOR_7343",18.66527778,48.56027778,"barley",531
"BRIDGE_HOR_7379",18.83277778,49.51972222,"barley",573
"BRIDGE_HOR_7380",18.83277778,49.51972222,"barley",573
"BRIDGE_HOR_7381",18.83277778,49.51972222,"barley",573
"BRIDGE_HOR_7376",18.89388889,49.355,"barley",566
"BRIDGE_HOR_7377",18.89388889,49.355,"barley",566
"BRIDGE_HOR_7378",18.89388889,49.355,"barley",566
"BRIDGE_HOR_7436",18.89388889,49.355,"barley",566
"BRIDGE_HOR_7437",18.89388889,49.355,"barley",566
"BRIDGE_HOR_7346",19.00444444,48.44444444,"barley",549
"BRIDGE_HOR_7373",19.19388889,49.37444444,"barley",873
"BRIDGE_HOR_7374",19.19388889,49.37444444,"barley",873
"BRIDGE_HOR_7375",19.19388889,49.37444444,"barley",873
"BRIDGE_HOR_7369",19.29222222,49.14083333,"barley",650
"BRIDGE_HOR_7347",19.32777778,48.49138889,"barley",732
"BRIDGE_HOR_7372",19.38222222,49.38722222,"barley",741
"BRIDGE_HOR_7349",19.51583333,48.23777778,"barley",255
"BRIDGE_HOR_7370",19.53583333,49.36222222,"barley",688
"BRIDGE_HOR_7371",19.53583333,49.36222222,"barley",688
"BRIDGE_HOR_737",19.55666667,41.18527778,"barley",73
"BRIDGE_HOR_738",19.55666667,41.18527778,"barley",73
"BRIDGE_HOR_739",19.57333333,41.4525,"barley",65
"BRIDGE_HOR_7350",19.67083333,48.51638889,"barley",680
"BRIDGE_HOR_7351",19.67083333,48.51638889,"barley",680
"BRIDGE_HOR_7352",19.67083333,48.51638889,"barley",680
"BRIDGE_HOR_7353",19.67083333,48.51638889,"barley",680
"BRIDGE_HOR_7354",19.67083333,48.51638889,"barley",680
"BRIDGE_HOR_11312",19.81638889,40.51638889,"barley",279
"BRIDGE_HOR_11313",19.81638889,40.51638889,"barley",279
"BRIDGE_HOR_12805",19.81638889,40.51638889,"barley",279
"BRIDGE_HOR_11315",19.86638889,40.39972222,"barley",288
"BRIDGE_HOR_11314",19.9425,40.2125,"barley",1071
"BRIDGE_HOR_12782",19.9425,40.2125,"barley",1071
"BRIDGE_HOR_736",19.96222222,39.95916667,"barley",144
"BRIDGE_HOR_7368",19.98333333,49.06222222,"barley",959
"BRIDGE_HOR_748",20.01638889,40.29972222,"barley",389
"BRIDGE_HOR_740",20.02555556,41.45416667,"barley",959
"BRIDGE_HOR_7355",20.095,48.59138889,"barley",428
"BRIDGE_HOR_7356",20.14138889,48.74111111,"barley",658
"BRIDGE_HOR_7357",20.14138889,48.74111111,"barley",658
"BRIDGE_HOR_7358",20.14138889,48.74111111,"barley",658
"BRIDGE_HOR_7359",20.14138889,48.74111111,"barley",658
"BRIDGE_HOR_7390",20.14138889,48.74111111,"barley",658
"BRIDGE_HOR_756",20.18305556,40.31638889,"barley",653
"BRIDGE_HOR_13150",20.25,40.53333333,"barley",927
"BRIDGE_HOR_13151",20.25,40.53333333,"barley",927
"BRIDGE_HOR_1245",20.30361111,39.36972222,"barley",206
"BRIDGE_HOR_987",20.30361111,39.36972222,"barley",206
"BRIDGE_HOR_12402",20.33305556,41.88305556,"barley",962
"BRIDGE_HOR_12798",20.33305556,41.88305556,"barley",962
"BRIDGE_HOR_1269",20.4275,41.81138889,"barley",1013
"BRIDGE_HOR_1270",20.4275,41.81138889,"barley",1013
"BRIDGE_HOR_1286",20.5,39.61638889,"barley",334
"BRIDGE_HOR_12403",20.53138889,42.14111111,"barley",928
"BRIDGE_HOR_12799",20.53138889,42.14111111,"barley",928
"BRIDGE_HOR_12413",20.54861111,41.07277778,"barley",898
"BRIDGE_HOR_1267",20.58305556,39.66638889,"barley",344
"BRIDGE_HOR_1268",20.58305556,39.66638889,"barley",344
"BRIDGE_HOR_13152",20.63305556,40.93305556,"barley",1065
"BRIDGE_HOR_12415",20.64972222,40.61638889,"barley",965
"BRIDGE_HOR_12416",20.64972222,40.88305556,"barley",825
"BRIDGE_HOR_768",20.73305556,39.81638889,"barley",746
"BRIDGE_HOR_2510",20.78305556,39.88305556,"barley",923
"BRIDGE_HOR_743",20.78305556,39.88305556,"barley",923
"BRIDGE_HOR_744",20.81638889,39.89972222,"barley",1482
"BRIDGE_HOR_8620",20.82777778,49.32527778,"barley",595
"BRIDGE_HOR_8627",20.82777778,49.32527778,"barley",595
"BRIDGE_HOR_8629",20.82777778,49.32527778,"barley",595
"BRIDGE_HOR_8630",20.82777778,49.32527778,"barley",595
"BRIDGE_HOR_8631",20.82777778,49.32527778,"barley",595
"BRIDGE_HOR_8677",20.82777778,49.32527778,"barley",595
"BRIDGE_HOR_8680",20.82777778,49.32527778,"barley",595
"BRIDGE_HOR_1247",20.83305556,39.66638889,"barley",641
"BRIDGE_HOR_991",20.83305556,39.66638889,"barley",641
"BRIDGE_HOR_1386",20.85,39.91638889,"barley",1400
"BRIDGE_HOR_936",20.85,39.91638889,"barley",1400
"BRIDGE_HOR_745",20.95,39.96638889,"barley",1242
"BRIDGE_HOR_1387",20.98305556,39.85,"barley",1046
"BRIDGE_HOR_937",20.98305556,39.85,"barley",1046
"BRIDGE_HOR_8615",20.98833333,48.82111111,"barley",695
"BRIDGE_HOR_1279",21,39.78305556,"barley",719
"BRIDGE_HOR_1280",21,39.78305556,"barley",719
"BRIDGE_HOR_746",21,39.79972222,"barley",1046
"BRIDGE_HOR_1278",21.06638889,39.71638889,"barley",1060
"BRIDGE_HOR_8684",21.14388889,49.36277778,"barley",537
"BRIDGE_HOR_8657",21.14694444,49.40555556,"barley",624
"BRIDGE_HOR_967",21.18305556,39.76638889,"barley",1466
"BRIDGE_HOR_7367",21.18388889,48.99194444,"barley",381
"BRIDGE_HOR_7360",21.3325,49.04527778,"barley",346
"BRIDGE_HOR_7361",21.3325,49.04527778,"barley",346
"BRIDGE_HOR_989",21.33305556,40.43305556,"barley",788
"BRIDGE_HOR_8655",21.43,49.39722222,"barley",398
"BRIDGE_HOR_8656",21.43,49.39722222,"barley",398
"BRIDGE_HOR_8660",21.43,49.39722222,"barley",398
"BRIDGE_HOR_691",21.45,37.68305556,"barley",41
"BRIDGE_HOR_692",21.45,37.68305556,"barley",41
"BRIDGE_HOR_729",21.55,37.68305556,"barley",65
"BRIDGE_HOR_8647",21.575,49.305,"barley",308
"BRIDGE_HOR_7362",21.58222222,49.06138889,"barley",280
"BRIDGE_HOR_7363",21.58222222,49.06138889,"barley",280
"BRIDGE_HOR_7364",21.58222222,49.06138889,"barley",280
"BRIDGE_HOR_7365",21.58222222,49.06138889,"barley",280
"BRIDGE_HOR_7366",21.58222222,49.06138889,"barley",280
"BRIDGE_HOR_7391",21.58222222,49.06138889,"barley",280
"BRIDGE_HOR_1244",21.61638889,40.68305556,"barley",654
"BRIDGE_HOR_4402",21.61638889,40.68305556,"barley",654
"BRIDGE_HOR_760",21.61638889,40.68305556,"barley",654
"BRIDGE_HOR_986",21.61638889,40.68305556,"barley",654
"BRIDGE_HOR_732",21.64166667,37.66944444,"barley",138
"BRIDGE_HOR_8654",21.64805556,49.41277778,"barley",485
"BRIDGE_HOR_8648",21.66611111,49.34944444,"barley",443
"BRIDGE_HOR_8683",21.66611111,49.34944444,"barley",443
"BRIDGE_HOR_753",21.66638889,39.26638889,"barley",1034
"BRIDGE_HOR_966",21.68305556,40.52,"barley",612
"BRIDGE_HOR_988",21.68305556,40.52,"barley",612
"BRIDGE_HOR_722",21.71638889,37.1,"barley",271
"BRIDGE_HOR_731",21.71638889,37.71638889,"barley",365
"BRIDGE_HOR_8650",21.73333333,49.32694444,"barley",443
"BRIDGE_HOR_8651",21.73333333,49.32694444,"barley",443
"BRIDGE_HOR_8652",21.73333333,49.32694444,"barley",443
"BRIDGE_HOR_8649",21.74194444,49.36138889,"barley",536
"BRIDGE_HOR_8653",21.80694444,49.22388889,"barley",404
"BRIDGE_HOR_1236",21.83305556,39.56638889,"barley",182
"BRIDGE_HOR_2278",21.83305556,39.56638889,"barley",182
"BRIDGE_HOR_726",21.89972222,36.86638889,"barley",225
"BRIDGE_HOR_1026",21.96638889,37.14972222,"barley",77
"BRIDGE_HOR_1027",21.96638889,37.14972222,"barley",77
"BRIDGE_HOR_1150",21.96638889,37.14972222,"barley",77
"BRIDGE_HOR_1152",21.96638889,37.14972222,"barley",77
"BRIDGE_HOR_1153",21.96638889,37.14972222,"barley",77
"BRIDGE_HOR_1158",21.96638889,37.01638889,"barley",47
"BRIDGE_HOR_1360",21.96638889,37.01638889,"barley",47
"BRIDGE_HOR_1652",21.96638889,37.01638889,"barley",47
"BRIDGE_HOR_1738",21.96638889,37.01638889,"barley",47
"BRIDGE_HOR_1739",21.96638889,37.23305556,"barley",115
"BRIDGE_HOR_6953",21.96638889,37.14972222,"barley",77
"BRIDGE_HOR_6954",21.96638889,37.14972222,"barley",77
"BRIDGE_HOR_719",21.96638889,37.23305556,"barley",115
"BRIDGE_HOR_720",21.96638889,37.23305556,"barley",115
"BRIDGE_HOR_727",21.96638889,37.01638889,"barley",47
"BRIDGE_HOR_881",21.96638889,37.23305556,"barley",115
"BRIDGE_HOR_725",21.98305556,37.16638889,"barley",77
"BRIDGE_HOR_8645",22.00166667,49.19472222,"barley",407
"BRIDGE_HOR_1020",22.01638889,37.2,"barley",447
"BRIDGE_HOR_1033",22.01638889,37.04972222,"barley",40
"BRIDGE_HOR_1156",22.01638889,37.2,"barley",447
"BRIDGE_HOR_1164",22.01638889,37.04972222,"barley",40
"BRIDGE_HOR_1380",22.01638889,37.2,"barley",447
"BRIDGE_HOR_8646",22.03861111,49.19888889,"barley",512
"BRIDGE_HOR_8644",22.03972222,49.17,"barley",512
"BRIDGE_HOR_1010",22.05,37.6,"barley",990
"BRIDGE_HOR_1022",22.05,37.6,"barley",990
"BRIDGE_HOR_1023",22.05,37.6,"barley",990
"BRIDGE_HOR_1145",22.05,37.6,"barley",990
"BRIDGE_HOR_1146",22.05,37.6,"barley",990
"BRIDGE_HOR_1147",22.05,37.6,"barley",990
"BRIDGE_HOR_1239",22.05,37.6,"barley",990
"BRIDGE_HOR_942",22.05,37.6,"barley",990
"BRIDGE_HOR_1233",22.06638889,40.98305556,"barley",252
"BRIDGE_HOR_728",22.06638889,37.28305556,"barley",513
"BRIDGE_HOR_982",22.06638889,40.98305556,"barley",252
"BRIDGE_HOR_1024",22.08305556,37.54972222,"barley",619
"BRIDGE_HOR_1148",22.08305556,37.54972222,"barley",619
"BRIDGE_HOR_1011",22.13305556,37.41638889,"barley",510
"BRIDGE_HOR_1128",22.13305556,37.41638889,"barley",510
"BRIDGE_HOR_849",22.13305556,37.41638889,"barley",510
"BRIDGE_HOR_8624",22.15722222,48.98638889,"barley",360
"BRIDGE_HOR_8679",22.15722222,48.98638889,"barley",360
"BRIDGE_HOR_723",22.18305556,37.66638889,"barley",1103
"BRIDGE_HOR_724",22.18305556,37.66638889,"barley",1103
"BRIDGE_HOR_1382",22.21638889,37.61638889,"barley",1190
"BRIDGE_HOR_997",22.21638889,37.61638889,"barley",1190
"BRIDGE_HOR_8626",22.23472222,49.00222222,"barley",410
"BRIDGE_HOR_1029",22.26638889,37.61638889,"barley",1190
"BRIDGE_HOR_1159",22.26638889,37.61638889,"barley",1190
"BRIDGE_HOR_730",22.26638889,37.61638889,"barley",1190
"BRIDGE_HOR_848",22.28305556,37.78305556,"barley",780
"BRIDGE_HOR_8638",22.31555556,48.97,"barley",439
"BRIDGE_HOR_8639",22.31555556,48.97,"barley",439
"BRIDGE_HOR_8640",22.31555556,48.97,"barley",439
"BRIDGE_HOR_8641",22.31555556,48.97,"barley",439
"BRIDGE_HOR_8642",22.31555556,48.97,"barley",439
"BRIDGE_HOR_8643",22.31555556,48.97,"barley",439
"BRIDGE_HOR_1160",22.31638889,37.95,"barley",1293
"BRIDGE_HOR_733",22.31638889,37.95,"barley",1293
"BRIDGE_HOR_1031",22.33305556,37.93305556,"barley",1293
"BRIDGE_HOR_1032",22.33305556,37.93305556,"barley",1293
"BRIDGE_HOR_1034",22.33305556,37.88305556,"barley",910
"BRIDGE_HOR_1161",22.33305556,37.93305556,"barley",1293
"BRIDGE_HOR_1162",22.33305556,37.93305556,"barley",1293
"BRIDGE_HOR_1163",22.33305556,37.93305556,"barley",1293
"BRIDGE_HOR_1165",22.33305556,37.88305556,"barley",910
"BRIDGE_HOR_734",22.33305556,37.93305556,"barley",1293
"BRIDGE_HOR_993",22.33305556,37.93305556,"barley",1293
"BRIDGE_HOR_8632",22.35,49.11666667,"barley",638
"BRIDGE_HOR_8633",22.35,49.11666667,"barley",638
"BRIDGE_HOR_8634",22.35,49.11666667,"barley",638
"BRIDGE_HOR_8635",22.35,49.11666667,"barley",638
"BRIDGE_HOR_8681",22.35,49.11666667,"barley",638
"BRIDGE_HOR_8682",22.35,49.11666667,"barley",638
"BRIDGE_HOR_8618",22.35666667,48.82277778,"barley",484
"BRIDGE_HOR_8675",22.35666667,48.82277778,"barley",484
"BRIDGE_HOR_1018",22.36638889,37.06638889,"barley",1032
"BRIDGE_HOR_1019",22.36638889,37.46638889,"barley",799
"BRIDGE_HOR_1143",22.36638889,37.46638889,"barley",799
"BRIDGE_HOR_1942",22.36638889,37.06638889,"barley",1032
"BRIDGE_HOR_717",22.36638889,37.06638889,"barley",1032
"BRIDGE_HOR_1016",22.38305556,37.51638889,"barley",701
"BRIDGE_HOR_1039",22.38305556,37.51638889,"barley",701
"BRIDGE_HOR_1141",22.38305556,37.51638889,"barley",701
"BRIDGE_HOR_693",22.38305556,36.66638889,"barley",245
"BRIDGE_HOR_694",22.38305556,36.7,"barley",245
"BRIDGE_HOR_688",22.39972222,36.58305556,"barley",273
"BRIDGE_HOR_689",22.39972222,36.58305556,"barley",273
"BRIDGE_HOR_709",22.39972222,36.51638889,"barley",197
"BRIDGE_HOR_8676",22.41055556,49.02916667,"barley",473
"BRIDGE_HOR_8678",22.41055556,49.02916667,"barley",473
"BRIDGE_HOR_1012",22.41638889,37.53305556,"barley",701
"BRIDGE_HOR_1014",22.41638889,37.64972222,"barley",862
"BRIDGE_HOR_1015",22.41638889,37.64972222,"barley",862
"BRIDGE_HOR_1035",22.41638889,37.85,"barley",921
"BRIDGE_HOR_1140",22.41638889,37.64972222,"barley",862
"BRIDGE_HOR_1166",22.41638889,37.85,"barley",921
"BRIDGE_HOR_1167",22.41638889,37.85,"barley",921
"BRIDGE_HOR_1168",22.41638889,37.85,"barley",921
"BRIDGE_HOR_1659",22.41638889,37.85,"barley",921
"BRIDGE_HOR_1383",22.41638889,37.85,"barley",921
"BRIDGE_HOR_4404",22.41638889,37.85,"barley",921
"BRIDGE_HOR_690",22.41638889,36.54972222,"barley",197
"BRIDGE_HOR_880",22.41638889,37.64972222,"barley",862
"BRIDGE_HOR_882",22.41638889,37.85,"barley",921
"BRIDGE_HOR_943",22.41638889,37.85,"barley",921
"BRIDGE_HOR_994",22.41638889,37.85,"barley",921
"BRIDGE_HOR_701",22.43305556,36.91638889,"barley",643
"BRIDGE_HOR_711",22.43305556,36.91638889,"barley",643
"BRIDGE_HOR_712",22.43305556,36.91638889,"barley",643
"BRIDGE_HOR_8636",22.43916667,48.99361111,"barley",473
"BRIDGE_HOR_1017",22.45,36.89972222,"barley",643
"BRIDGE_HOR_1040",22.45,36.89972222,"barley",643
"BRIDGE_HOR_1142",22.45,36.89972222,"barley",643
"BRIDGE_HOR_697",22.45,36.75,"barley",521
"BRIDGE_HOR_698",22.45,36.75,"barley",521
"BRIDGE_HOR_713",22.45,37.1,"barley",440
"BRIDGE_HOR_714",22.45,37.1,"barley",440
"BRIDGE_HOR_1169",22.46638889,37.86638889,"barley",921
"BRIDGE_HOR_1170",22.46638889,37.86638889,"barley",921
"BRIDGE_HOR_4417",22.46638889,37.86638889,"barley",921
"BRIDGE_HOR_700",22.46638889,36.93305556,"barley",687
"BRIDGE_HOR_944",22.46638889,37.86638889,"barley",921
"BRIDGE_HOR_995",22.46638889,37.86638889,"barley",921
"BRIDGE_HOR_996",22.46638889,37.86638889,"barley",921
"BRIDGE_HOR_752",22.48,36.75972222,"barley",167
"BRIDGE_HOR_8637",22.48166667,49.0275,"barley",546
"BRIDGE_HOR_710",22.48305556,36.48305556,"barley",111
"BRIDGE_HOR_718",22.48305556,37.01638889,"barley",376
"BRIDGE_HOR_1038",22.48777778,37.49722222,"barley",712
"BRIDGE_HOR_1238",22.48777778,37.49722222,"barley",712
"BRIDGE_HOR_686",22.48777778,37.49722222,"barley",712
"BRIDGE_HOR_940",22.48777778,37.49722222,"barley",712
"BRIDGE_HOR_1283",22.53305556,39.61638889,"barley",73
"BRIDGE_HOR_1284",22.53305556,39.61638889,"barley",73
"BRIDGE_HOR_1313",22.53305556,39.61638889,"barley",73
"BRIDGE_HOR_1021",22.55,37.25,"barley",942
"BRIDGE_HOR_1144",22.55,37.25,"barley",942
"BRIDGE_HOR_1385",22.55,37.25,"barley",942
"BRIDGE_HOR_684",22.55,37.7,"barley",656
"BRIDGE_HOR_708",22.55,36.88305556,"barley",316
"BRIDGE_HOR_941",22.55,37.25,"barley",942
"BRIDGE_HOR_1253",22.56638889,36.75,"barley",28
"BRIDGE_HOR_1384",22.56638889,36.75,"barley",28
"BRIDGE_HOR_685",22.58305556,37.51638889,"barley",509
"BRIDGE_HOR_707",22.6,36.85,"barley",175
"BRIDGE_HOR_1258",22.66638889,36.85,"barley",98
"BRIDGE_HOR_706",22.66638889,36.85,"barley",98
"BRIDGE_HOR_1126",22.68305556,37.56638889,"barley",109
"BRIDGE_HOR_1127",22.68305556,37.56638889,"barley",109
"BRIDGE_HOR_983",22.75,39.38305556,"barley",150
"BRIDGE_HOR_878",22.76638889,37.75,"barley",295
"BRIDGE_HOR_1007",22.81666667,39.26666667,"barley",165
"BRIDGE_HOR_1235",22.81666667,39.26666667,"barley",165
"BRIDGE_HOR_847",22.83305556,37.56666667,"barley",147
"BRIDGE_HOR_1013",22.86638889,37.81638889,"barley",443
"BRIDGE_HOR_1138",22.86638889,37.81638889,"barley",443
"BRIDGE_HOR_3884",22.86638889,37.81638889,"barley",443
"BRIDGE_HOR_687",22.89722222,36.73444444,"barley",86
"BRIDGE_HOR_3277",22.93305556,37.81638889,"barley",611
"BRIDGE_HOR_3278",22.93305556,37.89972222,"barley",154
"BRIDGE_HOR_679",22.93305556,37.89972222,"barley",154
"BRIDGE_HOR_680",22.93305556,37.81638889,"barley",611
"BRIDGE_HOR_678",22.95,38.03305556,"barley",265
"BRIDGE_HOR_13449",22.98138889,42.25222222,"barley",644
"BRIDGE_HOR_13450",22.98138889,42.25222222,"barley",644
"BRIDGE_HOR_1137",22.98305556,38.01638889,"barley",265
"BRIDGE_HOR_1943",22.98305556,38.01638889,"barley",265
"BRIDGE_HOR_2281",22.98305556,38.01638889,"barley",265
"BRIDGE_HOR_681",23.05,37.79972222,"barley",500
"BRIDGE_HOR_1025",23.06638889,36.78305556,"barley",238
"BRIDGE_HOR_1149",23.06638889,36.78305556,"barley",238
"BRIDGE_HOR_13451",23.10444444,41.88888889,"barley",643
"BRIDGE_HOR_763",23.12,39.09,"barley",2
"BRIDGE_HOR_682",23.14972222,37.63305556,"barley",289
"BRIDGE_HOR_761",23.21638889,39.28305556,"barley",175
"BRIDGE_HOR_762",23.21638889,39.28,"barley",175
"BRIDGE_HOR_1139",23.26638889,37.81638889,"barley",0
"BRIDGE_HOR_1651",23.26638889,37.81638889,"barley",0
"BRIDGE_HOR_13456",23.58888889,42.44138889,"barley",901
"BRIDGE_HOR_1379",23.63055556,35.36333333,"barley",483
"BRIDGE_HOR_1737",23.64972222,35.29972222,"barley",251
"BRIDGE_HOR_1773",23.64972222,35.29972222,"barley",251
"BRIDGE_HOR_865",23.66666667,35.23305556,"barley",302
"BRIDGE_HOR_1770",23.68305556,35.23305556,"barley",302
"BRIDGE_HOR_1860",23.68305556,35.23305556,"barley",302
"BRIDGE_HOR_862",23.7,35.46,"barley",287
"BRIDGE_HOR_1172",23.73305556,37.98305556,"barley",39
"BRIDGE_HOR_1173",23.73305556,37.98305556,"barley",39
"BRIDGE_HOR_1240",23.73305556,37.98305556,"barley",39
"BRIDGE_HOR_1356",23.73305556,37.98305556,"barley",39
"BRIDGE_HOR_4403",23.73305556,37.98305556,"barley",39
"BRIDGE_HOR_864",23.73333333,35.36666667,"barley",540
"BRIDGE_HOR_1131",23.77138889,35.46444444,"barley",321
"BRIDGE_HOR_1995",23.77138889,35.46444444,"barley",321
"BRIDGE_HOR_2674",23.77138889,35.46444444,"barley",321
"BRIDGE_HOR_11319",23.8,38,"barley",207
"BRIDGE_HOR_860",23.89416667,35.44277778,"barley",279
"BRIDGE_HOR_867",23.95,35.39972222,"barley",328
"BRIDGE_HOR_868",23.95,35.39972222,"barley",328
"BRIDGE_HOR_861",23.95361111,35.48111111,"barley",328
"BRIDGE_HOR_866",24.09027778,34.84333333,"barley",0
"BRIDGE_HOR_13455",24.55444444,42.14888889,"barley",193
"BRIDGE_HOR_12833",24.64305556,35.31722222,"barley",205
"BRIDGE_HOR_13454",24.9325,42.13111111,"barley",156
"BRIDGE_HOR_1122",24.93305556,35.06638889,"barley",327
"BRIDGE_HOR_1125",24.93305556,35.06638889,"barley",327
"BRIDGE_HOR_1134",24.93305556,35.06638889,"barley",327
"BRIDGE_HOR_1135",24.93305556,35.06638889,"barley",327
"BRIDGE_HOR_1241",24.93305556,35.06638889,"barley",327
"BRIDGE_HOR_673",24.93305556,35.06638889,"barley",327
"BRIDGE_HOR_674",24.93305556,35.06638889,"barley",327
"BRIDGE_HOR_675",24.93305556,35.06638889,"barley",327
"BRIDGE_HOR_876",24.93305556,35.06638889,"barley",327
"BRIDGE_HOR_979",24.93305556,35.06638889,"barley",327
"BRIDGE_HOR_676",25.01638889,34.98305556,"barley",271
"BRIDGE_HOR_672",25.07694444,35.35,"barley",45
"BRIDGE_HOR_869",25.07694444,35.35,"barley",45
"BRIDGE_HOR_863",25.40861111,35.19388889,"barley",834
"BRIDGE_HOR_1941",25.46638889,35.28305556,"barley",310
"BRIDGE_HOR_859",25.46638889,35.28305556,"barley",310
"BRIDGE_HOR_677",25.58305556,35.18305556,"barley",687
"BRIDGE_HOR_13457",25.68555556,42.04694444,"barley",142
"BRIDGE_HOR_858",25.71638889,35.18305556,"barley",151
"BRIDGE_HOR_1378",25.72888889,35.02416667,"barley",48
"BRIDGE_HOR_856",25.72888889,35.02416667,"barley",48
"BRIDGE_HOR_980",25.72888889,35.02416667,"barley",48
"BRIDGE_HOR_671",25.75,35.01638889,"barley",56
"BRIDGE_HOR_857",25.75,35.01638889,"barley",56
"BRIDGE_HOR_13453",25.87027778,43.53805556,"barley",233
"BRIDGE_HOR_855",25.93916667,35.15972222,"barley",283
"BRIDGE_HOR_853",26.07694444,35.12277778,"barley",401
"BRIDGE_HOR_1130",26.1,35.01638889,"barley",126
"BRIDGE_HOR_850",26.10555556,35.2,"barley",270
"BRIDGE_HOR_851",26.10555556,35.2,"barley",270
"BRIDGE_HOR_852",26.10555556,35.2,"barley",270
"BRIDGE_HOR_1255",26.11194444,35.20055556,"barley",270
"BRIDGE_HOR_1257",26.13305556,35.08305556,"barley",447
"BRIDGE_HOR_846",26.14027778,34.93833333,"barley",0
"BRIDGE_HOR_1129",26.14972222,35,"barley",142
"BRIDGE_HOR_854",26.14972222,35.03305556,"barley",142
"BRIDGE_HOR_670",26.20694444,35.11138889,"barley",140
"BRIDGE_HOR_1256",26.26638889,35.26638889,"barley",22
"BRIDGE_HOR_13458",26.5125,43.36277778,"barley",236
"BRIDGE_BCC_223",27.16666667,38.41666667,"barley",115
"BRIDGE_HOR_13452",27.7975,42.82888889,"barley",147
"BRIDGE_BCC_236",29.96666667,40.15,"barley",577
"BRIDGE_BCC_55",32.31666667,30.7,"barley",13
"BRIDGE_BCC_31",33.1,34.98333333,"barley",683
"BRIDGE_BCC_50",33.83333333,31.05,"barley",80
"BRIDGE_HOR_20121",35.01666667,36.56666667,"barley",0
"BRIDGE_HOR_20135",35.01666667,36.56666667,"barley",0
"BRIDGE_HOR_8536",35.04222222,32.78027778,"barley",130
"BTR_FT226",35.22361111,31.77916667,"barley",727
"BTR_FT553",35.23333333,31.76666667,"barley",727
"BRIDGE_HOR_18466",35.63333333,31.3,"barley",528
"BRIDGE_BCC_100",35.65,32.48333333,"barley",152
"BRIDGE_HOR_13792",35.76666667,31.63333333,"barley",708
"BRIDGE_HOR_18480",35.76666667,31.25,"barley",956
"BRIDGE_HOR_18484",35.76666667,31.63333333,"barley",708
"BTR_FT549",35.8,31.71666667,"barley",773
"BRIDGE_HOR_13795",35.83333333,31.68333333,"barley",731
"BRIDGE_HOR_20145",35.83333333,31.68333333,"barley",731
"BRIDGE_BCC_98",35.85,32.55,"barley",513
"BRIDGE_BCC_253",35.88333333,40.3,"barley",725
"BRIDGE_BCC_110",36.05,34.43333333,"barley",432
"BRIDGE_BCC_203",36.0525,34.75,"barley",44
"BRIDGE_BCC_102",36.08333333,32.23333333,"barley",629
"BRIDGE_BCC_107",36.1,33.93333333,"barley",1099
"BRIDGE_HOR_14097",36.75,36.75,"barley",760
"BRIDGE_HOR_14098",36.75,34.75,"barley",529
"BRIDGE_HOR_11439",36.83333333,7.666666667,"barley",1887
"BRIDGE_HOR_11444",36.83333333,7.666666667,"barley",1887
"BRIDGE_HOR_21542",36.88333333,34.68333333,"barley",623
"BRIDGE_HOR_21716",36.88333333,34.68333333,"barley",623
"BRIDGE_HOR_14101",37.11666667,35.93333333,"barley",260
"BRIDGE_HOR_19814",37.16666667,35.3,"barley",446
"BRIDGE_HOR_21547",37.16666667,37.3,"barley",816
"BTR_FT525",37.99027778,37.02944444,"barley",476
"BRIDGE_HOR_20123",38.25,36.88333333,"barley",569
"BRIDGE_HOR_20129",38.25,36.88333333,"barley",569
"BRIDGE_HOR_21597",38.4,35.8,"barley",318
"BRIDGE_HOR_21581",38.56666667,36.76666667,"barley",486
"BRIDGE_BCC_244",38.78333333,37.15,"barley",646
"BRIDGE_HOR_13809",38.78333333,35.75,"barley",291
"BRIDGE_HOR_18455",38.78333333,35.7,"barley",291
"BRIDGE_HOR_18456",38.78333333,35.75,"barley",291
"BRIDGE_HOR_18468",38.78333333,35.88333333,"barley",269
"BRIDGE_HOR_18472",38.78333333,35.7,"barley",291
"BRIDGE_HOR_20122",38.78333333,35.88333333,"barley",269
"BRIDGE_HOR_14112",39.06666667,36.38333333,"barley",322
"BRIDGE_HOR_21600",39.06666667,36.38333333,"barley",322
"BRIDGE_HOR_21556",39.11666667,35.93333333,"barley",249
"BRIDGE_HOR_21546",39.15,36.06666667,"barley",283
"BRIDGE_HOR_21571",39.15,36.06666667,"barley",283
"BRIDGE_BCC_189",39.20833333,36.15,"barley",311
"BRIDGE_HOR_19788",39.21666667,36.15,"barley",311
"BRIDGE_HOR_21559",39.23333333,36.15,"barley",311
"BRIDGE_HOR_21560",39.23333333,36.15,"barley",311
"BRIDGE_HOR_14121",39.28333333,36.4,"barley",355
"BRIDGE_HOR_21553",39.28333333,36.4,"barley",355
"BRIDGE_HOR_19786",39.4,35.8,"barley",232
"BRIDGE_HOR_19789",39.45,36.45,"barley",372
"BRIDGE_HOR_19818",39.45,36.45,"barley",372
"BRIDGE_HOR_20155",39.95,36.73333333,"barley",405
"BRIDGE_HOR_21570",39.95,36.73333333,"barley",405
"BRIDGE_HOR_14108",40.08333333,36.83333333,"barley",374
"BRIDGE_HOR_21582",40.08333333,36.83333333,"barley",374
"BRIDGE_BCC_212",40.56666667,34.9,"barley",190
"BTR_FT555",41.16666667,39.18333333,"barley",1835
"BRIDGE_HOR_9608",42.58305556,43.04972222,"barley",2138
"BRIDGE_HOR_9607",42.59694444,43.02833333,"barley",2138
"BRIDGE_HOR_10357",42.61638889,43,"barley",2216
"BRIDGE_HOR_9614",42.61638889,43,"barley",2216
"BRIDGE_HOR_9615",42.61638889,43,"barley",2216
"BRIDGE_HOR_9606",42.62333333,43.07166667,"barley",2192
"BRIDGE_HOR_9613",42.62416667,43.005,"barley",1995
"BRIDGE_HOR_9616",42.73722222,43.055,"barley",2234
"BRIDGE_HOR_9617",42.73722222,43.055,"barley",2234
"BRIDGE_HOR_9609",42.80944444,43.05083333,"barley",2448
"BRIDGE_HOR_9816",42.825,42.08444444,"barley",354
"BRIDGE_HOR_9610",42.86638889,43.04972222,"barley",2448
"BRIDGE_HOR_10889",42.87694444,41.61861111,"barley",1206
"BRIDGE_HOR_10887",42.99611111,41.72277778,"barley",1332
"BRIDGE_HOR_10989",42.99611111,41.72277778,"barley",1332
"BRIDGE_HOR_10358",43.01055556,42.90722222,"barley",2586
"BRIDGE_HOR_10359",43.01055556,42.90722222,"barley",2586
"BRIDGE_HOR_9621",43.01055556,42.90722222,"barley",2586
"BRIDGE_HOR_9867",43.01055556,42.90722222,"barley",2586
"BRIDGE_HOR_9868",43.01055556,42.90722222,"barley",2586
"BRIDGE_HOR_10360",43.01638889,42.91638889,"barley",2586
"BRIDGE_HOR_9622",43.01638889,42.91638889,"barley",2586
"BRIDGE_HOR_9623",43.01638889,42.91638889,"barley",2586
"BRIDGE_HOR_9624",43.01638889,42.91638889,"barley",2586
"BRIDGE_HOR_9625",43.01638889,42.91638889,"barley",2586
"BRIDGE_HOR_9869",43.01638889,42.91638889,"barley",2586
"BRIDGE_HOR_9870",43.01638889,42.91638889,"barley",2586
"BRIDGE_HOR_10361",43.02611111,42.91388889,"barley",2586
"BRIDGE_HOR_10464",43.02611111,42.91388889,"barley",2586
"BRIDGE_HOR_10465",43.02611111,42.91388889,"barley",2586
"BRIDGE_HOR_10466",43.02611111,42.91388889,"barley",2586
"BRIDGE_HOR_10467",43.02611111,42.91388889,"barley",2586
"BRIDGE_HOR_9626",43.02611111,42.91388889,"barley",2586
"BRIDGE_HOR_9628",43.02611111,42.91388889,"barley",2586
"BRIDGE_HOR_9629",43.02611111,42.91388889,"barley",2586
"BRIDGE_HOR_9871",43.02611111,42.91388889,"barley",2586
"BRIDGE_BCC_252",43.1,40.61666667,"barley",1774
"BRIDGE_HOR_9630",43.10055556,42.46166667,"barley",1208
"BRIDGE_HOR_10974",43.43694444,41.35666667,"barley",1771
"BRIDGE_BCC_91",43.46666667,36.45,"barley",372
"BRIDGE_HOR_10971",43.48305556,41.31638889,"barley",2005
"BRIDGE_HOR_10546",43.50138889,41.85666667,"barley",1421
"BRIDGE_HOR_10972",43.59138889,41.25972222,"barley",1975
"BRIDGE_HOR_10973",43.59138889,41.25972222,"barley",1975
"BRIDGE_HOR_17837",43.7,16.18333333,"barley",1546
"BRIDGE_HOR_18848",43.7,16.03333333,"barley",1192
"BRIDGE_HOR_10970",43.76861111,42.23861111,"barley",1156
"BRIDGE_HOR_20183",43.95,15.66666667,"barley",2316
"BRIDGE_HOR_17774",44.01666667,13.58333333,"barley",1325
"BRIDGE_HOR_10885",44.17444444,41.82861111,"barley",1252
"BRIDGE_HOR_10886",44.17444444,41.82861111,"barley",1252
"BTR_FT414",44.21,15.36,"barley",2304
"BTR_FT539",44.28333333,37.57166667,"barley",2120
"BRIDGE_HOR_10883",44.33305556,41.83305556,"barley",1375
"BRIDGE_HOR_10884",44.33305556,41.83305556,"barley",1375
"BRIDGE_HOR_7499",44.33333333,35.41666667,"barley",292
"BRIDGE_HOR_10879",44.37777778,41.69277778,"barley",1394
"BRIDGE_HOR_10880",44.37777778,41.69277778,"barley",1394
"BRIDGE_HOR_10881",44.42388889,41.91583333,"barley",703
"BRIDGE_HOR_10882",44.42388889,41.91583333,"barley",703
"BRIDGE_BCC_89",44.45,31.96666667,"barley",24
"BRIDGE_HOR_10878",44.45888889,41.54388889,"barley",1017
"BRIDGE_BCC_87",44.5,36.48333333,"barley",1195
"BRIDGE_HOR_10705",44.65027778,42.65083333,"barley",2597
"BRIDGE_BCC_96",44.66666667,32.28333333,"barley",26
"BRIDGE_HOR_10590",44.68972222,42.085,"barley",1005
"BRIDGE_HOR_4265",44.75,39.66666667,"barley",811
"BRIDGE_HOR_8480",44.78416667,41.7175,"barley",585
"BRIDGE_HOR_8273",44.83333333,41.63805556,"barley",522
"BRIDGE_HOR_8274",44.83333333,41.63805556,"barley",522
"BRIDGE_HOR_10591",44.86416667,42.07055556,"barley",1222
"BRIDGE_HOR_10648",44.95,42.54972222,"barley",1989
"BRIDGE_HOR_10647",44.95305556,42.5475,"barley",1989
"BRIDGE_HOR_10646",45,42.53305556,"barley",2517
"BRIDGE_HOR_10644",45.08027778,42.55194444,"barley",2517
"BRIDGE_HOR_10645",45.08027778,42.55194444,"barley",2517
"BRIDGE_HOR_10643",45.10222222,42.63083333,"barley",2379
"BRIDGE_HOR_10775",45.12583333,42.54111111,"barley",2601
"BRIDGE_HOR_10641",45.14972222,42.64305556,"barley",2379
"BRIDGE_HOR_10742",45.14972222,42.64305556,"barley",2379
"BRIDGE_HOR_10777",45.18694444,42.57305556,"barley",2501
"BRIDGE_HOR_10820",45.2075,42.03083333,"barley",907
"BRIDGE_HOR_10821",45.2075,42.03083333,"barley",907
"BRIDGE_HOR_10822",45.2075,42.03083333,"barley",907
"BRIDGE_HOR_10640",45.21861111,42.5825,"barley",2454
"BRIDGE_HOR_10642",45.24222222,42.57916667,"barley",2454
"BRIDGE_HOR_10819",45.32694444,41.72555556,"barley",838
"BRIDGE_HOR_10824",45.3475,42.1,"barley",588
"BRIDGE_HOR_10823",45.47916667,42.05055556,"barley",719
"BRIDGE_HOR_10758",45.58305556,42.35111111,"barley",2236
"BRIDGE_HOR_10894",45.58305556,42.35111111,"barley",2236
"BRIDGE_HOR_10746",45.6,42.45,"barley",2564
"BRIDGE_HOR_10747",45.6,42.45,"barley",2564
"BRIDGE_HOR_10748",45.6,42.45,"barley",2564
"BRIDGE_HOR_10749",45.6,42.45,"barley",2564
"BRIDGE_HOR_10750",45.625,42.37,"barley",2236
"BRIDGE_HOR_10751",45.625,42.37,"barley",2236
"BRIDGE_HOR_10754",45.68916667,42.39166667,"barley",2218
"BRIDGE_HOR_10892",45.71972222,42.40805556,"barley",2775
"BRIDGE_HOR_10895",45.71972222,42.40805556,"barley",2775
"BRIDGE_HOR_10969",45.97805556,41.48888889,"barley",620
"BRIDGE_HOR_11197",45.97805556,41.48888889,"barley",620
"BRIDGE_BCC_67",46.3,38.08333333,"barley",1520
"BRIDGE_BCC_185",46.73333333,24.65,"barley",603
"BRIDGE_BCC_28",46.73333333,39.75,"barley",1238
"BRIDGE_HOR_2841",46.78333333,37.63333333,"barley",1897
"BRIDGE_HOR_2842",46.78333333,37.63333333,"barley",1897
"BRIDGE_HOR_2843",46.78333333,37.63333333,"barley",1897
"BRIDGE_HOR_2844",46.78333333,37.63333333,"barley",1897
"BRIDGE_HOR_2845",46.78333333,37.63333333,"barley",1897
"BRIDGE_HOR_2846",46.78333333,37.63333333,"barley",1897
"BRIDGE_HOR_2847",46.78333333,37.63333333,"barley",1897
"BRIDGE_HOR_2848",46.78333333,37.63333333,"barley",1897
"BRIDGE_HOR_2849",46.78333333,37.63333333,"barley",1897
"BRIDGE_HOR_2850",46.78333333,37.63333333,"barley",1897
"BRIDGE_HOR_2851",46.78333333,38.65,"barley",2186
"BRIDGE_HOR_2852",46.78333333,38.65,"barley",2186
"BRIDGE_HOR_2853",46.78333333,38.65,"barley",2186
"BRIDGE_HOR_2854",46.78333333,38.65,"barley",2186
"BRIDGE_HOR_2855",46.78333333,38.65,"barley",2186
"BRIDGE_HOR_2856",46.78333333,38.65,"barley",2186
"BRIDGE_BCC_82",47.66666667,35.23333333,"barley",1852
"BRIDGE_HOR_3520",47.8,34.58333333,"barley",1890
"BRIDGE_HOR_2771",47.8,34.58333333,"barley",1890
"BRIDGE_HOR_2774",47.8,37.63333333,"barley",1437
"BRIDGE_HOR_2775",47.8,37.63333333,"barley",1437
"BRIDGE_HOR_2776",47.8,37.63333333,"barley",1437
"BRIDGE_HOR_2777",47.8,37.63333333,"barley",1437
"BRIDGE_HOR_2779",47.8,37.63333333,"barley",1437
"BRIDGE_HOR_2780",47.8,37.63333333,"barley",1437
"BRIDGE_HOR_2781",47.8,37.63333333,"barley",1437
"BRIDGE_HOR_2790",47.8,37.63333333,"barley",1437
"BRIDGE_HOR_2791",47.8,37.63333333,"barley",1437
"BRIDGE_HOR_2824",47.8,34.58333333,"barley",1890
"BRIDGE_HOR_2825",47.8,34.58333333,"barley",1890
"BRIDGE_HOR_4261",48.81666667,31.53333333,"barley",24
"BRIDGE_HOR_2502",48.81666667,31.53333333,"barley",24
"BRIDGE_HOR_2770",48.81666667,35.6,"barley",1986
"BRIDGE_HOR_2772",48.81666667,31.53333333,"barley",24
"BRIDGE_HOR_2773",48.81666667,31.53333333,"barley",24
"BRIDGE_HOR_2796",48.81666667,32.55,"barley",679
"BRIDGE_HOR_2797",48.81666667,32.55,"barley",679
"BRIDGE_HOR_2798",48.81666667,32.55,"barley",679
"BRIDGE_HOR_2799",48.81666667,31.53333333,"barley",24
"BRIDGE_HOR_2800",48.81666667,31.53333333,"barley",24
"BRIDGE_HOR_2814",48.81666667,35.6,"barley",1986
"BRIDGE_HOR_2815",48.81666667,35.6,"barley",1986
"BRIDGE_HOR_2816",48.81666667,35.6,"barley",1986
"BRIDGE_HOR_2817",48.81666667,35.6,"barley",1986
"BRIDGE_HOR_2818",48.81666667,35.6,"barley",1986
"BRIDGE_HOR_2819",48.81666667,35.6,"barley",1986
"BRIDGE_HOR_2820",48.81666667,35.6,"barley",1986
"BRIDGE_HOR_2821",48.81666667,35.6,"barley",1986
"BRIDGE_HOR_2822",48.81666667,35.6,"barley",1986
"BRIDGE_HOR_2823",48.81666667,35.6,"barley",1986
"BRIDGE_HOR_2827",48.81666667,34.58333333,"barley",1933
"BRIDGE_HOR_2828",48.81666667,34.58333333,"barley",1933
"BRIDGE_HOR_2829",48.81666667,34.58333333,"barley",1933
"BRIDGE_HOR_2830",48.81666667,34.58333333,"barley",1933
"BRIDGE_HOR_2831",48.81666667,34.58333333,"barley",1933
"BRIDGE_HOR_2832",48.81666667,34.58333333,"barley",1933
"BRIDGE_HOR_2833",48.81666667,34.58333333,"barley",1933
"BRIDGE_HOR_2834",48.81666667,34.58333333,"barley",1933
"BRIDGE_HOR_2837",48.81666667,31.53333333,"barley",24
"BRIDGE_HOR_2838",48.81666667,31.53333333,"barley",24
"BRIDGE_HOR_2839",48.81666667,31.53333333,"barley",24
"BRIDGE_HOR_2881",48.81666667,34.58333333,"barley",1933
"BRIDGE_HOR_4262",49.83333333,30.51666667,"barley",71
"BRIDGE_HOR_4264",49.83333333,32.55,"barley",2676
"BRIDGE_HOR_2768",49.83333333,31.53333333,"barley",793
"BRIDGE_HOR_2788",49.83333333,31.53333333,"barley",793
"BRIDGE_HOR_2789",49.83333333,32.55,"barley",2676
"BRIDGE_HOR_2794",49.83333333,31.53333333,"barley",793
"BRIDGE_HOR_2795",49.83333333,32.55,"barley",2676
"BRIDGE_HOR_2857",49.83333333,36.61666667,"barley",1153
"BRIDGE_HOR_2858",49.83333333,36.61666667,"barley",1153
"BRIDGE_HOR_3908",50.85,33.56666667,"barley",2072
"BRIDGE_HOR_4263",50.85,30.51666667,"barley",1815
"BRIDGE_HOR_2792",50.85,30.51666667,"barley",1815
"BRIDGE_HOR_2793",50.85,30.51666667,"barley",1815
"BRIDGE_HOR_2803",50.85,32.55,"barley",2055
"BRIDGE_HOR_2804",50.85,32.55,"barley",2055
"BRIDGE_HOR_2807",50.85,32.55,"barley",2055
"BRIDGE_HOR_2808",50.85,33.56666667,"barley",2072
"BRIDGE_HOR_2810",50.85,33.56666667,"barley",2072
"BRIDGE_HOR_2811",50.85,33.56666667,"barley",2072
"BRIDGE_HOR_3298",50.85,32.55,"barley",2055
"BRIDGE_HOR_2785",51.86666667,35.6,"barley",1600
"BRIDGE_HOR_2786",51.86666667,35.6,"barley",1600
"BRIDGE_HOR_2787",51.86666667,36.61666667,"barley",1
"BRIDGE_HOR_2801",51.86666667,35.6,"barley",1600
"BRIDGE_HOR_2805",51.86666667,33.56666667,"barley",1707
"BRIDGE_HOR_2806",51.86666667,32.55,"barley",1534
"BRIDGE_HOR_2812",51.86666667,36.61666667,"barley",1
"BRIDGE_HOR_2813",51.86666667,35.6,"barley",1600
"BRIDGE_HOR_2859",51.86666667,36.61666667,"barley",1
"BRIDGE_HOR_2872",51.86666667,35.6,"barley",1600
"BRIDGE_HOR_2873",51.86666667,35.6,"barley",1600
"BRIDGE_HOR_2874",51.86666667,35.6,"barley",1600
"BRIDGE_HOR_2880",54.91666667,36.61666667,"barley",2406
"BRIDGE_HOR_2870",55.93333333,36.61666667,"barley",982
"BRIDGE_HOR_2871",55.93333333,36.61666667,"barley",982
"BRIDGE_BCC_165",56.33333333,23.5,"barley",486
"BRIDGE_BCC_163",56.5,24.5,"barley",57
"BRIDGE_BCC_1494",57.16666667,50.28305556,"barley",225
"BRIDGE_BCC_61",58.96666667,29,"barley",598
"BRIDGE_HOR_2782",58.98333333,37.63333333,"barley",658
"BRIDGE_HOR_2784",58.98333333,37.63333333,"barley",658
"BRIDGE_HOR_2860",58.98333333,36.61666667,"barley",1503
"BRIDGE_HOR_2862",58.98333333,36.61666667,"barley",1503
"BRIDGE_HOR_2863",58.98333333,36.61666667,"barley",1503
"BRIDGE_HOR_2864",58.98333333,36.61666667,"barley",1503
"BRIDGE_HOR_2865",58.98333333,36.61666667,"barley",1503
"BRIDGE_HOR_2866",58.98333333,36.61666667,"barley",1503
"BRIDGE_HOR_2867",58.98333333,37.63333333,"barley",658
"BRIDGE_HOR_2868",58.98333333,37.63333333,"barley",658
"BRIDGE_BCC_65",59.66666667,31.76666667,"barley",1606
"BTR_FT523",60.15,41.6,"barley",90
"BRIDGE_BCC_178",67,29.98333333,"barley",1792
"BTR_FT554",68.66666667,37.33333333,"barley",373
"BRIDGE_HOR_7700",71.68333333,36.01666667,"barley",3438
"BRIDGE_HOR_7701",71.73333333,35.85,"barley",2412
"BRIDGE_HOR_7702",71.76666667,35.46666667,"barley",2240
"BRIDGE_HOR_7703",71.78333333,35.53333333,"barley",1953
"BRIDGE_HOR_7695",71.8,35.9,"barley",2412
"BRIDGE_BCC_175",71.83333333,35.36666667,"barley",3227
"BRIDGE_HOR_7696",71.9,35.91666667,"barley",3479
"BRIDGE_HOR_7699",71.95,35.93333333,"barley",3479
"BRIDGE_HOR_7698",71.98333333,35.96666667,"barley",2517
"BRIDGE_HOR_7697",72.01666667,36,"barley",3073
"BRIDGE_HOR_7588",72.68333333,36.16666667,"barley",4179
"BRIDGE_HOR_7589",72.68333333,36.16666667,"barley",4179
"BRIDGE_HOR_7591",72.76666667,36.16666667,"barley",4129
"BRIDGE_HOR_7594",72.91666667,36.16666667,"barley",3702
"BRIDGE_HOR_7564",73.1,36.25,"barley",4209
"BRIDGE_HOR_7585",73.1,36.16666667,"barley",3878
"BRIDGE_HOR_7586",73.13333333,36.16666667,"barley",3878
"BRIDGE_HOR_7583",73.18333333,36.16666667,"barley",3922
"BRIDGE_HOR_7562",73.2,36.21666667,"barley",3888
"BRIDGE_HOR_7563",73.2,36.21666667,"barley",3888
"BRIDGE_HOR_7627",73.23333333,36.13333333,"barley",3922
"BRIDGE_HOR_7628",73.23333333,36.13333333,"barley",3922
"BRIDGE_HOR_7629",73.23333333,36.13333333,"barley",3922
"BRIDGE_HOR_7559",73.26666667,36.18333333,"barley",3519
"BRIDGE_HOR_7560",73.26666667,36.18333333,"barley",3519
"BRIDGE_HOR_7571",73.28333333,36.4,"barley",3314
"BRIDGE_HOR_7572",73.28333333,36.4,"barley",3314
"BRIDGE_HOR_7581",73.28333333,36.2,"barley",3519
"BRIDGE_HOR_7566",73.33333333,36.38333333,"barley",3314
"BRIDGE_HOR_7567",73.33333333,36.38333333,"barley",3314
"BRIDGE_HOR_7569",73.35,36.4,"barley",3314
"BRIDGE_HOR_7568",73.36666667,36.46666667,"barley",3217
"BRIDGE_HOR_7576",73.38333333,36.43333333,"barley",3217
"BRIDGE_HOR_7601",73.4,36.1,"barley",4123
"BRIDGE_HOR_7578",73.41666667,36.26666667,"barley",3473
"BRIDGE_HOR_7579",73.41666667,36.26666667,"barley",3473
"BRIDGE_HOR_7580",73.45,36.23333333,"barley",3596
"BRIDGE_HOR_7598",73.78333333,36.28333333,"barley",2690
"BRIDGE_HOR_7599",73.78333333,36.28333333,"barley",2690
"BRIDGE_HOR_7545",74.05,35.2,"barley",3860
"BRIDGE_HOR_7602",74.05,36.08333333,"barley",2984
"BRIDGE_HOR_7603",74.05,36.08333333,"barley",2984
"BRIDGE_HOR_7706",74.05,35.2,"barley",3860
"BRIDGE_HOR_8466",74.05,35.2,"barley",3860
"BRIDGE_HOR_7605",74.13333333,36.05,"barley",2863
"BRIDGE_HOR_7556",74.3,36.03333333,"barley",2572
"BRIDGE_HOR_7625",74.53333333,35.76666667,"barley",2656
"BRIDGE_HOR_7626",74.53333333,35.76666667,"barley",2656
"BRIDGE_HOR_7606",74.63333333,35.63333333,"barley",2590
"BRIDGE_HOR_7550",74.65,36.33333333,"barley",3744
"BRIDGE_HOR_7620",74.71666667,35.05,"barley",4128
"BRIDGE_HOR_7621",74.71666667,35.05,"barley",4128
"BRIDGE_HOR_7546",74.73333333,36.26666667,"barley",3206
"BRIDGE_HOR_7547",74.73333333,36.26666667,"barley",3206
"BRIDGE_HOR_7630",74.73333333,35.83333333,"barley",3067
"BRIDGE_HOR_7548",74.75,36.25,"barley",3206
"BRIDGE_HOR_7549",74.75,36.25,"barley",3206
"BRIDGE_HOR_7624",74.75,35.5,"barley",3439
"BRIDGE_HOR_7608",74.8,35.45,"barley",3236
"BRIDGE_HOR_7609",74.8,35.45,"barley",3236
"BRIDGE_HOR_7610",74.83333333,35.33333333,"barley",3000
"BRIDGE_HOR_7611",74.83333333,35.33333333,"barley",3000
"BRIDGE_HOR_7622",74.85,35.28333333,"barley",3143
"BRIDGE_HOR_7623",74.85,35.28333333,"barley",3143
"BRIDGE_HOR_7553",74.88333333,36.31666667,"barley",3509
"BRIDGE_HOR_7555",74.88333333,36.31666667,"barley",3509
"BRIDGE_HOR_7551",74.9,36.48333333,"barley",3491
"BRIDGE_HOR_7710",74.9,36.48333333,"barley",3491
"BRIDGE_HOR_7618",74.91666667,35.21666667,"barley",4043
"BRIDGE_HOR_7619",74.91666667,35.21666667,"barley",4043
"BRIDGE_HOR_7552",74.95,36.5,"barley",4157
"BRIDGE_HOR_7615",75.03333333,35.13333333,"barley",3876
"BRIDGE_HOR_7616",75.03333333,35.13333333,"barley",3876
"BRIDGE_HOR_7617",75.03333333,35.13333333,"barley",3876
"BRIDGE_HOR_7612",75.06666667,35.1,"barley",3925
"BRIDGE_HOR_7631",75.13333333,35.61666667,"barley",3211
"BTR_FT520",75.2808,42.8186,"barley",882
"BRIDGE_HOR_7633",75.33333333,35.58333333,"barley",3451
"BRIDGE_HOR_7634",75.33333333,35.58333333,"barley",3451
"BRIDGE_HOR_9799",75.38333333,34.38333333,"barley",4403
"BRIDGE_HOR_7636",75.4,35.55,"barley",3717
"BRIDGE_HOR_7637",75.4,35.55,"barley",3717
"BRIDGE_HOR_7639",75.41666667,35.43333333,"barley",3138
"BRIDGE_HOR_7675",75.41666667,35.16666667,"barley",4540
"BRIDGE_HOR_7676",75.41666667,35.16666667,"barley",4540
"BRIDGE_HOR_8467",75.41666667,35.43333333,"barley",3138
"BRIDGE_HOR_7643",75.5,35.36666667,"barley",2926
"Chinese_Genebank_ZDM01786",75.52,39.23,"barley",1556
"BRIDGE_HOR_7654",75.55,35.6,"barley",3728
"BRIDGE_HOR_7655",75.55,35.6,"barley",3728
"BRIDGE_HOR_7677",75.55,35.6,"barley",3728
"BRIDGE_HOR_7652",75.6,35.56666667,"barley",2847
"BRIDGE_HOR_7693",75.63333333,35.31666667,"barley",2422
"BRIDGE_HOR_7648",75.66666667,35.51666667,"barley",3274
"BRIDGE_HOR_7650",75.66666667,35.51666667,"barley",3274
"BRIDGE_HOR_7651",75.66666667,35.51666667,"barley",3274
"BRIDGE_HOR_7645",75.73333333,35.41666667,"barley",3199
"BRIDGE_HOR_7646",75.73333333,35.41666667,"barley",3199
"BRIDGE_HOR_7647",75.73333333,35.41666667,"barley",3199
"BRIDGE_HOR_9276",75.76666667,35.3,"barley",3589
"BRIDGE_HOR_7689",75.76666667,35.3,"barley",3589
"BRIDGE_HOR_7690",75.76666667,35.3,"barley",3589
"BRIDGE_HOR_7691",75.76666667,35.3,"barley",3589
"BRIDGE_HOR_7657",75.85,35.25,"barley",3110
"BRIDGE_HOR_7658",75.85,35.25,"barley",3110
"BRIDGE_HOR_7659",75.85,35.25,"barley",3110
"BRIDGE_HOR_7592",75.9,36.15,"barley",4999
"BRIDGE_HOR_7687",75.9,35.18333333,"barley",3360
"BRIDGE_HOR_7688",75.9,35.18333333,"barley",3360
"BRIDGE_HOR_7679",76.08333333,35.03333333,"barley",3912
"BRIDGE_HOR_7680",76.08333333,35.03333333,"barley",3912
"BRIDGE_HOR_7682",76.15,34.96666667,"barley",3611
"BRIDGE_HOR_7663",76.18333333,35.18333333,"barley",3745
"BRIDGE_HOR_7664",76.18333333,35.18333333,"barley",3745
"BRIDGE_HOR_7685",76.18333333,34.91666667,"barley",3532
"BRIDGE_HOR_7686",76.18333333,34.91666667,"barley",3532
"BRIDGE_HOR_7666",76.25,35.2,"barley",3745
"BRIDGE_HOR_7668",76.31666667,35.15,"barley",3512
"BRIDGE_HOR_7669",76.31666667,35.15,"barley",3512
"BRIDGE_HOR_7673",76.48333333,35.05,"barley",3935
"BRIDGE_HOR_7671",76.55,34.95,"barley",4067
"BRIDGE_HOR_7672",76.55,34.95,"barley",4067
"BRIDGE_HOR_7660",76.83333333,35.16666667,"barley",4668
"BRIDGE_HOR_7661",76.83333333,35.16666667,"barley",4668
"BRIDGE_HOR_7662",76.83333333,35.16666667,"barley",4668
"Chinese_Genebank_ZDM06048",79.55,32.12,"barley",4624
"Chinese_Genebank_ZDM01808",80.11,37.05,"barley",1357
"Chinese_Genebank_ZDM04908",80.19,32.18,"barley",5614
"BTR_FT561",80.91666667,29.25,"barley",1216
"Chinese_Genebank_ZDM01791",81.07,43.09,"barley",1743
"BRIDGE_HOR_11804",81.16638889,30.25,"barley",4294
"Chinese_Genebank_ZDM01778",81.26,43.65,"barley",1133
"Chinese_Genebank_ZDM01779",81.5,43.13,"barley",1861
"BRIDGE_BCC_748",84.34972222,28.51638889,"barley",3224
"Chinese_Genebank_ZDM04443",85.21,29.21,"barley",4872
"BRIDGE_HOR_10905",86.35333333,27.61,"barley",2779
"BRIDGE_HOR_8738",86.35333333,27.61,"barley",2779
"BRIDGE_HOR_8792",86.35333333,27.61,"barley",2779
"BRIDGE_HOR_8793",86.35333333,27.61,"barley",2779
"BRIDGE_HOR_8703",86.53,27.72166667,"barley",4611
"BRIDGE_HOR_8736",86.53,27.72166667,"barley",4611
"BRIDGE_HOR_8737",86.53,27.72166667,"barley",4611
"BRIDGE_HOR_8790",86.53,27.72166667,"barley",4611
"BRIDGE_HOR_8791",86.53,27.72166667,"barley",4611
"BRIDGE_HOR_8734",86.61166667,27.55666667,"barley",2776
"BRIDGE_HOR_8783",86.61166667,27.55666667,"barley",2776
"BRIDGE_HOR_8784",86.61166667,27.55666667,"barley",2776
"BRIDGE_HOR_8785",86.61166667,27.55666667,"barley",2776
"BRIDGE_HOR_8786",86.615,27.59166667,"barley",3280
"BRIDGE_HOR_8787",86.615,27.59166667,"barley",3280
"BRIDGE_HOR_8788",86.615,27.59166667,"barley",3280
"BRIDGE_HOR_8789",86.615,27.59166667,"barley",3280
"BRIDGE_HOR_8805",86.615,27.59166667,"barley",3280
"BRIDGE_HOR_8904",86.615,27.59166667,"barley",3280
"BRIDGE_HOR_7512",86.615,27.59166667,"barley",3280
"BRIDGE_HOR_8732",86.67666667,27.58333333,"barley",2652
"BRIDGE_HOR_8775",86.67666667,27.58333333,"barley",2652
"BRIDGE_HOR_8776",86.67666667,27.58333333,"barley",2652
"BRIDGE_HOR_8777",86.67666667,27.58333333,"barley",2652
"BRIDGE_HOR_8778",86.67666667,27.58333333,"barley",2652
"BRIDGE_HOR_8779",86.67666667,27.58333333,"barley",2652
"BRIDGE_HOR_15200",86.7,27.58333333,"barley",2652
"BRIDGE_HOR_15245",86.7,27.58333333,"barley",2652
"BRIDGE_HOR_15357",86.7,27.58333333,"barley",2652
"BRIDGE_HOR_8767",86.71333333,27.59833333,"barley",2652
"BRIDGE_HOR_8768",86.71333333,27.59833333,"barley",2652
"BRIDGE_HOR_8731",86.72166667,27.61666667,"barley",2652
"BRIDGE_HOR_8772",86.72166667,27.61666667,"barley",2652
"BRIDGE_HOR_8773",86.72166667,27.61666667,"barley",2652
"BRIDGE_HOR_8774",86.72166667,27.61666667,"barley",2652
"BRIDGE_HOR_8771",86.73,27.73666667,"barley",3218
"BRIDGE_HOR_8803",86.73,27.73666667,"barley",3218
"BRIDGE_HOR_8801",86.73166667,27.76166667,"barley",3218
"BRIDGE_HOR_8729",86.74,27.7,"barley",3218
"BRIDGE_HOR_8730",86.74,27.7,"barley",3218
"BRIDGE_HOR_8727",86.74166667,27.55666667,"barley",1993
"BRIDGE_HOR_8769",86.74166667,27.55666667,"barley",1993
"BRIDGE_HOR_8770",86.74166667,27.55666667,"barley",1993
"BRIDGE_HOR_8733",86.745,27.59166667,"barley",2652
"BRIDGE_HOR_8780",86.745,27.59166667,"barley",2652
"BRIDGE_HOR_8781",86.745,27.59166667,"barley",2652
"BRIDGE_HOR_8725",86.77166667,27.575,"barley",2363
"BRIDGE_HOR_8766",86.77166667,27.575,"barley",2363
"BRIDGE_HOR_15176",86.78333333,27.58333333,"barley",3734
"BRIDGE_HOR_15187",86.78333333,27.58333333,"barley",3734
"BRIDGE_HOR_21042",86.78333333,27.58333333,"barley",3734
"BRIDGE_HOR_8724",86.79666667,27.585,"barley",3734
"BRIDGE_HOR_8763",86.79666667,27.585,"barley",3734
"BRIDGE_HOR_8764",86.79666667,27.585,"barley",3734
"BRIDGE_HOR_8765",86.79666667,27.585,"barley",3734
"BRIDGE_HOR_8723",86.81,27.52,"barley",2363
"BRIDGE_HOR_8760",86.81,27.52,"barley",2363
"BRIDGE_HOR_8761",86.81,27.52,"barley",2363
"BRIDGE_HOR_8762",86.81,27.52,"barley",2363
"BRIDGE_HOR_8710",86.85333333,27.28666667,"barley",1686
"BRIDGE_HOR_8749",86.85333333,27.28666667,"barley",1686
"BRIDGE_HOR_8750",86.85333333,27.28666667,"barley",1686
"BRIDGE_HOR_8751",86.85333333,27.28666667,"barley",1686
"BRIDGE_HOR_8802",86.85333333,27.28666667,"barley",1686
"BRIDGE_HOR_8722",86.86333333,27.49833333,"barley",2684
"BRIDGE_HOR_8758",86.86333333,27.49833333,"barley",2684
"BRIDGE_HOR_14901",86.86666667,27.23333333,"barley",2051
"BRIDGE_HOR_8709",86.87333333,27.29166667,"barley",2051
"BRIDGE_HOR_8746",86.87333333,27.29166667,"barley",2051
"BRIDGE_HOR_8747",86.87333333,27.29166667,"barley",2051
"BRIDGE_HOR_8748",86.87333333,27.29166667,"barley",2051
"BRIDGE_HOR_8721",86.87666667,27.48833333,"barley",2868
"BRIDGE_HOR_8757",86.87666667,27.48833333,"barley",2868
"BRIDGE_HOR_14902",86.88333333,27.45,"barley",2868
"BRIDGE_HOR_8720",86.89,27.45166667,"barley",2868
"BRIDGE_HOR_8755",86.89,27.45166667,"barley",2868
"BRIDGE_HOR_8756",86.89,27.45166667,"barley",2868
"BRIDGE_HOR_8739",86.96833333,27.67833333,"barley",4773
"BRIDGE_HOR_8711",86.99,27.26333333,"barley",2217
"BRIDGE_HOR_8712",86.99,27.26333333,"barley",2217
"BRIDGE_HOR_8719",87.03,27.48166667,"barley",2434
"BRIDGE_HOR_14912",87.06666667,27.3,"barley",1651
"BRIDGE_HOR_21061",87.06666667,27.3,"barley",1651
"BRIDGE_HOR_8708",87.07833333,27.315,"barley",1255
"BRIDGE_HOR_8744",87.07833333,27.315,"barley",1255
"BRIDGE_HOR_8745",87.07833333,27.315,"barley",1255
"BRIDGE_HOR_8707",87.08,27.24166667,"barley",1651
"BRIDGE_HOR_8718",87.18,27.52666667,"barley",1678
"BRIDGE_HOR_8715",87.2,27.595,"barley",2957
"BRIDGE_HOR_8752",87.2,27.595,"barley",2957
"BRIDGE_HOR_8717",87.205,27.54666667,"barley",1678
"BRIDGE_HOR_8753",87.205,27.54666667,"barley",1678
"BRIDGE_HOR_8754",87.205,27.54666667,"barley",1678
"BRIDGE_HOR_8804",87.205,27.54666667,"barley",1678
"BRIDGE_HOR_8713",87.24666667,27.47166667,"barley",1232
"BRIDGE_HOR_15177",87.25,27.58333333,"barley",2263
"BRIDGE_HOR_21374",87.25,27.58333333,"barley",2263
"BRIDGE_HOR_8742",87.26333333,27.585,"barley",2263
"BRIDGE_HOR_8798",87.26333333,27.585,"barley",2263
"BRIDGE_HOR_8799",87.26333333,27.585,"barley",2263
"BRIDGE_HOR_8800",87.26333333,27.585,"barley",2263
"BRIDGE_HOR_8714",87.27166667,27.52666667,"barley",1433
"BRIDGE_HOR_14922",87.35,27.36666667,"barley",1524
"BRIDGE_HOR_21273",87.4,27.75,"barley",2258
"BRIDGE_HOR_8740",87.40333333,27.76166667,"barley",2926
"BRIDGE_HOR_8741",87.40333333,27.76166667,"barley",2926
"BRIDGE_HOR_8795",87.40333333,27.76166667,"barley",2926
"BRIDGE_HOR_8796",87.40333333,27.76166667,"barley",2926
"BRIDGE_HOR_8797",87.40333333,27.76166667,"barley",2926
"BRIDGE_HOR_8704",87.40833333,27.31666667,"barley",2504
"BRIDGE_HOR_8705",87.40833333,27.31666667,"barley",2504
"BRIDGE_HOR_8706",87.45333333,27.30666667,"barley",2147
"BRIDGE_HOR_8743",87.45333333,27.30666667,"barley",2147
"BRIDGE_HOR_1476",88.21638889,28.46638889,"barley",4534
"BRIDGE_HOR_1513",88.21638889,28.46638889,"barley",4534
"BRIDGE_HOR_1998",88.21638889,28.46638889,"barley",4534
"BRIDGE_HOR_1769",88.48305556,27.06638889,"barley",799
"Chinese_Genebank_ZDM05777",88.52,29.15,"barley",4176
"Chinese_Genebank_ZDM07678",88.56,27.29,"barley",1244
"BRIDGE_HOR_1549",88.63305556,27.61638889,"barley",2621
"BRIDGE_HOR_1731",88.75,27.7,"barley",4126
"BRIDGE_HOR_11963",88.88305556,29.25,"barley",3883
"BRIDGE_HOR_11964",88.88305556,29.25,"barley",3883
"BRIDGE_HOR_1587",88.88305556,29.25,"barley",3883
"BRIDGE_HOR_1708",88.88305556,29.25,"barley",3883
"BRIDGE_HOR_1724",88.88305556,29.25,"barley",3883
"BRIDGE_HOR_1727",88.88305556,29.25,"barley",3883
"BRIDGE_HOR_1761",88.88305556,29.25,"barley",3883
"BRIDGE_HOR_1762",88.88305556,29.25,"barley",3883
"BRIDGE_HOR_1764",88.88305556,29.25,"barley",3883
"BRIDGE_HOR_1816",88.88305556,29.25,"barley",3883
"BRIDGE_HOR_1817",88.88305556,29.25,"barley",3883
"BRIDGE_HOR_1821",88.88305556,29.25,"barley",3883
"BRIDGE_HOR_1822",88.88305556,29.25,"barley",3883
"BRIDGE_HOR_2669",88.88305556,29.25,"barley",3883
"BRIDGE_HOR_1571",88.93,27.43305556,"barley",3742
"Chinese_Genebank_ZDM01780",89.12,42.56,"barley",332
"Chinese_Genebank_ZDM07437",89.12,29.11,"barley",4164
"BRIDGE_HOR_1567",89.16638889,27.75,"barley",4547
"BRIDGE_HOR_1491",89.41666667,28.25,"barley",4491
"BRIDGE_HOR_1492",89.41666667,28.25,"barley",4491
"Chinese_Genebank_ZDM07766",89.43,28.35,"barley",4661
"BRIDGE_HOR_1570",89.54194444,28.35972222,"barley",4598
"BRIDGE_HOR_1743",89.54194444,28.35972222,"barley",4598
"BRIDGE_HOR_1478",89.54194444,28.35972222,"barley",4598
"BRIDGE_HOR_1534",89.54194444,28.35972222,"barley",4598
"BRIDGE_HOR_2503",89.54194444,28.35972222,"barley",4598
"BRIDGE_HOR_1514",89.63305556,28.95,"barley",4505
"BRIDGE_HOR_2663",89.63305556,28.95,"barley",4505
"BRIDGE_HOR_2670",89.63305556,28.95,"barley",4505
"BRIDGE_HOR_1569",89.64,28.48,"barley",4892
"BRIDGE_BCC_415",90.33333333,27.5,"barley",3044
"BRIDGE_HOR_1715",90.38305556,29.14972222,"barley",4823
"BRIDGE_HOR_1828",90.38305556,29.14972222,"barley",4823
"BRIDGE_HOR_1525",90.38305556,29.14972222,"barley",4823
"BRIDGE_HOR_1532",90.38305556,29.14972222,"barley",4823
"BRIDGE_HOR_1812",90.4,28.96638889,"barley",4709
"BRIDGE_HOR_1813",90.4,28.96638889,"barley",4709
"BRIDGE_HOR_1474",90.4,28.96638889,"barley",4709
"BRIDGE_HOR_1535",90.4,28.96638889,"barley",4709
"Chinese_Genebank_ZDM06636",90.41,30.01,"barley",4698
"Chinese_Genebank_ZDM06709",90.52,29.16,"barley",4552
"BRIDGE_HOR_1488",90.60305556,29.19166667,"barley",4624
"BRIDGE_HOR_1699",90.65,29.35,"barley",3921
"BRIDGE_HOR_1716",90.65,29.35,"barley",3921
"BRIDGE_HOR_1479",90.65,29.35,"barley",3921
"BRIDGE_BCC_408",90.76666667,27.51666667,"barley",3111
"BRIDGE_BCC_409",90.76666667,27.51666667,"barley",3111
"BRIDGE_HOR_1563",90.83305556,29.25,"barley",3905
"BRIDGE_HOR_1566",90.83305556,29.25,"barley",3905
"BRIDGE_HOR_1711",90.83305556,29.25,"barley",3905
"BRIDGE_HOR_1735",90.83305556,29.25,"barley",3905
"BRIDGE_HOR_1768",90.83305556,29.25,"barley",3905
"BRIDGE_HOR_1827",90.83305556,29.25,"barley",3905
"BRIDGE_HOR_1487",90.83305556,29.25,"barley",3905
"BRIDGE_HOR_1997",90.83305556,29.25,"barley",3905
"BRIDGE_HOR_2667",90.83305556,29.25,"barley",3905
"BRIDGE_HOR_1766",90.875,29.21027778,"barley",3937
"BRIDGE_HOR_2383",90.875,29.21027778,"barley",3937
"Chinese_Genebank_ZDM05605",91.07,29.41,"barley",4421
"Chinese_Genebank_ZDM06667",91.07,29.41,"barley",4421
"BRIDGE_HOR_11960",91.09972222,29.64972222,"barley",4005
"BRIDGE_HOR_1572",91.09972222,29.64972222,"barley",4005
"BRIDGE_HOR_1573",91.09972222,29.64972222,"barley",4005
"BRIDGE_HOR_1574",91.09972222,29.64972222,"barley",4005
"BRIDGE_HOR_1575",91.09972222,29.64972222,"barley",4005
"BRIDGE_HOR_1576",91.09972222,29.64972222,"barley",4005
"BRIDGE_HOR_1578",91.09972222,29.64972222,"barley",4005
"BRIDGE_HOR_1580",91.09972222,29.64972222,"barley",4005
"BRIDGE_HOR_1582",91.09972222,29.64972222,"barley",4005
"BRIDGE_HOR_1586",91.09972222,29.64972222,"barley",4005
"BRIDGE_HOR_1678",91.09972222,29.64972222,"barley",4005
"BRIDGE_HOR_1680",91.09972222,29.64972222,"barley",4005
"BRIDGE_HOR_1690",91.09972222,29.64972222,"barley",4005
"BRIDGE_HOR_1691",91.09972222,29.64972222,"barley",4005
"BRIDGE_HOR_1692",91.09972222,29.64972222,"barley",4005
"BRIDGE_HOR_1693",91.09972222,29.64972222,"barley",4005
"BRIDGE_HOR_1694",91.09972222,29.64972222,"barley",4005
"BRIDGE_HOR_1695",91.09972222,29.64972222,"barley",4005
"BRIDGE_HOR_1696",91.09972222,29.64972222,"barley",4005
"BRIDGE_HOR_1697",91.09972222,29.64972222,"barley",4005
"BRIDGE_HOR_1700",91.09972222,29.64972222,"barley",4005
"BRIDGE_HOR_1701",91.09972222,29.64972222,"barley",4005
"BRIDGE_HOR_1705",91.09972222,29.64972222,"barley",4005
"BRIDGE_HOR_1706",91.09972222,29.64972222,"barley",4005
"BRIDGE_HOR_1719",91.09972222,29.64972222,"barley",4005
"BRIDGE_HOR_1720",91.09972222,29.64972222,"barley",4005
"BRIDGE_HOR_1721",91.09972222,29.64972222,"barley",4005
"BRIDGE_HOR_1722",91.09972222,29.64972222,"barley",4005
"BRIDGE_HOR_1723",91.09972222,29.64972222,"barley",4005
"BRIDGE_HOR_1746",91.09972222,29.64972222,"barley",4005
"BRIDGE_HOR_1748",91.09972222,29.64972222,"barley",4005
"BRIDGE_HOR_1749",91.09972222,29.64972222,"barley",4005
"BRIDGE_HOR_1753",91.09972222,29.64972222,"barley",4005
"BRIDGE_HOR_1754",91.09972222,29.64972222,"barley",4005
"BRIDGE_HOR_1756",91.09972222,29.64972222,"barley",4005
"BRIDGE_HOR_1757",91.09972222,29.64972222,"barley",4005
"BRIDGE_HOR_1759",91.09972222,29.64972222,"barley",4005
"BRIDGE_HOR_1760",91.09972222,29.64972222,"barley",4005
"BRIDGE_HOR_1767",91.09972222,29.64972222,"barley",4005
"BRIDGE_HOR_1772",91.09972222,29.64972222,"barley",4005
"BRIDGE_HOR_1783",91.09972222,29.64972222,"barley",4005
"BRIDGE_HOR_1797",91.09972222,29.64972222,"barley",4005
"BRIDGE_HOR_1834",91.09972222,29.64972222,"barley",4005
"BRIDGE_HOR_1470",91.09972222,29.64972222,"barley",4005
"BRIDGE_HOR_1471",91.09972222,29.64972222,"barley",4005
"BRIDGE_HOR_1472",91.09972222,29.64972222,"barley",4005
"BRIDGE_HOR_1475",91.09972222,29.64972222,"barley",4005
"BRIDGE_HOR_1480",91.09972222,29.64972222,"barley",4005
"BRIDGE_HOR_1482",91.09972222,29.64972222,"barley",4005
"BRIDGE_HOR_1483",91.09972222,29.64972222,"barley",4005
"BRIDGE_HOR_1486",91.09972222,29.64972222,"barley",4005
"BRIDGE_HOR_1510",91.09972222,29.64972222,"barley",4005
"BRIDGE_HOR_1511",91.09972222,29.64972222,"barley",4005
"BRIDGE_HOR_1516",91.09972222,29.64972222,"barley",4005
"BRIDGE_HOR_1517",91.09972222,29.64972222,"barley",4005
"BRIDGE_HOR_1520",91.09972222,29.64972222,"barley",4005
"BRIDGE_HOR_1524",91.09972222,29.64972222,"barley",4005
"BRIDGE_HOR_1526",91.09972222,29.64972222,"barley",4005
"BRIDGE_HOR_1528",91.09972222,29.64972222,"barley",4005
"BRIDGE_HOR_1529",91.09972222,29.64972222,"barley",4005
"BRIDGE_HOR_1538",91.09972222,29.64972222,"barley",4005
"BRIDGE_HOR_1539",91.09972222,29.64972222,"barley",4005
"BRIDGE_HOR_1540",91.09972222,29.64972222,"barley",4005
"BRIDGE_HOR_1541",91.09972222,29.64972222,"barley",4005
"BRIDGE_HOR_1546",91.09972222,29.64972222,"barley",4005
"BRIDGE_HOR_1547",91.09972222,29.64972222,"barley",4005
"BRIDGE_HOR_1557",91.09972222,29.64972222,"barley",4005
"BRIDGE_HOR_1559",91.09972222,29.64972222,"barley",4005
"BRIDGE_HOR_1857",91.09972222,29.64972222,"barley",4005
"BRIDGE_HOR_1858",91.09972222,29.64972222,"barley",4005
"BRIDGE_HOR_1939",91.09972222,29.64972222,"barley",4005
"BRIDGE_HOR_1969",91.09972222,29.64972222,"barley",4005
"BRIDGE_HOR_1985",91.09972222,29.64972222,"barley",4005
"BRIDGE_HOR_3826",91.09972222,29.64972222,"barley",4005
"BRIDGE_HOR_3883",91.09972222,29.64972222,"barley",4005
"BRIDGE_HOR_2408",91.09972222,29.64972222,"barley",4005
"BRIDGE_HOR_2416",91.09972222,29.64972222,"barley",4005
"BRIDGE_HOR_2468",91.09972222,29.64972222,"barley",4005
"BRIDGE_HOR_2655",91.09972222,29.64972222,"barley",4005
"BRIDGE_HOR_2656",91.09972222,29.64972222,"barley",4005
"BRIDGE_HOR_2658",91.09972222,29.64972222,"barley",4005
"BRIDGE_HOR_2660",91.09972222,29.64972222,"barley",4005
"BRIDGE_HOR_2661",91.09972222,29.64972222,"barley",4005
"BRIDGE_HOR_2664",91.09972222,29.64972222,"barley",4005
"BRIDGE_HOR_2665",91.09972222,29.64972222,"barley",4005
"BRIDGE_HOR_2668",91.09972222,29.64972222,"barley",4005
"Chinese_Genebank_ZDM05540",91.17,29.58,"barley",4088
"Chinese_Genebank_ZDM06415",91.31,28.27,"barley",4430
"Chinese_Genebank_ZDM08398",91.4,29.03,"barley",4684
"BRIDGE_HOR_1584",91.46638889,29.39972222,"barley",4643
"BRIDGE_HOR_1681",91.46638889,29.39972222,"barley",4643
"BRIDGE_HOR_1717",91.46638889,29.39972222,"barley",4643
"BRIDGE_HOR_1832",91.46638889,29.39972222,"barley",4643
"BRIDGE_HOR_1536",91.46638889,29.39972222,"barley",4643
"BRIDGE_HOR_1545",91.46638889,29.39972222,"barley",4643
"BRIDGE_HOR_1986",91.46638889,29.39972222,"barley",4643
"BRIDGE_HOR_2323",91.46638889,29.39972222,"barley",4643
"BRIDGE_HOR_2485",91.46638889,29.39972222,"barley",4643
"BRIDGE_HOR_1585",91.51083333,29.43888889,"barley",4506
"BRIDGE_HOR_1745",91.76638889,29.26638889,"barley",3865
"BRIDGE_HOR_1837",91.76638889,29.26638889,"barley",3865
"BRIDGE_HOR_1496",91.76638889,29.26638889,"barley",3865
"BRIDGE_HOR_1498",91.83138889,29.11638889,"barley",3987
"Chinese_Genebank_ZDM04517",92.03,29.17,"barley",4262
"Chinese_Genebank_ZDM08400",92.12,29.03,"barley",4363
"Chinese_Genebank_ZDM04604",92.28,28.26,"barley",4709
"Chinese_Genebank_ZDM08394",92.28,28.26,"barley",4709
"Chinese_Genebank_ZDM08389",92.36,29.09,"barley",4541
"Chinese_Genebank_ZDM05925",94.03,29.12,"barley",3898
"Chinese_Genebank_ZDM06577",94.03,29.12,"barley",3898
"Chinese_Genebank_ZDM05649",96.31,31.13,"barley",4587
"Chinese_Genebank_ZDM04098",97.56,24.42,"barley",1057
"Chinese_Genebank_ZDM01454",98.31,39.45,"barley",2699
"Chinese_Genebank_ZDM03759",98.5,31.13,"barley",4293
"Chinese_Genebank_ZDM04050",98.52,26.54,"barley",2249
"Chinese_Genebank_ZDM07928",98.54,40,"barley",1321
"Chinese_Genebank_ZDM04058",99.45,27.5,"barley",2609
"Chinese_Genebank_ZDM08366",99.45,27.5,"barley",2609
"Chinese_Genebank_ZDM01606",99.59,35.36,"barley",4430
"Chinese_Genebank_ZDM03835",100,31.37,"barley",4639
"Chinese_Genebank_ZDM01605",100.31,36.16,"barley",2989
"Chinese_Genebank_ZDM01463",101.05,38.48,"barley",2274
"Chinese_Genebank_ZDM01506",101.15,36.43,"barley",3463
"Chinese_Genebank_ZDM01585",101.37,37.23,"barley",3501
"Chinese_Genebank_ZDM08796",102.03,31.28,"barley",2665
"Chinese_Genebank_ZDM08926",102.14,31.54,"barley",3404
"Chinese_Genebank_ZDM01704",102.16,35.06,"barley",3718
"Chinese_Genebank_ZDM03743",102.21,31,"barley",3062
"Chinese_Genebank_ZDM01690",102.3,36.3,"barley",2717
"Chinese_Genebank_ZDM01580",102.33,35.5,"barley",3537
"Chinese_Genebank_ZDM03873",102.33,32.48,"barley",3641
"Chinese_Genebank_ZDM07877",102.41,37.55,"barley",3206
"Chinese_Genebank_ZDM04001",102.45,24.07,"barley",1937
"Chinese_Genebank_ZDM05371",102.51,28.01,"barley",2903
"Chinese_Genebank_ZDM07887",102.52,37.26,"barley",3593
"Chinese_Genebank_ZDM07833",103.3,35.32,"barley",2376
"Chinese_Genebank_ZDM09178",103.43,27.21,"barley",2213
"Chinese_Genebank_ZDM07925",103.52,35.23,"barley",2516
"Chinese_Genebank_ZDM07869",104.03,37.11,"barley",1652
"Chinese_Genebank_ZDM03845",104.08,30,"barley",516
"Chinese_Genebank_ZDM07923",104.13,35.08,"barley",2340
"Chinese_Genebank_ZDM09046",104.17,26.52,"barley",2093
"Chinese_Genebank_ZDM08860",104.4,31.02,"barley",491
"Chinese_Genebank_ZDM08912",104.44,31.47,"barley",579
"Chinese_Genebank_ZDM03906",104.52,26.35,"barley",2141
"Chinese_Genebank_ZDM08960",105.09,31.39,"barley",467
"Chinese_Genebank_ZDM03813",105.16,29.2,"barley",339
"Chinese_Genebank_ZDM03735",105.28,32.02,"barley",772
"Chinese_Genebank_ZDM08978",105.32,27.07,"barley",1712
"Chinese_Genebank_ZDM03901",105.37,25.57,"barley",1404
"Chinese_Genebank_ZDM03885",105.55,26.14,"barley",1269
"Chinese_Genebank_ZDM09045",106.05,25.1,"barley",658
"Chinese_Genebank_ZDM09020",106.28,26.34,"barley",1263
"Chinese_Genebank_ZDM08965",106.43,26.35,"barley",1264
"Chinese_Genebank_ZDM03699",106.46,31.51,"barley",430
"Chinese_Genebank_ZDM03884",106.5,28.08,"barley",993
"Chinese_Genebank_ZDM01431",107.14,40.46,"barley",1047
"Chinese_Genebank_ZDM07900",107.21,35.2,"barley",1294
"Chinese_Genebank_ZDM08983",107.31,26.16,"barley",1280
"Chinese_Genebank_ZDM00922",107.39,34.27,"barley",812
"Chinese_Genebank_ZDM09047",107.53,28.31,"barley",1095
"Chinese_Genebank_ZDM05212",107.58,39.06,"barley",1259
"Chinese_Genebank_ZDM00976",108.3,32.54,"barley",753
"Chinese_Genebank_ZDM00937",108.36,34.06,"barley",580
"Chinese_Genebank_ZDM05209",108.5,38.36,"barley",1307
"Chinese_Genebank_ZDM03531",109.27,28.35,"barley",629
"Chinese_Genebank_ZDM03483",109.28,30.17,"barley",1232
"Chinese_Genebank_ZDM00888",109.29,36.36,"barley",1161
"Chinese_Genebank_ZDM00891",109.3,35.49,"barley",964
"Chinese_Genebank_ZDM01008",109.3,35.15,"barley",1005
"Chinese_Genebank_ZDM03532",109.36,27.21,"barley",597
"Chinese_Genebank_ZDM01065",109.56,34.48,"barley",567
"Chinese_Genebank_ZDM03669",110,22.55,"barley",134
"Chinese_Genebank_ZDM01422",110.01,40.24,"barley",1186
"Chinese_Genebank_ZDM00985",110.18,33.4,"barley",1063
"Chinese_Genebank_ZDM03666",110.2,25.24,"barley",164
"Chinese_Genebank_ZDM08679",110.25,31.02,"barley",591
"Chinese_Genebank_ZDM08692",110.41,30.09,"barley",1406
"Chinese_Genebank_ZDM08482",110.43,34.42,"barley",1372
"Chinese_Genebank_ZDM03513",111.36,25.32,"barley",258
"Chinese_Genebank_ZDM01420",111.4,40.5,"barley",1010
"Chinese_Genebank_ZDM01419",111.41,39.58,"barley",1192
"Chinese_Genebank_ZDM08883",111.48,40.25,"barley",1096
"Chinese_Genebank_ZDM08476",111.5,35.2,"barley",984
"BTR_FT519",112,31,"barley",116
"Chinese_Genebank_ZDM00761",112.05,34.08,"barley",506
"Chinese_Genebank_ZDM00861",112.25,34.25,"barley",330
"Chinese_Genebank_ZDM00873",112.26,34.39,"barley",325
"Chinese_Genebank_ZDM01412",112.35,40.56,"barley",1690
"Chinese_Genebank_ZDM01411",112.37,41.16,"barley",1709
"Chinese_Genebank_ZDM00185",112.55,35.47,"barley",624
"Chinese_Genebank_ZDM08414",112.57,38.28,"barley",1026
"BRIDGE_HOR_11564",112.9469444,39.06388889,"barley",966
"Chinese_Genebank_ZDM00650",113.04,35.1,"barley",111
"Chinese_Genebank_ZDM00878",113.05,34.56,"barley",676
"Chinese_Genebank_ZDM01395",113.09,41.02,"barley",1421
"Chinese_Genebank_ZDM01614",113.09,41.02,"barley",1421
"Chinese_Genebank_ZDM03631",113.54,22.34,"barley",18
"Chinese_Genebank_ZDM00793",113.57,35.03,"barley",93
"BRIDGE_HOR_2351",113.6502778,34.765,"barley",123
"BRIDGE_HOR_2352",113.6502778,34.765,"barley",123
"BRIDGE_HOR_2353",113.6502778,34.765,"barley",123
"BRIDGE_HOR_2354",113.6502778,34.765,"barley",123
"BRIDGE_HOR_3299",113.6502778,34.765,"barley",123
"BRIDGE_HOR_2375",114.1141667,31.82277778,"barley",268
"Chinese_Genebank_ZDM00558",114.12,34.05,"barley",64
"Chinese_Genebank_ZDM00020",114.25,38.02,"barley",247
"Chinese_Genebank_ZDM00029",114.3,36.52,"barley",202
"Chinese_Genebank_ZDM00040",114.41,41.15,"barley",1455
"Chinese_Genebank_ZDM00052",114.41,36.26,"barley",74
"Chinese_Genebank_ZDM00049",114.56,36.46,"barley",63
"Chinese_Genebank_ZDM00425",115.24,35.12,"barley",57
"Chinese_Genebank_ZDM01888",115.33,28.04,"barley",41
"Chinese_Genebank_ZDM03640",115.38,22.57,"barley",0
"Chinese_Genebank_ZDM00228",115.4,36.12,"barley",42
"Chinese_Genebank_ZDM05358",115.4,30.44,"barley",70
"Chinese_Genebank_ZDM00037",115.46,38.41,"barley",25
"BRIDGE_HOR_11574",115.6163889,34.38305556,"barley",49
"BRIDGE_HOR_11575",115.6163889,34.38305556,"barley",49
"Chinese_Genebank_ZDM05280",116,29.44,"barley",95
"Chinese_Genebank_ZDM00413",116.04,37.13,"barley",27
"Chinese_Genebank_ZDM03647",116.07,24.18,"barley",178
"Chinese_Genebank_ZDM00008",116.17,39.59,"barley",34
"Chinese_Genebank_ZDM00489",116.18,35.04,"barley",39
"Chinese_Genebank_ZDM03643",116.35,23.16,"barley",178
"Chinese_Genebank_ZDM00007",116.39,39.54,"barley",32
"Chinese_Genebank_ZDM03619",116.45,25.41,"barley",515
"Chinese_Genebank_ZDM05309",116.46,36.11,"barley",78
"Chinese_Genebank_ZDM05307",116.48,35.46,"barley",38
"Chinese_Genebank_ZDM03579",117.02,25.06,"barley",499
"BRIDGE_HOR_2356",117.0997222,36.39972222,"barley",338
"Chinese_Genebank_ZDM01856",117.13,34.14,"barley",45
"Chinese_Genebank_ZDM01855",117.14,34.16,"barley",39
"Chinese_Genebank_ZDM03598",117.22,23.59,"barley",7
"Chinese_Genebank_ZDM00084",117.26,38.27,"barley",5
"BRIDGE_HOR_11568",117.2805556,31.86361111,"barley",24
"Chinese_Genebank_ZDM00012",117.39,39.01,"barley",3
"Chinese_Genebank_ZDM05316",117.39,36.15,"barley",154
"Chinese_Genebank_ZDM02329",117.57,34.18,"barley",32
"Chinese_Genebank_ZDM05321",118,36.5,"barley",376
"Chinese_Genebank_ZDM02246",118.1,33.27,"barley",30
"Chinese_Genebank_ZDM02194",118.14,33.57,"barley",18
"Chinese_Genebank_ZDM00424",118.21,35.03,"barley",71
"Chinese_Genebank_ZDM03606",118.32,27.55,"barley",381
"Chinese_Genebank_ZDM03590",118.34,24.49,"barley",5
"Chinese_Genebank_ZDM03586",118.42,25.27,"barley",492
"Chinese_Genebank_ZDM03593",118.47,25.02,"barley",44
"Chinese_Genebank_ZDM01837",119.07,34.5,"barley",3
"Chinese_Genebank_ZDM02234",119.09,31.57,"barley",31
"Chinese_Genebank_ZDM03589",119.23,25.43,"barley",8
"Chinese_Genebank_ZDM01952",119.32,32.26,"barley",6
"Chinese_Genebank_ZDM03210",119.33,28.07,"barley",611
"Chinese_Genebank_ZDM03607",119.38,27.06,"barley",790
"Chinese_Genebank_ZDM03172",119.39,29.07,"barley",54
"Chinese_Genebank_ZDM02926",119.41,30.38,"barley",540
"Chinese_Genebank_ZDM05207",119.41,49.13,"barley",684
"Chinese_Genebank_ZDM03307",119.43,27.34,"barley",587
"Chinese_Genebank_ZDM02422",119.48,33.47,"barley",1
"Chinese_Genebank_ZDM02297",119.49,32.16,"barley",23
"Chinese_Genebank_ZDM03211",119.55,28.27,"barley",490
"Chinese_Genebank_ZDM00457",120,35.53,"barley",0
"Chinese_Genebank_ZDM01940",120,32.1,"barley",4
"Chinese_Genebank_ZDM03609",120.11,27.2,"barley",326
"Chinese_Genebank_ZDM03182",120.13,29.16,"barley",196
"Chinese_Genebank_ZDM02015",120.17,31.4,"barley",0
"Chinese_Genebank_ZDM02257",120.17,33.47,"barley",0
"Chinese_Genebank_ZDM02894",120.17,28.09,"barley",483
"BRIDGE_HOR_2363",120.2997222,36.08111111,"barley",0
"Chinese_Genebank_ZDM02674",120.35,30,"barley",103
"Chinese_Genebank_ZDM03068",120.44,30.46,"barley",7
"Chinese_Genebank_ZDM00262",121.02,36.47,"barley",0
"Chinese_Genebank_ZDM01928",121.09,31.5,"barley",4
"Chinese_Genebank_ZDM03098",121.09,30.03,"barley",7
"Chinese_Genebank_ZDM02510",121.14,31,"barley",4
"Chinese_Genebank_ZDM02574",121.23,31.37,"barley",5
"Chinese_Genebank_ZDM02946",121.3,29.4,"barley",372
"Chinese_Genebank_ZDM02509",121.41,31.11,"barley",6
"BRIDGE_HOR_2357",122,41,"barley",3
"Chinese_Genebank_ZDM02953",122.13,30.14,"barley",11
"Chinese_Genebank_ZDM03360",122.18,29.57,"barley",0
"Chinese_Genebank_ZDM01340",122.23,41.23,"barley",4
"BRIDGE_HOR_2355",122.4191667,41.29972222,"barley",6
"Chinese_Genebank_ZDM01357",123.27,41.44,"barley",29
"Chinese_Genebank_ZDM01467",123.3,47.55,"barley",168
"Chinese_Genebank_ZDM05215",124.43,42.44,"barley",227
"Chinese_Genebank_ZDM01223",124.5,47.11,"barley",143
"Chinese_Genebank_ZDM01279",125.18,47.54,"barley",183
"Chinese_Genebank_ZDM05217",125.21,41.15,"barley",528
"BRIDGE_HOR_10589",125.6833333,38.1,"barley",225
"BRIDGE_HOR_10860",125.6833333,38.1,"barley",225
"Chinese_Genebank_ZDM01212",126.16,46.15,"barley",166
"BTR_FT524",126.4,39.5,"barley",319
"Chinese_Genebank_ZDM01159",126.46,45.45,"barley",175
"Chinese_Genebank_ZDM01167",127.29,45.45,"barley",368
"Chinese_Genebank_ZDM01283",128.01,46.59,"barley",306
"BRIDGE_HOR_2376",128.8327778,47.81694444,"barley",252
"Chinese_Genebank_ZDM01285",129.34,46.2,"barley",111
"Chinese_Genebank_ZDM01187",130.07,44.03,"barley",699
