,sorghum_ph,sorghum_cec
IS14446.70MUKAAXX.2.250006019,71,404
IS14567.MRG.4.250047680,NA,NA
IS21519.628NVAAXX.5.250006979,60,79
IS25522.MRG.4.250047691,65,161
IS25523.MRG.4.250047692,65,161
IS25524.MRG.4.250047693,NA,NA
IS30898.B064FABXX.1.250009989,62,214
IS31123.B064FABXX.1.250010001,60,179
IS9168.70MUKAAXX.2.250006009,55,221
IS10068.C1AB3ACXX.7.250137465,62,116
IS10189.C1AB3ACXX.7.250137466,NA,NA
IS10191.C1AB3ACXX.7.250138387,64,75
IS1033.C1AB3ACXX.7.250137245,NA,NA
IS1036.C1AB3ACXX.7.250137246,66,280
IS1052.C1AB3ACXX.7.250137247,NA,NA
IS10876.628P7AAXX.7.250007049,57,74
IS10882.628P7AAXX.7.250007073,57,74
IS1106.C1AB3ACXX.7.250137248,NA,NA
IS1107.C1AB3ACXX.7.250137249,75,528
IS11119.628NVAAXX.5.250006899,62,397
IS1127.70MUKAAXX.1.250006394,65,162
IS11374.70MUKAAXX.2.250006018,55,246
IS11424.C1AB3ACXX.7.250138388,64,184
IS11431.C1AB3ACXX.7.250138389,54,221
IS11473.D0D0HACXX.5.250046338,79,475
IS1151.C1AB3ACXX.7.250137250,74,326
IS11619.D0D0HACXX.5.250046339,65,392
IS11758.B064FABXX.1.250009960,NA,NA
IS1182.C1AB3ACXX.7.250137251,NA,NA
IS1186.C1AB3ACXX.7.250137252,71,287
IS1187.C1AB3ACXX.7.250137253,NA,NA
IS11919.D0D0HACXX.5.250046340,75,294
IS11954.MRG.4.250047668,75,319
IS11960.D0D0HACXX.5.250046081,75,319
IS12031.C1AB3ACXX.7.250138390,72,415
IS12106.C1AB3ACXX.7.250138391,80,267
IS12110.70MUKAAXX.2.250006030,58,297
IS12169.628NVAAXX.5.250006923,69,379
IS1236.C1AB3ACXX.7.250137254,74,297
IS1240.C1AB3ACXX.7.250137255,NA,NA
IS1243.C1AB3ACXX.7.250137256,73,298
IS1246.C1AB3ACXX.7.250137257,74,292
IS12531.628NVAAXX.5.250006971,NA,NA
IS1257.C1AB3ACXX.7.250137258,74,283
IS12584.C1AB3ACXX.7.250138392,65,181
IS12590.C1AB3ACXX.7.250138393,70,193
IS12606.C1AB3ACXX.7.250138394,54,163
IS12734.C1AB3ACXX.7.250138395,NA,NA
IS12740.C1AB3ACXX.7.250138396,NA,NA
IS12779.C1AB3ACXX.7.250138397,66,263
IS12782.C1AB3ACXX.7.250138398,74,277
IS12789.C1AB3ACXX.7.250138399,NA,NA
IS12793.C1AB3ACXX.7.250138400,72,247
IS12796.C1AB3ACXX.7.250138401,69,255
IS12801.C1AB3ACXX.7.250138402,NA,NA
IS12804.628P7AAXX.7.250007027,NA,NA
IS12805.C1AB3ACXX.7.250138403,70,272
IS12808.C1AB3ACXX.7.250138404,67,238
IS12810.C1AB3ACXX.7.250138405,64,252
IS12811.C1AB3ACXX.7.250138406,NA,NA
IS12813.C1AB3ACXX.7.250138407,62,255
IS12815.C1AB3ACXX.7.250138408,72,266
IS12817.C1AB3ACXX.7.250138409,NA,NA
IS12818.C1AB3ACXX.7.250138410,72,257
IS12819.C1AB3ACXX.7.250138411,NA,NA
IS12821.C1AB3ACXX.7.250138412,70,258
IS12822.C1AB3ACXX.7.250138413,NA,NA
IS12945.D0D0HACXX.5.250046350,62,273
IS12953.C1AB3ACXX.7.250138414,58,296
IS13148.C1AB3ACXX.7.250138415,NA,NA
IS13155.C1AB3ACXX.7.250138416,68,272
IS13263.C1AB3ACXX.7.250138417,NA,NA
IS13264.D0D0HACXX.5.250046082,NA,NA
IS13512.C1AB3ACXX.7.250138418,64,256
IS13515.C1AB3ACXX.7.250138419,81,222
IS1360.C1AB3ACXX.7.250137259,74,383
IS1371.C1AB3ACXX.7.250137260,68,226
IS13782.D0D0HACXX.5.250046354,NA,NA
IS13791.628P7AAXX.7.250007099,NA,NA
IS13827.70MUKAAXX.2.250006050,NA,NA
IS13845.628NVAAXX.5.250006901,NA,NA
IS13893.D0D0HACXX.5.250046355,NA,NA
IS13919.D0D0HACXX.5.250046356,NA,NA
IS13926.628NVAAXX.5.250006925,NA,NA
IS13971.D0D0HACXX.5.250046357,NA,NA
IS1398.628NVAAXX.5.250006961,67,249
IS13989.628NVAAXX.5.250006949,NA,NA
IS1401.C1AB3ACXX.7.250137261,76,167
IS14010.D0D0HACXX.5.250046358,NA,NA
IS14133.C1AB3ACXX.7.250138420,68,240
IS1416.C1AB3ACXX.7.250137262,71,464
IS1425.C1AB3ACXX.7.250137263,68,252
IS14444.C1AB3ACXX.7.250138421,60,167
IS14449.70MUKAAXX.2.250006046,71,404
IS14478.70MUKAAXX.2.250006051,65,185
IS14556.70MUKAAXX.2.250006075,74,288
IS14564.MRG.4.250047679,71,404
IS14635.C1AB3ACXX.7.250138422,78,296
IS1464.C1AB3ACXX.7.250137264,NA,NA
IS1469.C1AB3ACXX.7.250137265,NA,NA
IS14719.MRG.4.250047681,NA,NA
IS1472.C1AB3ACXX.7.250137266,70,263
IS14724.C1AB3ACXX.7.250138424,65,385
IS14735.70MUKAAXX.2.250006039,62,281
IS1477.C1AB3ACXX.7.250137267,69,335
IS1520.C1AB3ACXX.7.250137268,71,279
IS1523.C1AB3ACXX.7.250137269,70,255
IS1540.C1AB3ACXX.7.250137270,72,323
IS17149.C1AB3ACXX.7.250138425,55,93
IS17185.C1AB3ACXX.7.250138426,64,114
IS17195.C1AB3ACXX.7.250138427,62,108
IS17196.C1AB3ACXX.7.250138428,57,77
IS17669.C1AB3ACXX.7.250138429,66,203
IS17671.C1AB3ACXX.7.250138430,62,222
IS17749.C1AB3ACXX.7.250138431,73,239
IS17752.C1AB3ACXX.7.250138432,NA,NA
IS17766.C1AB3ACXX.7.250138433,68,261
IS17815.C1AB3ACXX.7.250138434,65,181
IS17819.C1AB3ACXX.7.250138435,64,269
IS17857.C1AB3ACXX.7.250138436,60,184
IS17864.C1AB3ACXX.7.250138437,64,171
IS17872.C1AB3ACXX.7.250138438,64,192
IS17885.C1AB3ACXX.7.250138439,62,198
IS17891.C1AB3ACXX.7.250138440,64,244
IS17896.C1AB3ACXX.7.250138441,63,195
IS17905.C1AB3ACXX.7.250138442,NA,NA
IS17909.C1AB3ACXX.7.250138443,NA,NA
IS17912.C1AB3ACXX.7.250138444,65,239
IS17917.C1AB3ACXX.7.250138445,73,106
IS17919.C1AB3ACXX.7.250138446,78,109
IS17920.C1AB3ACXX.7.250138447,NA,NA
IS17921.C1AB3ACXX.7.250138448,76,222
IS17922.C1AB3ACXX.7.250138449,74,272
IS17925.C1AB3ACXX.7.250138450,78,205
IS17926.C1AB3ACXX.7.250138451,74,237
IS17929.C1AB3ACXX.7.250138452,73,301
IS17930.C1AB3ACXX.7.250138453,75,427
IS17933.C1AB3ACXX.7.250138454,74,200
IS17937.C1AB3ACXX.7.250138455,75,114
IS17941.MRG.4.250047478,75,255
IS17942.C1AB3ACXX.7.250138456,NA,NA
IS17958.C1AB3ACXX.7.250138457,71,431
IS17980.MRG.4.250047479,NA,NA
IS18039.MRG.4.250047480,NA,NA
IS18234.C1AB3ACXX.7.250138458,57,188
IS18235.C1AB3ACXX.7.250138459,NA,NA
IS18236.C1AB3ACXX.7.250138460,NA,NA
IS18238.C1AB3ACXX.7.250138461,58,224
IS18295.C1AB3ACXX.7.250138462,61,70
IS18303.C1AB3ACXX.7.250138463,58,50
IS18822.C1AB3ACXX.7.250138464,77,122
IS18948.MRG.4.250047689,80,144
IS19016.70MUKAAXX.2.250006066,71,181
IS19026.628P7AAXX.7.250007103,71,181
IS19041.70MUKAAXX.2.250006078,71,181
IS19126.D0D0HACXX.5.250046083,71,181
IS19132.628NVAAXX.5.250006905,71,181
IS19153.MRG.4.250047481,71,181
IS19262.D0D0HACXX.5.250046084,71,181
IS19477.C1AB3ACXX.7.250138465,61,155
IS19485.C1AB3ACXX.7.250138466,62,154
IS19494.C1AB3ACXX.7.250138467,62,144
IS19507.C1AB3ACXX.7.250138468,58,150
IS19513.C1AB3ACXX.7.250138469,NA,NA
IS19520.C1AB3ACXX.7.250138470,61,70
IS19677.C1AB3ACXX.7.250138471,64,349
IS19680.C1AB3ACXX.7.250138472,64,178
IS19685.628NVAAXX.5.250006977,69,297
IS19698.C1AB3ACXX.7.250138473,65,239
IS19700.C1AB3ACXX.7.250138474,62,414
IS19706.C1AB3ACXX.7.250138475,73,403
IS19732.C1AB3ACXX.7.250138476,62,306
IS19758.C1AB3ACXX.7.250138477,73,360
IS19804.C1AB3ACXX.7.250138478,73,190
IS19847.70MUKAAXX.2.250006012,NA,NA
IS19859.MRG.4.250047487,74,255
IS19946.C1AB3ACXX.7.250138479,65,90
IS19950.C1AB3ACXX.7.250138480,63,98
IS19953.628P7AAXX.7.250007033,65,105
IS19956.C1AB3ACXX.7.250138481,70,64
IS19962.C1AB3ACXX.7.250138482,71,55
IS19975.MRG.4.250047488,55,96
IS19978.C1AB3ACXX.7.250137625,56,69
IS19982.C1AB3ACXX.7.250137626,62,98
IS19988.C1AB3ACXX.7.250137627,66,81
IS19991.C1AB3ACXX.7.250137628,59,104
IS19998.C1AB3ACXX.7.250137629,64,91
IS20004.C1AB3ACXX.7.250137630,64,90
IS20016.628P7AAXX.7.250007057,64,72
IS20024.C1AB3ACXX.7.250137631,64,88
IS20027.C1AB3ACXX.7.250137632,61,79
IS20028.C1AB3ACXX.7.250137633,67,83
IS20049.C1AB3ACXX.7.250137634,61,76
IS20064.628P7AAXX.7.250007081,59,87
IS20073.C1AB3ACXX.7.250137635,59,90
IS20087.C1AB3ACXX.7.250137636,59,84
IS20105.C1AB3ACXX.7.250137637,60,74
IS20116.C1AB3ACXX.7.250137638,59,80
IS20125.C1AB3ACXX.7.250137639,56,94
IS20146.C1AB3ACXX.7.250137640,NA,NA
IS20158.C1AB3ACXX.7.250137641,72,109
IS20164.C1AB3ACXX.7.250137642,76,114
IS20166.C1AB3ACXX.7.250137643,77,128
IS20173.C1AB3ACXX.7.250137644,76,123
IS20187.C1AB3ACXX.7.250137645,76,109
IS20216.C1AB3ACXX.7.250137646,67,73
IS20225.C1AB3ACXX.7.250137647,68,114
IS20230.C1AB3ACXX.7.250137648,71,101
IS20234.C1AB3ACXX.7.250137649,68,117
IS20243.C1AB3ACXX.7.250137650,72,123
IS20250.C1AB3ACXX.7.250137651,72,126
IS20261.C1AB3ACXX.7.250137652,63,83
IS20300.C1AB3ACXX.7.250137653,72,129
IS20307.C1AB3ACXX.7.250137654,57,44
IS20314.C1AB3ACXX.7.250137655,71,97
IS20328.C1AB3ACXX.7.250137656,64,71
IS20345.C1AB3ACXX.7.250137657,67,74
IS20348.C1AB3ACXX.7.250137658,60,61
IS20363.C1AB3ACXX.7.250137659,73,156
IS20364.C1AB3ACXX.7.250137660,70,109
IS20378.C1AB3ACXX.7.250137661,64,75
IS20398.C1AB3ACXX.7.250137662,66,28
IS20441.C1AB3ACXX.7.250137663,58,63
IS20448.C1AB3ACXX.7.250137664,64,56
IS20450.C1AB3ACXX.7.250137665,61,76
IS20452.C1AB3ACXX.7.250137666,68,87
IS20460.C1AB3ACXX.7.250137667,59,41
IS20463.C1AB3ACXX.7.250137668,61,59
IS20488.C1AB3ACXX.7.250137669,62,65
IS20490.C1AB3ACXX.7.250137670,56,25
IS20492.C1AB3ACXX.7.250137671,61,88
IS20497.C1AB3ACXX.7.250137672,50,52
IS20498.C1AB3ACXX.7.250137673,65,74
IS20905.C1AB3ACXX.7.250137674,NA,NA
IS21015.C1AB3ACXX.7.250137675,60,226
IS21055.C1AB3ACXX.7.250137676,62,268
IS21083.MRG.4.250047501,58,216
IS21124.628NVAAXX.5.250006955,65,249
IS21126.70MUKAAXX.2.250006025,60,222
IS21139.C1AB3ACXX.7.250137677,51,262
IS21155.C1AB3ACXX.7.250137678,56,241
IS21160.C1AB3ACXX.7.250137679,69,194
IS21169.C1AB3ACXX.7.250137680,58,253
IS21186.C1AB3ACXX.7.250137681,60,189
IS21309.C1AB3ACXX.7.250137682,63,160
IS21310.C1AB3ACXX.7.250137683,66,155
IS21323.C1AB3ACXX.7.250137684,61,168
IS21328.C1AB3ACXX.7.250137685,71,366
IS21343.C1AB3ACXX.7.250137686,58,217
IS21347.C1AB3ACXX.7.250137687,66,256
IS21401.70MUKAAXX.2.250006035,60,72
IS21403.C1AB3ACXX.7.250137688,59,76
IS21425.70MUKAAXX.2.250006057,55,161
IS21464.C1AB3ACXX.7.250137689,64,133
IS21512.MRG.4.250047502,63,144
IS21521.C1AB3ACXX.7.250137690,57,119
IS21522.C1AB3ACXX.7.250137691,64,135
IS21535.C1AB3ACXX.7.250137692,63,129
IS21545.C1AB3ACXX.7.250137693,62,89
IS21546.C1AB3ACXX.7.250137694,NA,NA
IS21557.C1AB3ACXX.7.250137695,59,98
IS2156.628P7AAXX.7.250007017,61,66
IS21565.C1AB3ACXX.7.250137696,61,109
IS21583.C1AB3ACXX.7.250137697,59,69
IS21631.C1AB3ACXX.7.250137698,62,79
IS21645.MRG.4.250047503,69,191
IS21863.MRG.4.250047504,NA,NA
IS21976.C1AB3ACXX.7.250137699,NA,NA
IS21982.C1AB3ACXX.7.250137701,69,242
IS21991.70MUKAAXX.2.250006093,70,357
IS21996.C1AB3ACXX.7.250137702,73,287
IS21997.C1AB3ACXX.7.250137703,NA,NA
IS22001.C1AB3ACXX.7.250137704,72,328
IS22009.C1AB3ACXX.7.250137705,NA,NA
IS22019.C1AB3ACXX.7.250137706,67,352
IS22025.C1AB3ACXX.7.250137707,NA,NA
IS22026.C1AB3ACXX.7.250137708,61,198
IS22040.B064FABXX.1.250009992,NA,NA
IS2205.MRG.4.250047657,NA,NA
IS2206.C1AB3ACXX.7.250137271,62,358
IS22074.70MUKAAXX.2.250006006,NA,NA
IS22100.C1AB3ACXX.7.250137709,60,317
IS22104.C1AB3ACXX.7.250137710,NA,NA
IS22193.C1AB3ACXX.7.250137711,58,225
IS22239.70MUKAAXX.2.250006015,64,150
IS22282.628P7AAXX.7.250007059,NA,NA
IS22287.628P7AAXX.7.250007083,NA,NA
IS22291.70MUKAAXX.2.250006026,67,129
IS22294.628P7AAXX.7.250007107,67,129
IS22325.70MUKAAXX.2.250006036,69,123
IS22330.628NVAAXX.5.250006909,63,69
IS22334.628NVAAXX.5.250006933,76,92
IS22598.C1AB3ACXX.7.250137712,59,201
IS22601.C1AB3ACXX.7.250137713,60,195
IS22604.C1AB3ACXX.7.250137714,52,142
IS22608.C1AB3ACXX.7.250137715,61,191
IS22609.70MUKAAXX.2.250006070,58,202
IS22615.C1AB3ACXX.7.250137716,69,192
IS22616.MRG.4.250047509,65,168
IS22618.C1AB3ACXX.7.250137717,60,190
IS2262.628P7AAXX.7.250007041,71,404
IS22701.C1AB3ACXX.7.250137718,79,192
IS22702.C1AB3ACXX.7.250137719,77,175
IS22720.MRG.4.250047510,77,209
IS22742.C1AB3ACXX.7.250137720,76,219
IS22746.D1EYBACXX.1.250137752,76,168
IS22751.D1EYBACXX.1.250137753,77,194
IS22785.D1EYBACXX.1.250137754,77,177
IS22789.D1EYBACXX.1.250137755,76,303
IS22792.D1EYBACXX.1.250137756,78,179
IS22799.MRG.4.250047511,78,174
IS22909.70MUKAAXX.2.250006094,68,152
IS22986.70MUKAAXX.2.250006007,67,294
IS22996.70MUKAAXX.2.250006016,67,294
IS23033.D0D0HACXX.5.250046087,76,364
IS23048.70MUKAAXX.2.250006027,71,161
IS23053.70MUKAAXX.2.250006037,74,142
IS23100.628NVAAXX.5.250006957,57,179
IS23108.D1EYBACXX.1.250137757,76,261
IS23142.628NVAAXX.5.250006981,64,176
IS23166.B064FABXX.1.250010004,NA,NA
IS23178.628P7AAXX.7.250007037,61,60
IS23184.D1EYBACXX.1.250137758,62,97
IS23188.D1EYBACXX.1.250137759,60,91
IS23216.MRG.4.250047513,62,126
IS23225.D1EYBACXX.1.250137760,63,97
IS23240.D1EYBACXX.1.250137761,64,107
IS23248.D1EYBACXX.1.250137762,55,107
IS23262.D1EYBACXX.1.250137763,54,80
IS23263.D1EYBACXX.1.250137764,62,153
IS23275.D1EYBACXX.1.250137765,62,130
IS23283.D1EYBACXX.1.250137766,59,82
IS23298.D1EYBACXX.1.250137767,60,82
IS23306.D1EYBACXX.1.250137768,60,110
IS23308.D1EYBACXX.1.250137769,61,93
IS23319.D1EYBACXX.1.250137770,56,91
IS23322.D1EYBACXX.1.250137771,57,58
IS23335.D1EYBACXX.1.250137772,58,88
IS23341.D1EYBACXX.1.250137773,54,72
IS23357.D1EYBACXX.1.250137774,56,105
IS23358.D1EYBACXX.1.250137775,56,80
IS23363.D1EYBACXX.1.250137776,60,73
IS23366.D1EYBACXX.1.250137777,61,62
IS23367.D1EYBACXX.1.250137778,61,62
IS23370.D1EYBACXX.1.250137779,61,65
IS23373.D1EYBACXX.1.250137780,61,120
IS23375.D1EYBACXX.1.250137781,59,67
IS23376.D1EYBACXX.1.250137782,60,79
IS23514.MRG.4.250047514,61,212
IS23521.MRG.4.250047515,62,212
IS23574.70MUKAAXX.2.250006059,62,212
IS23579.MRG.4.250047516,NA,NA
IS23586.MRG.4.250047517,61,196
IS23590.MRG.4.250047518,61,196
IS23601.70MUKAAXX.2.250006071,61,180
IS23615.D1EYBACXX.1.250137783,55,220
IS23644.MRG.4.250047519,60,89
IS23645.628P7AAXX.7.250007085,60,89
IS23651.D1EYBACXX.1.250137784,59,88
IS23666.628P7AAXX.7.250007109,56,97
IS23669.628NVAAXX.5.250006911,53,137
IS2367.70MUKAAXX.1.250006437,61,100
IS23674.D1EYBACXX.1.250137785,56,99
IS23675.D1EYBACXX.1.250137786,61,117
IS23679.D1EYBACXX.1.250137787,59,140
IS23684.MRG.4.250047520,62,140
IS23685.D1EYBACXX.1.250137788,61,187
IS23687.D1EYBACXX.1.250137789,63,138
IS23693.D1EYBACXX.1.250137790,60,89
IS23694.D1EYBACXX.1.250137791,60,242
IS23698.D1EYBACXX.1.250137792,60,118
IS23700.D1EYBACXX.1.250137793,58,101
IS2371.C1AB3ACXX.7.250137272,52,216
IS23711.D1EYBACXX.1.250137794,59,126
IS2379.D0D0HACXX.5.250046286,70,215
IS2382.D0D0HACXX.5.250046287,70,215
IS2397.D0D0HACXX.5.250046289,70,215
IS2416.70MUKAAXX.1.250006449,70,215
IS24283.D1EYBACXX.1.250137795,59,159
IS24286.D1EYBACXX.1.250137797,57,104
IS24287.D1EYBACXX.1.250137798,57,123
IS24288.D1EYBACXX.1.250137799,51,107
IS24292.D1EYBACXX.1.250137800,NA,NA
IS24294.D1EYBACXX.1.250137801,58,94
IS24297.D1EYBACXX.1.250137802,59,139
IS24299.D1EYBACXX.1.250137803,NA,NA
IS2430.70MUKAAXX.1.250006461,NA,NA
IS24302.D1EYBACXX.1.250137804,62,76
IS24308.D1EYBACXX.1.250137805,66,165
IS24309.D1EYBACXX.1.250137806,59,138
IS24327.D1EYBACXX.1.250137807,73,453
IS24332.D1EYBACXX.1.250137808,73,409
IS24334.D1EYBACXX.1.250137809,73,449
IS24336.D1EYBACXX.1.250137810,72,388
IS24348.MRG.4.250047526,73,418
IS24360.D1EYBACXX.1.250137811,69,345
IS24369.D1EYBACXX.1.250137812,69,386
IS24379.D1EYBACXX.1.250137813,77,154
IS24386.D1EYBACXX.1.250137814,NA,NA
IS24389.D1EYBACXX.1.250137815,NA,NA
IS24413.D1EYBACXX.1.250137816,72,144
IS24416.D1EYBACXX.1.250137817,73,211
IS24417.D1EYBACXX.1.250137818,NA,NA
IS24713.B064FABXX.1.250009985,54,66
IS24775.D0D0HACXX.5.250046090,65,134
IS24786.B064FABXX.1.250009997,65,134
IS24875.D1EYBACXX.1.250137819,59,81
IS25055.B064FABXX.1.250009954,59,124
IS25098.D1EYBACXX.1.250137820,64,245
IS25506.D1EYBACXX.1.250137821,55,108
IS25543.D1EYBACXX.1.250137822,50,190
IS25548.MRG.4.250047537,NA,NA
IS25670.D1EYBACXX.1.250137823,61,63
IS25690.D1EYBACXX.1.250137824,66,91
IS25694.D1EYBACXX.1.250137825,66,81
IS25702.628P7AAXX.7.250007063,66,60
IS25706.D1EYBACXX.1.250137826,64,90
IS25708.D1EYBACXX.1.250137827,67,73
IS25722.D1EYBACXX.1.250137828,64,83
IS25732.MRG.4.250047538,63,70
IS25733.B064FABXX.1.250009950,66,87
IS25752.D1EYBACXX.1.250137829,69,117
IS25766.D1EYBACXX.1.250137830,69,124
IS25772.D1EYBACXX.1.250137831,64,91
IS25783.D1EYBACXX.1.250137832,68,93
IS25784.D1EYBACXX.1.250137833,61,120
IS25798.D1EYBACXX.1.250137834,59,136
IS25804.D1EYBACXX.1.250137835,59,129
IS25812.D1EYBACXX.1.250137836,60,100
IS25816.D1EYBACXX.1.250137837,56,87
IS25836.B064FABXX.1.250010010,67,73
IS25839.D1EYBACXX.1.250137838,65,112
IS25848.D0D0HACXX.5.250046091,62,57
IS25865.D1EYBACXX.1.250137839,61,77
IS25868.D1EYBACXX.1.250137840,62,63
IS25877.D1EYBACXX.1.250137841,60,104
IS25888.D1EYBACXX.1.250137842,66,94
IS25912.D1EYBACXX.1.250137843,63,64
IS25913.D1EYBACXX.1.250137844,62,84
IS25921.D1EYBACXX.1.250137845,61,94
IS25931.D1EYBACXX.1.250137846,59,64
IS25936.D1EYBACXX.1.250137847,58,84
IS25945.D1EYBACXX.1.250138133,57,69
IS25966.D1EYBACXX.1.250138134,60,139
IS25985.D1EYBACXX.1.250138135,60,145
IS25987.D1EYBACXX.1.250138136,60,87
IS25989.MRG.4.250047541,57,64
IS26000.D1EYBACXX.1.250138137,61,66
IS26005.D1EYBACXX.1.250138138,58,103
IS26008.D1EYBACXX.1.250138139,61,102
IS26025.MRG.4.250047542,60,51
IS26031.D1EYBACXX.1.250138140,62,61
IS26056.D1EYBACXX.1.250138141,61,90
IS26072.D1EYBACXX.1.250138142,56,44
IS26090.D1EYBACXX.1.250138143,69,137
IS26091.D1EYBACXX.1.250138144,70,167
IS26101.D1EYBACXX.1.250138145,68,113
IS26103.D1EYBACXX.1.250138146,72,182
IS26108.D1EYBACXX.1.250138147,71,179
IS26110.B064FABXX.1.250010016,67,148
IS26123.D1EYBACXX.1.250138148,66,111
IS26131.D1EYBACXX.1.250138149,67,90
IS26136.D1EYBACXX.1.250138150,66,107
IS26137.D1EYBACXX.1.250138151,68,98
IS26142.D1EYBACXX.1.250138152,66,115
IS26147.D1EYBACXX.1.250138153,64,78
IS26148.D1EYBACXX.1.250138154,66,80
IS26198.D0D0HACXX.5.250046092,62,83
IS26222.MRG.4.250047544,65,141
IS26224.D0D0HACXX.5.250046093,61,90
IS26282.D1EYBACXX.1.250138155,61,136
IS26285.D1EYBACXX.1.250138156,61,117
IS26370.D1EYBACXX.1.250138157,59,129
IS26376.D1EYBACXX.1.250138158,61,147
IS26390.D1EYBACXX.1.250138159,60,304
IS26404.D1EYBACXX.1.250138161,60,257
IS26419.D1EYBACXX.1.250138162,60,172
IS26434.D1EYBACXX.1.250138163,61,72
IS26485.D1EYBACXX.1.250138164,63,86
IS26516.D1EYBACXX.1.250138165,57,100
IS26532.D1EYBACXX.1.250138166,66,112
IS26540.D1EYBACXX.1.250138167,64,85
IS26548.D1EYBACXX.1.250138168,66,94
IS26565.D1EYBACXX.1.250138169,61,102
IS26566.D1EYBACXX.1.250138170,58,130
IS26575.D1EYBACXX.1.250138171,64,80
IS26576.D1EYBACXX.1.250138172,64,106
IS26579.D1EYBACXX.1.250138173,62,83
IS26588.D1EYBACXX.1.250138174,62,111
IS26594.D1EYBACXX.1.250138175,61,135
IS26596.D1EYBACXX.1.250138176,62,125
IS26598.D1EYBACXX.1.250138177,59,105
IS26602.D1EYBACXX.1.250138178,64,119
IS26634.D1EYBACXX.1.250138179,58,65
IS26635.D1EYBACXX.1.250138180,57,84
IS26638.D1EYBACXX.1.250138181,54,107
IS26641.D1EYBACXX.1.250138182,54,94
IS26821.D1EYBACXX.1.250138183,83,154
IS26827.D1EYBACXX.1.250138184,80,218
IS26837.D1EYBACXX.1.250138185,64,202
IS26925.D1EYBACXX.1.250138186,NA,NA
IS26978.D1EYBACXX.1.250138187,63,451
IS26991.D1EYBACXX.1.250138188,NA,NA
IS26993.D1EYBACXX.1.250138189,67,343
IS27003.D1EYBACXX.1.250138190,73,236
IS27071.D1EYBACXX.1.250138191,63,176
IS27087.D1EYBACXX.1.250138192,66,201
IS27100.D1EYBACXX.1.250138193,62,161
IS27123.D1EYBACXX.1.250138194,62,139
IS27129.D1EYBACXX.1.250138195,64,128
IS27132.D1EYBACXX.1.250138196,65,131
IS27137.D1EYBACXX.1.250138197,58,125
IS27139.D1EYBACXX.1.250138198,62,108
IS27146.70MUKAAXX.1.250006389,67,173
IS27156.D1EYBACXX.1.250138199,64,166
IS27164.70MUKAAXX.1.250006426,65,145
IS27165.D1EYBACXX.1.250138200,61,84
IS27167.D1EYBACXX.1.250138201,61,111
IS27169.D1EYBACXX.1.250138202,63,130
IS27179.D1EYBACXX.1.250138203,65,189
IS27215.D1EYBACXX.1.250138204,63,123
IS27222.D1EYBACXX.1.250138205,59,118
IS27233.D1EYBACXX.1.250138206,62,125
IS27253.D1EYBACXX.1.250138207,63,111
IS27287.D0D0HACXX.5.250046095,63,58
IS27292.D1EYBACXX.1.250138208,64,93
IS27336.D1EYBACXX.1.250138209,62,72
IS27387.D1EYBACXX.1.250138210,67,94
IS27393.D1EYBACXX.1.250138211,68,123
IS27490.70MUKAAXX.1.250006429,63,99
IS27502.D1EYBACXX.1.250138212,62,67
IS27527.D1EYBACXX.1.250138213,65,120
IS27557.MRG.4.250047552,63,73
IS27587.B064FABXX.1.250009955,68,194
IS27599.B064FABXX.1.250009967,66,162
IS27680.D1EYBACXX.1.250138214,55,192
IS27697.MRG.4.250047553,53,120
IS27708.D1EYBACXX.1.250138215,52,171
IS27717.D1EYBACXX.1.250138216,52,150
IS27726.D1EYBACXX.1.250138217,50,160
IS27736.D1EYBACXX.1.250138218,52,240
IS27740.D1EYBACXX.1.250138219,52,181
IS27766.D1EYBACXX.1.250138220,53,155
IS27775.D1EYBACXX.1.250138221,52,217
IS27855.B064FABXX.1.250009999,68,251
IS27858.D1EYBACXX.1.250138222,60,184
IS27859.D1EYBACXX.1.250138223,55,165
IS27887.MRG.4.250047555,66,193
IS27912.MRG.4.250047556,61,180
IS27942.D1EYBACXX.1.250138224,78,262
IS28036.D1EYBACXX.1.250138225,84,220
IS28086.D1EYBACXX.1.250138226,82,172
IS28141.MRG.4.250047557,80,187
IS28143.D1EYBACXX.1.250138227,84,167
IS28313.MRG.4.250047558,80,184
IS28317.D1EYBACXX.1.250138228,79,193
IS28332.B064FABXX.1.250010011,76,270
IS28444.D1EYBACXX.1.250138006,80,157
IS28449.MRG.4.250047560,82,231
IS28451.MRG.4.250047561,82,231
IS28453.D1EYBACXX.1.250138007,81,144
IS28614.MRG.4.250047562,78,255
IS28688.D0D0HACXX.5.250046097,81,193
IS28740.B064FABXX.1.250009975,79,278
IS28747.MRG.4.250047563,81,153
IS28749.D1EYBACXX.1.250138008,80,201
IS28849.B064FABXX.1.250009948,79,233
IS28966.D1EYBACXX.1.250138009,77,268
IS28991.B064FABXX.1.250009956,79,210
IS29053.D1EYBACXX.1.250138010,80,212
IS29091.MRG.4.250047565,80,265
IS29100.MRG.4.250047566,83,199
IS29187.MRG.4.250047567,55,158
IS29228.D1EYBACXX.1.250138011,62,188
IS29233.70MUKAAXX.1.250006441,57,128
IS29239.MRG.4.250047569,57,128
IS29241.MRG.4.250047570,57,128
IS29304.MRG.4.250047572,55,158
IS29310.70MUKAAXX.1.250006453,64,209
IS29314.MRG.4.250047573,64,209
IS29326.MRG.4.250047605,57,128
IS29335.MRG.4.250047606,57,128
IS29358.MRG.4.250047607,60,204
IS29392.MRG.4.250047608,62,247
IS29407.70MUKAAXX.1.250006382,63,209
IS29409.70MUKAAXX.1.250006390,63,209
IS29441.MRG.4.250047609,58,165
IS29468.MRG.4.250047610,63,230
IS29472.B064FABXX.1.250009983,63,230
IS29496.70MUKAAXX.1.250006398,68,212
IS29565.MRG.4.250047612,NA,NA
IS29568.MRG.4.250047613,NA,NA
IS29569.70MUKAAXX.1.250006410,NA,NA
IS29582.MRG.4.250047614,NA,NA
IS29664.D1EYBACXX.1.250138012,NA,NA
IS29685.D1EYBACXX.1.250138013,63,155
IS29689.MRG.4.250047618,63,135
IS29691.70MUKAAXX.1.250006442,63,135
IS29714.MRG.4.250047619,70,275
IS29733.MRG.4.250047620,64,130
IS29757.D1EYBACXX.1.250138014,67,233
IS29772.MRG.4.250047621,59,107
IS29798.D0D0HACXX.5.250046098,68,178
IS29808.D1EYBACXX.1.250138015,65,120
IS29838.D1EYBACXX.1.250138016,58,92
IS29856.D1EYBACXX.1.250138017,58,59
IS29860.D1EYBACXX.1.250138018,61,96
IS29866.D1EYBACXX.1.250138019,65,118
IS29870.B064FABXX.1.250010000,69,194
IS29872.70MUKAAXX.1.250006454,69,194
IS29876.70MUKAAXX.1.250006466,69,194
IS29911.70MUKAAXX.1.250006383,66,172
IS29914.MRG.4.250047622,66,172
IS29950.MRG.4.250047623,64,134
IS29966.B064FABXX.1.250010012,69,194
IS29977.D0D0HACXX.5.250046099,69,194
IS30024.D1EYBACXX.1.250138020,67,196
IS30079.MRG.4.250047624,65,131
IS30092.MRG.4.250047625,65,158
IS30095.D1EYBACXX.1.250138021,64,117
IS30122.D1EYBACXX.1.250138022,56,83
IS30145.D1EYBACXX.1.250138023,61,128
IS30175.70MUKAAXX.1.250006391,62,99
IS30205.D0D0HACXX.5.250046101,56,104
IS30207.B064FABXX.1.250010024,56,104
IS30213.D1EYBACXX.1.250138024,67,148
IS30231.MRG.4.250047626,NA,NA
IS30318.D1EYBACXX.1.250138025,82,212
IS30319.D1EYBACXX.1.250138026,60,207
IS30335.D0D0HACXX.5.250046102,NA,NA
IS30359.D1EYBACXX.1.250138027,80,215
IS30360.D1EYBACXX.1.250138028,NA,NA
IS30371.D1EYBACXX.1.250138029,82,184
IS30383.MRG.4.250047627,81,170
IS30391.D1EYBACXX.1.250138030,NA,NA
IS30397.D0D0HACXX.5.250046103,82,214
IS30398.D1EYBACXX.1.250138031,76,208
IS30400.MRG.4.250047628,76,221
IS30401.D1EYBACXX.1.250138032,77,142
IS30405.70MUKAAXX.1.250006399,79,181
IS30407.D1EYBACXX.1.250138033,62,272
IS30409.D0D0HACXX.5.250046104,NA,NA
IS30417.70MUKAAXX.1.250006411,NA,NA
IS30422.D1EYBACXX.1.250138034,NA,NA
IS30436.70MUKAAXX.1.250006431,NA,NA
IS30441.70MUKAAXX.1.250006443,NA,NA
IS30443.70MUKAAXX.1.250006455,NA,NA
IS30444.D1EYBACXX.1.250138035,51,187
IS30450.MRG.4.250047631,NA,NA
IS30451.70MUKAAXX.1.250006467,NA,NA
IS30452.D1EYBACXX.1.250138036,NA,NA
IS30455.D1EYBACXX.1.250138037,73,200
IS30460.MRG.4.250047633,76,221
IS30466.MRG.4.250047634,NA,NA
IS30572.MRG.4.250047640,NA,NA
IS30619.B064FABXX.1.250009957,69,129
IS3073.628P7AAXX.7.250007019,76,516
IS30748.B064FABXX.1.250009968,NA,NA
IS3075.C1AB3ACXX.7.250137273,76,512
IS30838.MRG.4.250047641,70,216
IS30853.D1EYBACXX.1.250138038,NA,NA
IS30855.D1EYBACXX.1.250138039,60,112
IS30858.D1EYBACXX.1.250138040,62,183
IS30860.D1EYBACXX.1.250138041,63,120
IS30864.D1EYBACXX.1.250138042,58,144
IS30867.D1EYBACXX.1.250138043,55,120
IS30868.D1EYBACXX.1.250138044,59,121
IS31043.MRG.4.250047642,62,229
IS31179.B064FABXX.1.250010013,55,186
IS31186.MRG.4.250047643,61,209
IS31195.B064FABXX.1.250010025,61,234
IS31202.B064FABXX.1.250009940,55,209
IS3127.C1AB3ACXX.7.250137274,NA,NA
IS31299.B064FABXX.1.250009980,56,214
IS31446.MRG.4.250047644,58,252
IS31533.B064FABXX.1.250009958,56,88
IS31557.MRG.4.250047645,57,127
IS31559.70MUKAAXX.1.250006419,58,152
IS31666.D1EYBACXX.1.250138045,49,109
IS31706.MRG.4.250047648,75,299
IS31714.MRG.4.250047649,78,304
IS31852.B064FABXX.1.250009990,81,193
IS31861.B064FABXX.1.250010002,79,222
IS31869.D1EYBACXX.1.250138047,79,220
IS31965.D1EYBACXX.1.250138048,79,204
IS32050.B064FABXX.1.250010014,80,211
IS32087.B064FABXX.1.250010026,80,196
IS32092.B064FABXX.1.250009977,79,210
IS32150.D1EYBACXX.1.250138050,83,218
IS32245.MRG.4.250047650,79,280
IS32262.D1EYBACXX.1.250138051,78,201
IS32337.D1EYBACXX.1.250138052,62,268
IS32349.MRG.4.250047651,63,295
IS32357.D1EYBACXX.1.250138053,67,277
IS32370.D1EYBACXX.1.250138054,66,208
IS32373.D1EYBACXX.1.250138055,69,264
IS32401.D1EYBACXX.1.250138056,NA,NA
IS32404.D1EYBACXX.1.250138057,63,175
IS32405.D1EYBACXX.1.250138058,NA,NA
IS32420.D1EYBACXX.1.250138059,69,393
IS32425.D1EYBACXX.1.250138060,NA,NA
IS32426.D1EYBACXX.1.250138061,66,186
IS32439.MRG.4.250047652,NA,NA
IS32449.D1EYBACXX.1.250138062,74,403
IS32454.B064FABXX.1.250009959,72,202
IS32459.D1EYBACXX.1.250138063,NA,NA
IS32461.D1EYBACXX.1.250138064,NA,NA
IS32471.D1EYBACXX.1.250138065,60,354
IS32475.D1EYBACXX.1.250138066,71,415
IS32506.D1EYBACXX.1.250138067,63,169
IS32569.70MUKAAXX.1.250006400,79,220
IS32571.D1EYBACXX.1.250138068,80,216
IS32685.D1EYBACXX.1.250138069,77,162
IS32754.MRG.4.250047697,NA,NA
IS32986.B064FABXX.1.250009969,57,179
IS33023.MRG.4.250047654,NA,NA
IS33173.B064FABXX.1.250009991,71,139
IS33178.B064FABXX.1.250010003,67,121
IS33209.B064FABXX.1.250010015,67,145
IS33242.D1EYBACXX.1.250138070,62,121
IS33261.70MUKAAXX.1.250006427,71,228
IS33716.D1EYBACXX.1.250138071,71,329
IS33844.MRG.4.250047659,NA,NA
IS33861.D1EYBACXX.1.250138072,72,329
IS33973.D1EYBACXX.1.250138073,68,286
IS33984.D1EYBACXX.1.250138074,70,252
IS34008.D1EYBACXX.1.250138075,73,264
IS34017.D1EYBACXX.1.250138076,74,437
IS34029.D1EYBACXX.1.250138077,74,350
IS34035.D1EYBACXX.1.250138078,NA,NA
IS34067.D1EYBACXX.1.250138079,74,476
IS34083.D1EYBACXX.1.250138080,NA,NA
IS34139.D1EYBACXX.1.250138081,73,424
IS34150.D1EYBACXX.1.250138082,NA,NA
IS34219.D1EYBACXX.1.250138083,59,171
IS34226.D1EYBACXX.1.250138084,68,139
IS3443.70MUKAAXX.1.250006462,68,248
IS3457.C1AB3ACXX.7.250137275,65,256
IS34778.D1EYBACXX.1.250138085,55,124
IS34781.D1EYBACXX.1.250138086,55,130
IS34814.D1EYBACXX.1.250138087,61,127
IS34840.D1EYBACXX.1.250138088,64,144
IS34851.D1EYBACXX.1.250138089,58,141
IS34860.D1EYBACXX.1.250138090,63,105
IS34895.D1EYBACXX.1.250138091,57,178
IS34901.D1EYBACXX.1.250138092,61,137
IS34906.D1EYBACXX.1.250138093,59,147
IS34908.D1EYBACXX.1.250138094,NA,NA
IS34909.D1EYBACXX.1.250138095,62,164
IS34913.D1EYBACXX.1.250138096,60,194
IS34928.D1EYBACXX.1.250138097,60,108
IS34938.D1EYBACXX.1.250138098,59,124
IS34939.D1EYBACXX.1.250138099,60,126
IS34947.D1EYBACXX.1.250138100,60,126
IS34954.D1EYBACXX.1.250138101,59,128
IS34965.D1EYBACXX.1.250138260,64,109
IS34976.D1EYBACXX.1.250138261,57,152
IS3507.70MUKAAXX.1.250006474,68,248
IS3511.628P7AAXX.7.250007043,65,166
IS35170.D1EYBACXX.1.250138262,NA,NA
IS35214.D1EYBACXX.1.250138263,78,157
IS35215.D1EYBACXX.1.250138264,77,162
IS35218.D1EYBACXX.1.250138265,79,111
IS35222.D1EYBACXX.1.250138266,77,188
IS35225.D1EYBACXX.1.250138267,78,148
IS35229.D1EYBACXX.1.250138268,78,196
IS35230.D1EYBACXX.1.250138269,82,168
IS35231.D1EYBACXX.1.250138270,NA,NA
IS35239.D1EYBACXX.1.250138271,80,176
IS35240.D1EYBACXX.1.250138272,83,169
IS35244.D1EYBACXX.1.250138273,78,155
IS35246.D1EYBACXX.1.250138274,NA,NA
IS35250.D1EYBACXX.1.250138275,NA,NA
IS35254.D1EYBACXX.1.250138276,77,177
IS35255.D1EYBACXX.1.250138277,NA,NA
IS35427.D1EYBACXX.1.250138278,63,204
IS35471.D1EYBACXX.1.250138279,65,153
IS35475.D1EYBACXX.1.250138280,65,108
IS35478.D1EYBACXX.1.250138281,66,118
IS35480.D1EYBACXX.1.250138282,70,111
IS35483.D1EYBACXX.1.250138283,68,135
IS35503.D1EYBACXX.1.250138284,71,161
IS35506.D1EYBACXX.1.250138285,72,185
IS35507.D1EYBACXX.1.250138286,74,180
IS35509.D1EYBACXX.1.250138287,NA,NA
IS35510.D1EYBACXX.1.250138288,78,199
IS35522.D1EYBACXX.1.250138289,78,167
IS35526.D1EYBACXX.1.250138290,78,157
IS35553.D1EYBACXX.1.250138291,73,180
IS35567.D1EYBACXX.1.250138292,63,160
IS35570.D1EYBACXX.1.250138293,62,146
IS35574.D1EYBACXX.1.250138294,84,196
IS35579.D1EYBACXX.1.250138296,68,125
IS35602.D1EYBACXX.1.250138297,74,148
IS35604.D1EYBACXX.1.250138298,82,158
IS3582.C1AB3ACXX.7.250137276,80,229
IS3583.70MUKAAXX.1.250006387,68,248
IS36052.D1EYBACXX.1.250138299,68,221
IS36058.D1EYBACXX.1.250138300,69,223
IS36060.D1EYBACXX.1.250138301,70,269
IS36081.D1EYBACXX.1.250138302,71,319
IS36088.D1EYBACXX.1.250138303,NA,NA
IS36100.D1EYBACXX.1.250138304,NA,NA
IS36102.D1EYBACXX.1.250138305,54,175
IS36239.D1EYBACXX.1.250138306,69,286
IS36247.D1EYBACXX.1.250138307,72,280
IS36317.D1EYBACXX.1.250138308,69,256
IS36324.D1EYBACXX.1.250138309,70,189
IS36329.D1EYBACXX.1.250138310,74,369
IS36336.D1EYBACXX.1.250138311,68,202
IS36342.D1EYBACXX.1.250138312,70,247
IS36398.D1EYBACXX.1.250138313,70,198
IS36401.D1EYBACXX.1.250138314,68,247
IS36403.D1EYBACXX.1.250138315,NA,NA
IS36404.D1EYBACXX.1.250138316,68,290
IS36450.D1EYBACXX.1.250138317,60,234
IS36452.D1EYBACXX.1.250138318,NA,NA
IS3696.C1AB3ACXX.7.250137277,NA,NA
IS37124.D1EYBACXX.1.250138319,61,136
IS37125.D1EYBACXX.1.250138320,60,65
IS37127.D1EYBACXX.1.250138321,63,116
IS37128.D1EYBACXX.1.250138322,63,108
IS37129.D1EYBACXX.1.250138323,62,73
IS37133.D1EYBACXX.1.250138324,59,102
IS37134.D1EYBACXX.1.250138325,54,69
IS37135.D1EYBACXX.1.250138326,60,105
IS37136.D1EYBACXX.1.250138327,66,224
IS37140.D1EYBACXX.1.250138328,56,83
IS37146.D1EYBACXX.1.250138329,75,104
IS37203.D1EYBACXX.1.250138330,NA,NA
IS37234.D1EYBACXX.1.250138331,NA,NA
IS37569.D1EYBACXX.1.250138332,82,340
IS3762.C1AB3ACXX.7.250137278,NA,NA
IS37746.D1EYBACXX.1.250138333,56,247
IS37978.D1EYBACXX.1.250138334,79,179
IS38021.D1EYBACXX.1.250138335,54,274
IS38026.D1EYBACXX.1.250138336,79,351
IS38159.D1EYBACXX.1.250138337,NA,NA
IS38683.D1EYBACXX.1.250138338,72,287
IS3885.70MUKAAXX.1.250006439,60,88
IS3905.628P7AAXX.7.250007091,60,88
IS39453.D1EYBACXX.1.250138339,55,304
IS39462.D1EYBACXX.1.250138340,71,361
IS39463.D1EYBACXX.1.250138341,67,384
IS39474.D1EYBACXX.1.250138342,59,245
IS39496.D1EYBACXX.1.250138343,60,254
IS39525.D1EYBACXX.1.250138344,59,338
IS39672.D1EYBACXX.1.250138345,61,82
IS39677.D1EYBACXX.1.250138346,63,131
IS39713.D1EYBACXX.1.250138347,59,86
IS39764.D1EYBACXX.1.250138348,61,71
IS39778.D1EYBACXX.1.250138349,63,131
IS39780.D1EYBACXX.1.250138350,68,151
IS39783.D1EYBACXX.1.250138351,62,98
IS39791.D1EYBACXX.1.250138352,NA,NA
IS39797.D1EYBACXX.1.250138353,71,82
IS39809.D1EYBACXX.1.250138354,65,116
IS39810.D1EYBACXX.1.250138355,66,131
IS39814.D1EYBACXX.8.250140165,65,96
IS39815.D1EYBACXX.8.250140166,65,100
IS39819.D1EYBACXX.8.250140167,61,90
IS39913.D1EYBACXX.8.250140168,58,184
IS39915.D1EYBACXX.8.250140169,58,216
IS40005.D1EYBACXX.8.250140170,54,193
IS4003.C1AB3ACXX.7.250137279,80,141
IS40033.D1EYBACXX.8.250140171,NA,NA
IS40034.D1EYBACXX.8.250140172,58,101
IS40036.D1EYBACXX.8.250140173,60,106
IS40215.D1EYBACXX.8.250140174,72,313
IS4027.628NVAAXX.5.250006941,74,232
IS40272.D1EYBACXX.8.250140175,71,277
IS40306.D1EYBACXX.8.250140176,70,321
IS40307.D1EYBACXX.8.250140177,71,399
IS40324.D1EYBACXX.8.250140178,78,422
IS40325.D1EYBACXX.8.250140179,77,349
IS40329.D1EYBACXX.8.250140180,67,255
IS4035.70MUKAAXX.1.250006451,74,232
IS40373.D1EYBACXX.8.250140181,NA,NA
IS4060.D0D0HACXX.5.250046298,NA,NA
IS4064.C1AB3ACXX.7.250137280,74,247
IS40729.D1EYBACXX.8.250140182,74,392
IS40730.D1EYBACXX.8.250140183,68,365
IS40757.D1EYBACXX.8.250140184,73,483
IS40771.D1EYBACXX.8.250140185,NA,NA
IS40791.D1EYBACXX.8.250140186,70,442
IS40803.D1EYBACXX.8.250140187,NA,NA
IS40819.D1EYBACXX.8.250140188,71,351
IS40822.D1EYBACXX.8.250140189,73,331
IS40824.D1EYBACXX.8.250140190,72,333
IS40841.D1EYBACXX.8.250140191,70,305
IS4092.D0D0HACXX.5.250046299,74,183
IS4112.70MUKAAXX.1.250006463,74,183
IS4127.C1AB3ACXX.7.250137281,NA,NA
IS4207.C1AB3ACXX.7.250137282,NA,NA
IS4246.C1AB3ACXX.7.250137283,64,381
IS4248.C1AB3ACXX.7.250137284,62,274
IS4254.C1AB3ACXX.7.250137285,NA,NA
IS4269.C1AB3ACXX.7.250137286,74,349
IS4277.C1AB3ACXX.7.250137287,64,333
IS4285.628NVAAXX.5.250006965,71,454
IS4307.C1AB3ACXX.7.250137288,75,221
IS4308.C1AB3ACXX.7.250137289,74,416
IS4332.C1AB3ACXX.7.250137290,NA,NA
IS4339.C1AB3ACXX.7.250137291,NA,NA
IS4347.C1AB3ACXX.7.250137292,77,214
IS4360.D0D0HACXX.5.250046300,73,296
IS4372.D0D0HACXX.5.250046301,75,443
IS4378.C1AB3ACXX.7.250137293,73,329
IS4405.C1AB3ACXX.7.250137294,74,384
IS4416.C1AB3ACXX.7.250137295,74,430
IS4489.C1AB3ACXX.7.250137296,70,377
IS4515.D0D0HACXX.5.250046302,NA,NA
IS4543.C1AB3ACXX.7.250137297,NA,NA
IS4581.D0D0HACXX.5.250046303,NA,NA
IS4613.D0D0HACXX.5.250046304,NA,NA
IS4631.D0D0HACXX.5.250046305,NA,NA
IS4698.D0D0HACXX.5.250046306,NA,NA
IS4726.70MUKAAXX.1.250006475,75,277
IS4734.C1AB3ACXX.7.250137298,NA,NA
IS4758.C1AB3ACXX.7.250137299,NA,NA
IS4776.70MUKAAXX.1.250006388,NA,NA
IS4788.C1AB3ACXX.7.250137300,NA,NA
IS4798.C1AB3ACXX.7.250137301,NA,NA
IS4809.C1AB3ACXX.7.250137302,73,312
IS4821.628P7AAXX.7.250007021,NA,NA
IS4855.C1AB3ACXX.7.250137303,NA,NA
IS4951.D0D0HACXX.5.250046307,NA,NA
IS4963.628P7AAXX.7.250007045,NA,NA
IS5094.D0D0HACXX.5.250046308,NA,NA
IS5106.70MUKAAXX.1.250006397,NA,NA
IS5125.C1AB3ACXX.7.250137304,70,300
IS5134.C1AB3ACXX.7.250137305,NA,NA
IS5139.C1AB3ACXX.7.250137306,66,217
IS5158.C1AB3ACXX.7.250137307,68,242
IS5166.C1AB3ACXX.7.250137308,NA,NA
IS5177.C1AB3ACXX.7.250137310,66,184
IS5194.C1AB3ACXX.7.250137311,67,193
IS5219.C1AB3ACXX.7.250137312,72,267
IS5233.C1AB3ACXX.7.250137313,71,301
IS5257.C1AB3ACXX.7.250137314,72,357
IS5282.C1AB3ACXX.7.250137315,71,336
IS5290.C1AB3ACXX.7.250137316,NA,NA
IS5295.D0D0HACXX.5.250046309,59,172
IS5301.D0D0HACXX.5.250046310,65,216
IS5313.C1AB3ACXX.7.250137317,66,217
IS5325.C1AB3ACXX.7.250137318,67,311
IS5326.C1AB3ACXX.7.250137319,NA,NA
IS5328.C1AB3ACXX.7.250137320,62,194
IS5335.C1AB3ACXX.7.250137321,58,167
IS5339.C1AB3ACXX.7.250137322,63,224
IS5348.C1AB3ACXX.7.250137323,62,175
IS5386.D0D0HACXX.5.250046311,NA,NA
IS5404.C1AB3ACXX.7.250137324,69,294
IS5409.C1AB3ACXX.7.250137325,76,305
IS5456.C1AB3ACXX.7.250137326,NA,NA
IS5464.C1AB3ACXX.7.250137327,NA,NA
IS5469.C1AB3ACXX.7.250137328,63,317
IS5491.C1AB3ACXX.7.250137329,67,256
IS5499.C1AB3ACXX.7.250137330,NA,NA
IS5622.70MUKAAXX.1.250006408,69,267
IS5667.D0D0HACXX.5.250046312,71,299
IS5689.C1AB3ACXX.7.250137331,67,390
IS5720.70MUKAAXX.1.250006418,64,190
IS5788.C1AB3ACXX.7.250137332,73,409
IS5804.C1AB3ACXX.7.250137333,NA,NA
IS5815.C1AB3ACXX.7.250137334,78,171
IS5818.C1AB3ACXX.7.250137335,NA,NA
IS5824.C1AB3ACXX.7.250137336,65,388
IS5832.C1AB3ACXX.7.250137337,71,221
IS5839.C1AB3ACXX.7.250137338,75,326
IS5855.C1AB3ACXX.7.250137339,76,420
IS5867.628P7AAXX.7.250007069,NA,NA
IS5900.C1AB3ACXX.7.250137371,74,317
IS5910.70MUKAAXX.1.250006440,NA,NA
IS5919.D0D0HACXX.5.250046313,71,434
IS5928.C1AB3ACXX.7.250137372,73,359
IS5972.628P7AAXX.7.250007093,75,352
IS5980.C1AB3ACXX.7.250137373,71,336
IS5995.C1AB3ACXX.7.250137374,75,238
IS6004.C1AB3ACXX.7.250137375,70,198
IS6024.C1AB3ACXX.7.250137376,NA,NA
IS6035.C1AB3ACXX.7.250137377,NA,NA
IS6094.D0D0HACXX.5.250046075,73,194
IS6095.C1AB3ACXX.7.250137378,NA,NA
IS6099.C1AB3ACXX.7.250137379,86,127
IS6106.C1AB3ACXX.7.250137380,78,171
IS6116.C1AB3ACXX.7.250137381,74,229
IS6146.C1AB3ACXX.7.250137382,74,307
IS6150.C1AB3ACXX.7.250137383,73,283
IS6152.C1AB3ACXX.7.250137384,67,273
IS6154.70MUKAAXX.1.250006452,72,165
IS6165.C1AB3ACXX.7.250137385,70,162
IS6169.C1AB3ACXX.7.250137386,79,129
IS6191.C1AB3ACXX.7.250137387,73,249
IS6192.C1AB3ACXX.7.250137388,70,153
IS6193.628NVAAXX.5.250006895,NA,NA
IS6203.C1AB3ACXX.7.250137389,69,150
IS6206.C1AB3ACXX.7.250137390,NA,NA
IS6208.C1AB3ACXX.7.250137392,71,207
IS6210.C1AB3ACXX.7.250137393,NA,NA
IS6215.C1AB3ACXX.7.250137394,77,205
IS6222.C1AB3ACXX.7.250137395,77,134
IS6227.C1AB3ACXX.7.250137396,70,132
IS6230.C1AB3ACXX.7.250137397,NA,NA
IS6236.C1AB3ACXX.7.250137398,66,175
IS6243.C1AB3ACXX.7.250137399,67,189
IS6245.C1AB3ACXX.7.250137400,59,122
IS6249.C1AB3ACXX.7.250137401,NA,NA
IS6255.C1AB3ACXX.7.250137402,63,165
IS6259.C1AB3ACXX.7.250137403,74,177
IS6266.C1AB3ACXX.7.250137404,NA,NA
IS6269.C1AB3ACXX.7.250137405,56,184
IS6276.C1AB3ACXX.7.250137406,65,173
IS6282.C1AB3ACXX.7.250137407,81,153
IS6294.C1AB3ACXX.7.250137408,78,133
IS6321.C1AB3ACXX.7.250137409,79,196
IS6329.C1AB3ACXX.7.250137410,74,148
IS6331.C1AB3ACXX.7.250137411,84,118
IS6351.628NVAAXX.5.250006919,71,299
IS6354.D0D0HACXX.5.250046315,71,299
IS6413.B064FABXX.1.250009961,NA,NA
IS6421.D0D0HACXX.5.250046316,NA,NA
IS7069.C1AB3ACXX.7.250137412,82,232
IS7277.70MUKAAXX.2.250006045,58,99
IS7304.C1AB3ACXX.7.250137413,61,44
IS7305.D0D0HACXX.5.250046319,66,180
IS7310.D0D0HACXX.5.250046320,61,103
IS7312.C1AB3ACXX.7.250137414,74,73
IS7314.70MUKAAXX.2.250006028,NA,NA
IS7343.C1AB3ACXX.7.250137415,65,79
IS7348.C1AB3ACXX.7.250137416,NA,NA
IS7360.C1AB3ACXX.7.250137417,65,66
IS7367.C1AB3ACXX.7.250137418,NA,NA
IS7386.C1AB3ACXX.7.250137419,63,95
IS7389.C1AB3ACXX.7.250137420,63,113
IS7403.C1AB3ACXX.7.250137421,52,89
IS7408.C1AB3ACXX.7.250137422,58,70
IS7411.C1AB3ACXX.7.250137423,58,137
IS7418.C1AB3ACXX.7.250137424,52,154
IS7419.C1AB3ACXX.7.250137425,55,156
IS7424.C1AB3ACXX.7.250137426,54,82
IS7428.C1AB3ACXX.7.250137427,57,75
IS7447.C1AB3ACXX.7.250137428,59,78
IS7463.D0D0HACXX.5.250046078,67,247
IS7469.C1AB3ACXX.7.250137429,60,87
IS7480.C1AB3ACXX.7.250137430,53,107
IS7486.C1AB3ACXX.7.250137431,56,65
IS7490.C1AB3ACXX.7.250137432,66,74
IS7492.C1AB3ACXX.7.250137433,73,107
IS7506.C1AB3ACXX.7.250137434,57,91
IS7508.C1AB3ACXX.7.250137435,59,58
IS7535.C1AB3ACXX.7.250137436,63,108
IS7620.D0D0HACXX.5.250046079,60,75
IS7643.C1AB3ACXX.7.250137437,61,63
IS7679.D0D0HACXX.5.250046321,64,152
IS7689.C1AB3ACXX.7.250137438,63,72
IS7696.C1AB3ACXX.7.250137439,60,91
IS7702.C1AB3ACXX.7.250137440,62,59
IS7704.C1AB3ACXX.7.250137441,62,83
IS7722.70MUKAAXX.2.250006048,63,67
IS7763.C1AB3ACXX.7.250137442,59,85
IS7773.C1AB3ACXX.7.250137443,60,65
IS7792.C1AB3ACXX.7.250137444,55,136
IS7802.C1AB3ACXX.7.250137445,65,106
IS7806.C1AB3ACXX.7.250137446,53,85
IS7812.C1AB3ACXX.7.250137447,60,69
IS7825.C1AB3ACXX.7.250137448,55,74
IS7834.C1AB3ACXX.7.250137449,55,83
IS7835.C1AB3ACXX.7.250137450,61,93
IS7836.C1AB3ACXX.7.250137451,54,95
IS7843.C1AB3ACXX.7.250137452,62,106
IS7845.C1AB3ACXX.7.250137453,57,123
IS7849.C1AB3ACXX.7.250137454,65,110
IS7861.628P7AAXX.7.250007023,62,106
IS7887.C1AB3ACXX.7.250137455,64,76
IS7889.628P7AAXX.7.250007047,62,68
IS7892.C1AB3ACXX.7.250137456,52,142
IS7920.C1AB3ACXX.7.250137457,64,89
IS7923.C1AB3ACXX.7.250137458,64,112
IS7948.C1AB3ACXX.7.250137459,62,76
IS7957.D0D0HACXX.5.250046322,63,136
IS7958.D0D0HACXX.5.250046080,63,109
IS7987.D0D0HACXX.5.250046323,63,109
IS7995.C1AB3ACXX.7.250137460,64,74
IS8310.C1AB3ACXX.7.250137461,NA,NA
IS8777.D0D0HACXX.5.250046327,62,228
IS8861.C1AB3ACXX.7.250137462,60,177
IS8916.D0D0HACXX.5.250046328,56,174
IS9108.D0D0HACXX.5.250046329,59,257
IS9113.D0D0HACXX.5.250046330,59,257
IS9115.C1AB3ACXX.7.250137463,58,134
IS9597.70MUKAAXX.2.250006029,66,101
IS962.C1AB3ACXX.7.250137244,64,246
IS9713.70MUKAAXX.2.250006049,72,590
IS9720.C1AB3ACXX.7.250137464,75,162
IS9745.D0D0HACXX.5.250046332,74,266
IS9830.70MUKAAXX.1.250006404,71,181
IS9883.70MUKAAXX.2.250006061,71,181
IS9911.70MUKAAXX.2.250006073,68,364
PI151198.D1G0BACXX.7.250130017,66,327
PI155541.D1G0BACXX.7.250130029,60,88
PI213900.D1G0BACXX.7.250130041,71,267
PI267621.D1G0BACXX.7.250130053,59,257
PI285039.D1G0BACXX.7.250129930,NA,NA
PI285042.D1G0BACXX.7.250130077,NA,NA
PI329252.D1G0BACXX.7.250129882,NA,NA
PI329256.D1G0BACXX.7.250130089,75,319
PI329285.D1G0BACXX.7.250130006,NA,NA
PI329286.D1G0BACXX.7.250130018,NA,NA
PI329299.D1G0BACXX.7.250130030,73,297
PI329300.D1G0BACXX.7.250130042,73,297
PI329301.D1G0BACXX.7.250130054,73,297
PI329310.D1G0BACXX.7.250130066,NA,NA
PI329311.D1G0BACXX.7.250130078,80,268
PI329312.D1G0BACXX.7.250130090,80,268
PI329316.D1G0BACXX.7.250130007,NA,NA
PI329318.D1G0BACXX.7.250130019,65,336
PI329319.D1G0BACXX.7.250130031,63,422
PI329320.D1G0BACXX.7.250130043,63,422
PI329325.D1G0BACXX.7.250130055,53,379
PI329326.D1G0BACXX.7.250130067,53,379
PI329333.D1G0BACXX.7.250130079,55,371
PI329338.D1G0BACXX.7.250129895,76,426
PI329351.D1G0BACXX.7.250130008,72,349
PI329394.D1G0BACXX.7.250130020,73,392
PI329403.D1G0BACXX.7.250130032,64,353
PI329442.D1G0BACXX.7.250130044,75,319
PI329465.D1G0BACXX.7.250130056,64,466
PI329466.D1G0BACXX.7.250130068,64,466
PI329470.D1G0BACXX.7.250130080,71,545
PI329471.D1G0BACXX.7.250130092,71,545
PI329473.D1G0BACXX.7.250130009,NA,NA
PI329475.D1G0BACXX.7.250130021,56,282
PI329476.D1G0BACXX.7.250130033,66,338
PI329477.D1G0BACXX.7.250130045,66,338
PI329478.D1G0BACXX.7.250130057,56,282
PI329480.D1G0BACXX.7.250130069,66,391
PI329501.D1G0BACXX.7.250130081,68,414
PI329504.D1G0BACXX.7.250130093,68,414
PI329506.D1G0BACXX.7.250130010,68,414
PI329510.D1G0BACXX.7.250130022,NA,NA
PI329511.D1G0BACXX.7.250130034,NA,NA
PI329517.D1G0BACXX.7.250130046,NA,NA
PI329518.D1G0BACXX.7.250130058,65,410
PI329519.D1G0BACXX.7.250130070,65,410
PI329540.D1G0BACXX.7.250130082,NA,NA
PI329541.D1G0BACXX.7.250130094,NA,NA
PI329545.D1G0BACXX.7.250130011,64,356
PI329546.D1G0BACXX.7.250129919,64,356
PI329550.D1G0BACXX.7.250130035,NA,NA
PI329551.D1G0BACXX.7.250130047,NA,NA
PI329554.D1G0BACXX.7.250130059,NA,NA
PI329556.D1G0BACXX.7.250130071,64,308
PI329569.D1G0BACXX.7.250130083,66,413
PI329570.D1G0BACXX.7.250130095,65,313
PI329572.D1G0BACXX.7.250130012,65,313
PI329583.D1G0BACXX.7.250130024,60,286
PI329584.D1G0BACXX.7.250130036,60,286
PI329585.D1G0BACXX.7.250130048,60,286
PI329605.D1G0BACXX.7.250130060,NA,NA
PI329606.D1G0BACXX.7.250130072,NA,NA
PI329614.D1G0BACXX.7.250130084,64,373
PI329615.D1G0BACXX.7.250130096,64,373
PI329617.D1G0BACXX.7.250130013,58,344
PI329618.D1G0BACXX.7.250130025,58,344
PI329632.D1G0BACXX.7.250130037,55,256
PI329644.D1G0BACXX.7.250130049,54,310
PI329645.D1G0BACXX.7.250130061,56,277
PI329646.D1G0BACXX.7.250130073,56,277
PI329665.D1G0BACXX.7.250130085,63,345
PI329673.D1G0BACXX.7.250130097,63,345
PI329699.D1G0BACXX.7.250130014,55,221
PI329700.D1G0BACXX.7.250130026,62,195
PI329702.D1G0BACXX.7.250130038,NA,NA
PI329704.D1G0BACXX.7.250130050,NA,NA
PI329710.D1G0BACXX.7.250130062,62,360
PI329711.D1G0BACXX.7.250130074,62,360
PI329813.D1G0BACXX.7.250130086,75,363
PI329814.D1G0BACXX.7.250130098,75,363
PI329841.D1G0BACXX.7.250130015,65,414
PI329843.D1G0BACXX.7.250130039,63,369
PI329848.D1G0BACXX.7.250130051,60,356
PI329849.D1G0BACXX.7.250130063,60,356
PI329864.D1G0BACXX.7.250130075,62,432
PI329865.D1G0BACXX.7.250130087,62,432
PI329920.D1G0BACXX.7.250130099,75,427
PI330167.D1G0BACXX.7.250129931,68,400
PI330168.D1G0BACXX.7.250130028,68,400
PI330169.D1G0BACXX.7.250129943,68,400
PI330170.D1G0BACXX.7.250130052,68,400
PI330181.D1G0BACXX.7.250130064,74,435
PI330182.D1G0BACXX.7.250130076,74,435
PI330184.D1EYBACXX.8.250140257,70,404
PI330185.D1G0BACXX.7.250130100,70,404
PI330192.D1G0BACXX.7.250130132,81,374
PI330195.D1G0BACXX.7.250130144,69,219
PI330196.D1G0BACXX.7.250130156,75,268
PI330199.D1G0BACXX.7.250130168,71,259
PI330271.D1G0BACXX.7.250129918,76,426
PI330796.D1G0BACXX.7.250130180,57,237
PI330798.D1G0BACXX.7.250130192,59,314
PI330803.D1G0BACXX.7.250130204,59,248
PI330804.D1G0BACXX.7.250130216,59,248
PI330807.D1G0BACXX.7.250130133,60,253
PI330828.D1EYBACXX.8.250140258,55,250
PI330833.D1G0BACXX.7.250130157,56,252
PI330834.D1G0BACXX.7.250130169,56,252
PI330835.D1G0BACXX.7.250130181,55,250
PI330838.D1G0BACXX.7.250130193,57,357
PI330847.D1G0BACXX.7.250130205,57,357
PI330851.D1G0BACXX.7.250130217,58,301
PI330857.D1G0BACXX.7.250130134,58,301
PI330858.D1G0BACXX.7.250130146,73,330
PI330867.D1G0BACXX.7.250130158,73,330
PI337674.D1G0BACXX.7.250130170,76,445
PI337676.D1G0BACXX.7.250130182,64,331
PI337678.D1G0BACXX.7.250130194,71,419
PI337680.D1G0BACXX.7.250130206,68,387
PI337684.D1G0BACXX.7.250130218,57,255
PI337685.D1G0BACXX.7.250130135,68,387
PI337688.D1G0BACXX.7.250130147,64,331
PI337689.D1G0BACXX.7.250130159,72,423
PI510907.D1G0BACXX.7.250130171,64,137
PI510910.D1G0BACXX.7.250130183,64,84
PI510911.D1G0BACXX.7.250130195,64,84
PI510925.D1G0BACXX.7.250130207,NA,NA
PI510926.D1G0BACXX.7.250130219,NA,NA
PI510931.D1G0BACXX.7.250130136,72,74
PI510932.D1G0BACXX.7.250130148,72,74
PI510958.D1G0BACXX.7.250130160,65,76
PI510959.D1G0BACXX.7.250130172,65,76
PI510966.D1G0BACXX.7.250130184,66,143
PI510967.D1G0BACXX.7.250130196,66,143
PI510968.D1G0BACXX.7.250129908,66,119
PI510969.D1G0BACXX.7.250130220,66,119
PI510979.D1G0BACXX.7.250130137,65,153
PI510990.D1G0BACXX.7.250130149,68,75
PI510991.D1G0BACXX.7.250130161,68,75
PI511008.D1G0BACXX.7.250130173,69,89
PI511009.D1G0BACXX.7.250130185,69,89
PI514456.D1G0BACXX.7.250130197,61,92
PI514610.D1G0BACXX.7.250130209,60,100
PI514617.D1G0BACXX.7.250129906,55,119
PI521833.D1G0BACXX.7.250130221,60,79
PI533762.C00TDABXX.1.250004189,68,364
PI533769.C00TDABXX.1.250004153,85,278
PI533785.C00TDABXX.1.250004119,64,89
PI533789.C00TDABXX.1.250004159,71,162
PI533792.C00TDABXX.1.250004135,65,392
PI533794.C00TDABXX.1.250004112,65,392
PI533800.C00TDABXX.1.250004173,NA,NA
PI533810.C00TDABXX.1.250004099,65,276
PI533839.C00TDABXX.1.250004124,62,61
PI533842.C00TDABXX.1.250004174,71,299
PI533856.C00TDABXX.1.250004166,71,299
PI533876.C00TDABXX.2.250020296,61,99
PI533877.C00TDABXX.1.250004121,59,78
PI533882.B064FABXX.2.250009868,66,72
PI533910.C00TDABXX.1.250004147,71,162
PI533911.C00TDABXX.1.250004171,71,162
PI533912.C00TDABXX.1.250004138,71,162
PI533985.C00TDABXX.2.250020288,74,157
PI533986.C00TDABXX.1.250004176,68,364
PI533987.C00TDABXX.2.250020284,68,248
PI533991.B064FABXX.2.250009905,60,198
PI533996.C00TDABXX.2.250020224,68,248
PI534009.C00TDABXX.1.250004102,NA,NA
PI534021.C00TDABXX.2.250020253,71,299
PI534028.C00TDABXX.1.250004154,NA,NA
PI534070.C00TDABXX.1.250004136,55,156
PI534075.D0D0BACXX.6.250040589,67,247
PI534079.C00TDABXX.1.250004131,64,152
PI534088.C00TDABXX.1.250004101,62,72
PI534092.C00TDABXX.2.250020233,64,103
PI534115.B064FABXX.2.250009817,61,188
PI534116.D0D0BACXX.6.250040571,75,363
PI534123.C00TDABXX.1.250004133,NA,NA
PI534124.C00TDABXX.1.250004106,72,366
PI534127.C00TDABXX.1.250004114,60,325
PI534128.C00TDABXX.1.250004146,62,397
PI534133.B064FABXX.2.250009836,69,386
PI534135.C00TDABXX.1.250004170,62,397
PI534148.B064FABXX.2.250009902,NA,NA
PI534155.C00TDABXX.1.250004097,NA,NA
PI534157.C00TDABXX.1.250004161,NA,NA
PI562989.D1G0BACXX.7.250130138,64,73
PI563009.D1G0BACXX.7.250130150,63,64
PI563151.D1G0BACXX.7.250130162,59,222
PI563153.D1G0BACXX.7.250130174,68,223
PI563154.D1G0BACXX.7.250130186,56,177
PI563155.D1G0BACXX.7.250130198,NA,NA
PI563156.D1G0BACXX.7.250130210,56,211
PI563157.D1G0BACXX.7.250130222,55,199
PI563163.D1G0BACXX.7.250130139,59,257
PI563194.D1EYBACXX.8.250140217,59,222
PI563196.D1G0BACXX.7.250130163,NA,NA
PI563198.D1G0BACXX.7.250130175,61,267
PI563199.D1G0BACXX.7.250130187,57,214
PI563200.D1G0BACXX.7.250130199,57,237
PI563207.D1G0BACXX.7.250130211,57,214
PI563208.D1G0BACXX.7.250129968,55,221
PI563209.D1G0BACXX.7.250130140,56,173
PI563219.D1G0BACXX.7.250130152,60,241
PI563289.D1G0BACXX.7.250130164,59,216
PI563334.D1G0BACXX.7.250130176,64,99
PI563338.D1G0BACXX.7.250130188,67,79
PI563343.D1G0BACXX.7.250130200,NA,NA
PI563348.D1G0BACXX.7.250130212,NA,NA
PI563350.D1G0BACXX.7.250130224,67,114
PI563359.D1G0BACXX.7.250130141,64,141
PI563364.D1G0BACXX.7.250130153,62,94
PI563366.D1G0BACXX.7.250130165,65,97
PI563377.D1G0BACXX.7.250130177,83,314
PI563378.D1G0BACXX.7.250130189,83,314
PI563482.D1G0BACXX.7.250130201,61,89
PI563483.D1G0BACXX.7.250130213,NA,NA
PI563484.D1G0BACXX.7.250130225,66,80
PI563485.D1G0BACXX.7.250130142,68,60
PI563486.D1G0BACXX.7.250130154,68,60
PI563487.D1G0BACXX.7.250130166,59,64
PI563489.D1G0BACXX.7.250130178,NA,NA
PI563490.D1G0BACXX.7.250130190,NA,NA
PI563491.D1G0BACXX.7.250130202,NA,NA
PI563492.D1G0BACXX.7.250130214,60,81
PI563497.D1G0BACXX.7.250130226,65,166
PI563513.D1G0BACXX.7.250129894,71,161
PI563515.D1G0BACXX.7.250130143,64,65
PI563516.D1EYBACXX.8.250140219,64,65
PI569012.D1G0BACXX.7.250130167,NA,NA
PI569803.D1G0BACXX.7.250130179,NA,NA
PI569804.D1G0BACXX.7.250130191,NA,NA
PI569805.D1G0BACXX.7.250130203,NA,NA
PI569819.D1G0BACXX.7.250130215,77,369
PI569833.D1G0BACXX.7.250130227,70,607
PI569834.D1FY1ACXX.8.250123305,68,572
PI569847.D1FY1ACXX.8.250123306,76,364
PI569860.D1FY1ACXX.8.250123308,NA,NA
PI569869.D1FY1ACXX.8.250123309,68,351
PI569870.D1FY1ACXX.8.250123310,68,351
PI569873.D1FY1ACXX.8.250123311,NA,NA
PI569875.D1FY1ACXX.8.250123312,69,372
PI569876.D1FY1ACXX.8.250123313,69,372
PI569886.D1FY1ACXX.8.250123315,66,225
PI570119.D1FY1ACXX.8.250123316,70,145
PI570120.D1FY1ACXX.8.250123317,64,73
PI570122.D1FY1ACXX.8.250123318,70,292
PI570123.D1FY1ACXX.8.250123319,70,292
PI570124.D1FY1ACXX.8.250123320,70,292
PI570125.D1FY1ACXX.8.250123321,77,189
PI570126.D1FY1ACXX.8.250123322,77,189
PI570127.D1FY1ACXX.8.250123323,66,173
PI570130.D1FY1ACXX.8.250123325,72,127
PI570136.D1FY1ACXX.8.250123326,67,131
PI570137.D1FY1ACXX.8.250123327,67,131
PI570139.D1FY1ACXX.8.250123328,67,131
PI570145.D1FY1ACXX.8.250123329,65,134
PI570146.D1FY1ACXX.8.250123330,65,134
PI570149.D1FY1ACXX.8.250123331,61,204
PI570154.D1FY1ACXX.8.250123332,65,177
PI570155.D1FY1ACXX.8.250123333,65,177
PI570157.D1FY1ACXX.8.250123334,64,107
PI570158.D1FY1ACXX.8.250123335,66,165
PI570159.D1FY1ACXX.8.250123336,66,165
PI570160.D1FY1ACXX.8.250123337,67,187
PI570162.D1FY1ACXX.8.250123338,70,195
PI570163.D1FY1ACXX.8.250123339,70,195
PI570164.D1FY1ACXX.8.250123340,77,284
PI570166.D1FY1ACXX.8.250123341,69,345
PI570168.D1FY1ACXX.8.250123342,70,195
PI570171.D1FY1ACXX.8.250123343,66,135
PI570174.D1FY1ACXX.8.250123345,76,402
PI570176.D1FY1ACXX.8.250123346,76,321
PI570189.D1FY1ACXX.8.250123347,62,172
PI570190.D1FY1ACXX.8.250123348,62,172
PI570191.D1FY1ACXX.8.250123349,62,172
PI570218.D1FY1ACXX.8.250123350,74,157
PI570219.D1FY1ACXX.8.250123351,74,157
PI570220.D1FY1ACXX.8.250123352,74,157
PI570228.D1FY1ACXX.8.250123353,67,143
PI570229.D1FY1ACXX.8.250123354,67,143
PI570233.D1FY1ACXX.8.250123355,65,164
PI570234.D1FY1ACXX.8.250123356,65,164
PI570237.D1FY1ACXX.8.250123357,70,170
PI570244.D1FY1ACXX.8.250123359,70,163
PI570248.D1FY1ACXX.8.250123361,79,136
PI570249.D1FY1ACXX.8.250123362,79,136
PI570252.D1FY1ACXX.8.250123364,76,364
PI570254.D1FY1ACXX.8.250123365,60,117
PI570255.D1FY1ACXX.8.250123366,62,138
PI570256.D1FY1ACXX.8.250123367,62,138
PI570260.D1FY1ACXX.8.250123368,83,229
PI570261.D1FY1ACXX.8.250123369,83,229
PI570262.D1FY1ACXX.8.250123370,83,229
PI570271.D1FY1ACXX.8.250123371,74,142
PI570278.D1FY1ACXX.8.250123372,66,150
PI570279.D1FY1ACXX.8.250123373,66,150
PI570284.D1FY1ACXX.8.250123374,81,235
PI570288.D1FY1ACXX.8.250123375,63,162
PI570289.D1FY1ACXX.8.250123376,63,162
PI570292.D1FY1ACXX.8.250123377,71,154
PI570294.D1FY1ACXX.8.250123378,84,307
PI570295.D1FY1ACXX.8.250123379,84,307
PI570296.D1FY1ACXX.8.250123380,68,137
PI570393.D1FY1ACXX.8.250123381,62,196
PI570494.D1FY1ACXX.8.250123382,64,219
PI570498.D1FY1ACXX.8.250123383,63,141
PI570501.D1FY1ACXX.8.250123385,60,198
PI570503.D1FY1ACXX.8.250123386,75,645
PI570504.D1FY1ACXX.8.250123387,62,134
PI570505.D1FY1ACXX.8.250123388,62,134
PI570511.D1FY1ACXX.8.250123389,69,135
PI570512.D1FY1ACXX.8.250123390,76,404
PI570518.D1FY1ACXX.8.250123391,61,121
PI570523.D1FY1ACXX.8.250123392,61,206
PI570524.D1FY1ACXX.8.250123393,71,162
PI570528.D1FY1ACXX.8.250123394,80,221
PI570539.D1FY1ACXX.8.250123395,61,219
PI570546.D1FY1ACXX.8.250123396,76,386
PI570549.D1FY1ACXX.8.250123397,80,159
PI570550.D1FY1ACXX.8.250123398,80,347
PI570554.D1FY1ACXX.8.250123399,85,278
PI570570.D1EYBACXX.8.250140298,65,177
PI570571.D1EYBACXX.8.250140358,65,177
PI570575.D1G0BACXX.7.250129945,61,121
PI570576.D1G0BACXX.7.250129957,65,177
PI570584.D1EYBACXX.8.250140350,55,139
PI570588.D1EYBACXX.8.250140362,60,198
PI570603.D1EYBACXX.8.250140374,68,99
PI570604.D1EYBACXX.8.250140387,77,202
PI570917.D1G0BACXX.7.250130005,76,512
PI570918.D1G0BACXX.7.250130091,76,512
PI571246.D1G0BACXX.7.250130023,75,645
PI571253.D1G0BACXX.7.250130027,69,135
PI571256.D1G0BACXX.7.250130088,68,261
PI571261.D1G0BACXX.7.250130145,61,206
PI571262.D1G0BACXX.7.250130208,80,218
PI571273.D1G0BACXX.7.250130155,62,85
PI571275.D1EYBACXX.8.250140208,77,130
PI571299.D1EYBACXX.8.250140209,76,432
PI571302.D1EYBACXX.8.250140210,79,285
PI571370.D1EYBACXX.8.250140211,71,404
PI571376.D1EYBACXX.8.250140212,65,185
PI576352.C00TDABXX.2.250020289,NA,NA
PI576359.C00TDABXX.2.250020256,72,486
PI576364.C00TDABXX.2.250020301,NA,NA
PI576366.C00TDABXX.2.250020254,71,161
PI576375.C00TDABXX.2.250020279,NA,NA
PI576376.C00TDABXX.2.250020291,75,363
PI576380.B064FABXX.2.250009887,62,195
PI576381.C00TDABXX.2.250020315,75,363
PI576390.C00TDABXX.1.250004185,68,244
PI576399.C00TDABXX.1.250004120,68,248
PI576401.B064FABXX.2.250009837,75,221
PI576425.C00TDABXX.2.250020317,NA,NA
PI576426.C00TDABXX.2.250020303,68,400
PI576428.C00TDABXX.2.250020257,62,195
PI576435.C00TDABXX.2.250020259,76,338
PI585379.D1EYBACXX.8.250140213,59,341
PI585394.D1EYBACXX.8.250140214,63,112
PI585405.D1EYBACXX.8.250140215,67,143
PI585406.D1G0BACXX.7.250129916,67,143
PI585411.D1G0BACXX.7.250129942,66,166
PI585412.D1G0BACXX.7.250129954,66,166
PI585413.D1G0BACXX.7.250129969,67,140
PI585414.D1G0BACXX.7.250129966,67,140
PI585415.D1G0BACXX.7.250129883,64,124
PI585416.D1G0BACXX.7.250129886,NA,NA
PI585417.D1G0BACXX.7.250129898,NA,NA
PI585418.D1G0BACXX.7.250129907,NA,NA
PI585423.D1G0BACXX.7.250129910,67,106
PI585448.D1G0BACXX.7.250129955,NA,NA
PI585449.D1G0BACXX.7.250129967,NA,NA
PI585452.D1G0BACXX.7.250129884,60,97
PI585453.D1G0BACXX.7.250129896,64,129
PI585454.D1G0BACXX.7.250129922,63,101
PI585455.D1G0BACXX.7.250129934,62,130
PI585456.D1G0BACXX.7.250129920,62,130
PI585457.D1G0BACXX.7.250129932,62,110
PI585461.D1G0BACXX.7.250129944,65,82
PI585467.D1G0BACXX.7.250129956,NA,NA
PI585468.D1G0BACXX.7.250129885,NA,NA
PI585469.D1G0BACXX.7.250129897,NA,NA
PI585470.D1G0BACXX.7.250129909,NA,NA
PI585471.D1G0BACXX.7.250129921,64,134
PI585472.D1G0BACXX.7.250129933,64,134
PI585572.D1G0BACXX.7.250129946,56,128
PI585573.D1EYBACXX.8.250140220,56,128
PI585574.D1G0BACXX.7.250129958,56,128
PI585576.D1G0BACXX.7.250129970,55,139
PI585577.D1EYBACXX.8.250140221,60,178
PI585578.D1EYBACXX.8.250140222,61,143
PI585579.D1EYBACXX.8.250140223,61,133
PI585580.D1EYBACXX.8.250140224,64,156
PI585581.D1EYBACXX.8.250140225,65,161
PI585582.D1G0BACXX.7.250129887,65,161
PI585583.D1EYBACXX.8.250140226,NA,NA
PI585590.D1EYBACXX.8.250140227,NA,NA
PI585595.D1EYBACXX.8.250140228,60,301
PI585596.D1G0BACXX.7.250129899,53,237
PI585600.D1G0BACXX.7.250129911,51,201
PI585602.D1EYBACXX.8.250140229,51,201
PI585607.D1EYBACXX.8.250140230,NA,NA
PI585608.D1EYBACXX.8.250140231,NA,NA
PI585609.D1EYBACXX.8.250140232,58,169
PI585971.D1G0BACXX.7.250129923,58,192
PI585981.D1G0BACXX.7.250129935,63,130
PI585984.D1EYBACXX.8.250140233,65,127
PI585985.D1EYBACXX.8.250140234,65,127
PI585987.D1EYBACXX.8.250140235,60,113
PI585989.D1EYBACXX.8.250140236,63,116
PI585991.D1EYBACXX.8.250140237,63,136
PI585992.D1EYBACXX.8.250140238,61,94
PI586000.D1EYBACXX.8.250140239,63,91
PI586008.D1EYBACXX.8.250140240,63,68
PI586028.D1EYBACXX.8.250140241,59,88
PI586032.D1EYBACXX.8.250140242,56,82
PI586033.D1EYBACXX.8.250140243,55,79
PI586034.D1EYBACXX.8.250140244,53,79
PI586035.D1EYBACXX.8.250140245,54,106
PI586036.D1EYBACXX.8.250140246,55,91
PI586037.D1EYBACXX.8.250140247,NA,NA
PI586038.D1EYBACXX.8.250140248,NA,NA
PI586039.D1EYBACXX.8.250140249,NA,NA
PI586040.D1EYBACXX.8.250140250,60,84
PI586041.D1EYBACXX.8.250140251,60,63
PI586042.D1EYBACXX.8.250140252,60,63
PI586052.D1EYBACXX.8.250140253,60,78
PI586054.D1EYBACXX.8.250140254,NA,NA
PI586107.D1EYBACXX.8.250140255,64,101
PI586108.D1G0BACXX.7.250129947,64,101
PI586109.D1EYBACXX.8.250140256,64,101
PI586110.D1FY1ACXX.8.250123432,68,136
PI586111.D1FY1ACXX.8.250123433,65,99
PI586112.D1FY1ACXX.8.250123434,65,74
PI586113.D1FY1ACXX.8.250123435,65,74
PI586114.D1FY1ACXX.8.250123436,65,72
PI586115.D1FY1ACXX.8.250123437,65,72
PI586117.D1FY1ACXX.8.250123438,68,114
PI586118.D1FY1ACXX.8.250123439,63,72
PI586119.D1FY1ACXX.8.250123440,63,66
PI586120.D1FY1ACXX.8.250123441,63,66
PI586123.D1FY1ACXX.8.250123442,68,114
PI586124.D1FY1ACXX.8.250123443,68,114
PI586128.D1FY1ACXX.8.250123444,64,70
PI586137.D1FY1ACXX.8.250123445,65,76
PI586141.D1FY1ACXX.8.250123446,64,84
PI586142.D1FY1ACXX.8.250123447,64,84
PI586147.D1FY1ACXX.8.250123448,NA,NA
PI586148.D1FY1ACXX.8.250123449,64,84
PI586150.D1FY1ACXX.8.250123450,65,99
PI586151.D1FY1ACXX.8.250123451,63,78
PI586153.D1FY1ACXX.8.250123452,69,95
PI586154.D1FY1ACXX.8.250123453,65,108
PI586155.D1FY1ACXX.8.250123454,NA,NA
PI586156.D1FY1ACXX.8.250123455,64,93
PI586157.D1FY1ACXX.8.250123456,64,77
PI586158.D1FY1ACXX.8.250123457,64,77
PI586159.D1FY1ACXX.8.250123458,67,110
PI586160.D1FY1ACXX.8.250123459,67,110
PI586161.D1FY1ACXX.8.250123460,65,100
PI586162.D1FY1ACXX.8.250123461,65,100
PI586163.D1FY1ACXX.8.250123462,65,152
PI586164.D1FY1ACXX.8.250123463,65,152
PI586165.D1FY1ACXX.8.250123464,64,70
PI586166.D1FY1ACXX.8.250123465,62,61
PI586167.D1EYBACXX.8.250140352,64,105
PI586168.D1FY1ACXX.8.250123467,64,105
PI586169.D1FY1ACXX.8.250123468,64,105
PI586172.D1FY1ACXX.8.250123469,65,76
PI586173.D1FY1ACXX.8.250123470,65,76
PI586174.D1FY1ACXX.8.250123471,64,61
PI586175.D1FY1ACXX.8.250123472,64,61
PI586176.D1FY1ACXX.8.250123473,64,61
PI586178.D1FY1ACXX.8.250123474,66,90
PI586179.D1FY1ACXX.8.250123475,66,90
PI586181.D1FY1ACXX.8.250123476,64,69
PI586182.D1FY1ACXX.8.250123477,64,69
PI586183.D1FY1ACXX.8.250123478,65,71
PI586184.D1FY1ACXX.8.250123479,65,101
PI586185.D1FY1ACXX.8.250123480,65,101
PI586201.D1FY1ACXX.8.250123481,66,121
PI586205.D1FY1ACXX.8.250123482,64,89
PI586239.D1FY1ACXX.8.250123483,66,134
PI586259.D1FY1ACXX.8.250123484,65,94
PI586272.D1FY1ACXX.8.250123485,65,117
PI586356.D1FY1ACXX.8.250123486,64,85
PI586357.D1FY1ACXX.8.250123487,64,85
PI586359.D1FY1ACXX.8.250123488,61,75
PI586360.D1FY1ACXX.8.250123489,61,75
PI586361.D1FY1ACXX.8.250123490,61,75
PI586362.D1FY1ACXX.8.250123491,61,75
PI586363.D1FY1ACXX.8.250123492,64,62
PI586364.D1FY1ACXX.8.250123493,64,62
PI586365.D1FY1ACXX.8.250123494,64,78
PI586366.D1FY1ACXX.8.250123495,63,106
PI586367.D1FY1ACXX.8.250123496,63,106
PI586368.D1FY1ACXX.8.250123497,63,64
PI586369.D1FY1ACXX.8.250123498,63,64
PI586370.D1FY1ACXX.8.250123499,63,66
PI586371.D1FY1ACXX.8.250123500,61,56
PI586374.D1FY1ACXX.8.250123501,62,59
PI586377.D1FY1ACXX.8.250123503,NA,NA
PI586378.D1FY1ACXX.8.250123504,NA,NA
PI586387.D1FY1ACXX.8.250123505,65,139
PI586388.D1FY1ACXX.8.250123506,65,139
PI586394.D1FY1ACXX.8.250123507,74,132
PI586403.D1FY1ACXX.8.250123508,NA,NA
PI586404.D1FY1ACXX.8.250123509,NA,NA
PI586405.D1FY1ACXX.8.250123510,NA,NA
PI586464.D1FY1ACXX.8.250123511,61,205
PI586465.D1FY1ACXX.8.250123512,61,205
PI586466.D1FY1ACXX.8.250123513,NA,NA
PI586467.D1FY1ACXX.8.250123514,NA,NA
PI586470.D1FY1ACXX.8.250123515,57,153
PI586471.D1FY1ACXX.8.250123516,57,153
PI586472.D1FY1ACXX.8.250123517,58,141
PI586473.D1FY1ACXX.8.250123518,58,141
PI586476.D1FY1ACXX.8.250123519,68,203
PI586477.D1FY1ACXX.8.250123520,68,203
PI586479.D1FY1ACXX.8.250123521,69,218
PI586480.D1FY1ACXX.8.250123522,69,218
PI586481.D1FY1ACXX.8.250123523,62,184
PI586482.D1FY1ACXX.8.250123524,62,184
PI586483.D1FY1ACXX.8.250123525,62,184
PI586493.D1FY1ACXX.8.250123526,68,180
PI586498.D1FY1ACXX.8.250123527,64,175
PI586499.D1FY1ACXX.8.250123559,69,174
PI586500.D1FY1ACXX.8.250123560,69,174
PI586501.D1FY1ACXX.8.250123561,69,174
PI586503.D1FY1ACXX.8.250123562,61,180
PI586510.D1FY1ACXX.8.250123563,63,189
PI586511.D1FY1ACXX.8.250123564,63,189
PI595699.C00TDABXX.2.250020278,72,486
PI597946.C00TDABXX.2.250020297,71,267
PI597949.C00TDABXX.2.250020281,NA,NA
PI597950.C00TDABXX.1.250004111,57,161
PI597952.C00TDABXX.2.250020271,68,364
PI597953.D1FY1ACXX.8.250123565,61,99
PI597954.D1FY1ACXX.8.250123566,64,92
PI597957.C00TDABXX.2.250020230,75,319
PI597964.C00TDABXX.2.250020251,62,181
PI608862.D1FY1ACXX.8.250123567,60,88
PI608863.D1FY1ACXX.8.250123568,60,88
PI608864.D1FY1ACXX.8.250123569,60,88
PI608865.D1FY1ACXX.8.250123570,60,88
PI609094.D1FY1ACXX.8.250123571,59,61
PI609200.D1FY1ACXX.8.250123572,62,73
PI609918.D1FY1ACXX.8.250123573,60,116
PI609919.D1FY1ACXX.8.250123574,60,116
PI610034.D1FY1ACXX.8.250123575,60,116
PI612776.D1FY1ACXX.8.250123576,68,96
PI612777.D1FY1ACXX.8.250123577,68,96
PI619639.D1FY1ACXX.8.250123578,52,163
PI619640.D1FY1ACXX.8.250123579,52,122
PI619641.D1FY1ACXX.8.250123580,54,168
PI619642.D1FY1ACXX.8.250123581,55,103
PI619643.D1FY1ACXX.8.250123582,61,215
PI619688.D1FY1ACXX.8.250123583,63,253
PI619689.D1FY1ACXX.8.250123584,63,253
PI619695.D1FY1ACXX.8.250123585,60,216
PI619696.D1FY1ACXX.8.250123586,62,211
PI619697.D1FY1ACXX.8.250123587,62,211
PI619698.D1FY1ACXX.8.250123588,60,225
PI619701.D1FY1ACXX.8.250123589,62,232
PI619702.D1FY1ACXX.8.250123590,62,232
PI619713.D1FY1ACXX.8.250123591,61,248
PI619716.D1FY1ACXX.8.250123592,60,248
PI619719.D1FY1ACXX.8.250123593,61,220
PI619720.D1FY1ACXX.8.250123594,61,220
PI619721.D1FY1ACXX.8.250123595,61,220
PI619733.D1FY1ACXX.8.250123596,61,214
PI619734.D1FY1ACXX.8.250123597,61,214
PI619735.D1FY1ACXX.8.250123598,61,214
PI619765.D1FY1ACXX.8.250123599,61,233
PI619773.D1FY1ACXX.8.250123600,61,223
PI619807.D1EYBACXX.8.250140364,62,229
PI619813.D1FY1ACXX.8.250123602,63,238
PI619816.D1FY1ACXX.8.250123603,63,236
PI619829.D1FY1ACXX.8.250123604,58,188
PI619830.D1FY1ACXX.8.250123605,58,188
PI619838.D1FY1ACXX.8.250123607,62,220
PI619860.D1FY1ACXX.8.250123608,60,179
PI619863.D1FY1ACXX.8.250123609,63,251
PI619879.D1FY1ACXX.8.250123610,62,205
PI619890.D1FY1ACXX.8.250123611,61,230
PI619896.D1FY1ACXX.8.250123612,62,221
PI619897.D1FY1ACXX.8.250123613,55,186
PI619901.D1FY1ACXX.8.250123614,60,227
PI619902.D1FY1ACXX.8.250123615,60,227
PI619903.D1FY1ACXX.8.250123616,58,220
PI619904.D1FY1ACXX.8.250123617,61,247
PI619920.D1FY1ACXX.8.250123619,58,187
PI619921.D1FY1ACXX.8.250123620,57,243
PI619928.D1FY1ACXX.8.250123621,57,223
PI619930.D1FY1ACXX.8.250123622,NA,NA
PI619932.D1FY1ACXX.8.250123623,NA,NA
PI619933.D1FY1ACXX.8.250123624,55,207
PI619935.D1FY1ACXX.8.250123625,57,238
PI619938.D1FY1ACXX.8.250123626,NA,NA
PI619939.D1FY1ACXX.8.250123627,NA,NA
PI619941.D1FY1ACXX.8.250123628,61,217
PI619950.D1FY1ACXX.8.250123629,61,202
PI619955.D1FY1ACXX.8.250123630,62,226
PI619956.D1FY1ACXX.8.250123631,62,226
PI619958.D1FY1ACXX.8.250123632,58,194
PI619959.D1FY1ACXX.8.250123633,58,194
PI619960.D1FY1ACXX.8.250123634,58,194
PI619962.D1FY1ACXX.8.250123635,59,208
PI619970.D1FY1ACXX.8.250123636,59,208
PI619972.D1FY1ACXX.8.250123637,59,208
PI619978.D1FY1ACXX.8.250123638,58,230
PI619981.D1FY1ACXX.8.250123639,58,230
PI619982.D1FY1ACXX.8.250123640,56,254
PI619983.D1FY1ACXX.8.250123641,56,254
PI619986.D1FY1ACXX.8.250123642,NA,NA
PI619987.D1FY1ACXX.8.250123643,56,229
PI619988.D1FY1ACXX.8.250123644,56,229
PI619989.D1FY1ACXX.8.250123645,56,229
PI619994.D1FY1ACXX.8.250123646,56,273
PI620007.D1FY1ACXX.8.250123647,56,219
PI620020.D1FY1ACXX.8.250123648,56,223
PI620024.D1FY1ACXX.8.250123649,59,194
PI620026.D1FY1ACXX.8.250123650,59,194
PI620050.D1FY1ACXX.8.250123651,65,230
PI620055.D1FY1ACXX.8.250123652,62,246
PI620072.D1FY1ACXX.8.250123654,59,295
PI620083.D1FY1ACXX.8.250123687,63,307
PI620086.D1FY1ACXX.8.250123688,63,316
PI620090.D1FY1ACXX.8.250123689,63,324
PI620092.D1FY1ACXX.8.250123690,59,204
PI620094.D1FY1ACXX.8.250123692,60,307
PI620097.D1FY1ACXX.8.250123694,57,258
PI620102.D1FY1ACXX.8.250123695,62,300
PI620105.D1FY1ACXX.8.250123696,62,275
PI620106.D1FY1ACXX.8.250123697,62,275
PI620110.D1FY1ACXX.8.250123698,59,203
PI620111.D1FY1ACXX.8.250123699,53,219
PI620112.D1FY1ACXX.8.250123700,53,219
PI620119.D1FY1ACXX.8.250123702,60,240
PI620120.D1FY1ACXX.8.250123703,60,240
PI620121.D1FY1ACXX.8.250123704,59,280
PI620122.D1FY1ACXX.8.250123705,59,280
PI620129.D1FY1ACXX.8.250123706,59,264
PI620140.D1FY1ACXX.8.250123707,55,260
PI620150.D1FY1ACXX.8.250123708,56,275
PI620156.D1FY1ACXX.8.250123709,56,223
PI620157.D1FY1ACXX.8.250123710,56,223
PI620173.D1FY1ACXX.8.250123712,60,281
PI620180.D1FY1ACXX.8.250123713,59,173
PI620181.D1FY1ACXX.8.250123714,59,173
PI620367.D1FY1ACXX.8.250123715,61,121
PI620368.D1FY1ACXX.8.250123716,65,154
PI620369.D1FY1ACXX.8.250123717,NA,NA
PI620370.D1FY1ACXX.8.250123718,68,199
PI620371.D1FY1ACXX.8.250123719,NA,NA
PI620372.D1FY1ACXX.8.250123720,66,210
PI620373.D1FY1ACXX.8.250123721,NA,NA
PI620375.D1FY1ACXX.8.250123722,66,187
PI620376.D1FY1ACXX.8.250123723,66,236
PI620377.D1FY1ACXX.8.250123724,66,236
PI620382.D1FY1ACXX.8.250123725,61,211
PI620383.D1FY1ACXX.8.250123726,61,211
PI620385.D1FY1ACXX.8.250123727,59,230
PI620386.D1FY1ACXX.8.250123728,59,230
PI620396.D1FY1ACXX.8.250123729,59,230
PI620405.D1FY1ACXX.8.250123730,64,215
PI620406.D1FY1ACXX.8.250123731,64,215
PI620409.D1FY1ACXX.8.250123732,64,215
PI620411.D1FY1ACXX.8.250123733,NA,NA
PI620414.D1FY1ACXX.8.250123734,NA,NA
PI620415.D1FY1ACXX.8.250123735,NA,NA
PI620416.D1EYBACXX.8.250140376,61,160
PI620417.D1FY1ACXX.8.250123737,68,233
PI620418.D1FY1ACXX.8.250123738,68,226
PI620423.D1FY1ACXX.8.250123739,60,152
PI620424.D1FY1ACXX.8.250123740,60,152
PI620430.D1FY1ACXX.8.250123741,59,190
PI620431.D1FY1ACXX.8.250123742,59,190
PI620434.D1FY1ACXX.8.250123743,52,121
PI620435.D1FY1ACXX.8.250123744,52,121
PI620446.D1FY1ACXX.8.250123745,60,188
PI620447.D1FY1ACXX.8.250123746,63,229
PI620448.D1FY1ACXX.8.250123747,63,229
PI620449.D1FY1ACXX.8.250123748,58,159
PI620453.D1FY1ACXX.8.250123750,63,145
PI620454.D1FY1ACXX.8.250123751,61,189
PI620459.D1FY1ACXX.8.250123752,63,167
PI620460.D1FY1ACXX.8.250123753,63,167
PI620461.D1FY1ACXX.8.250123754,62,185
PI620463.D1FY1ACXX.8.250123755,61,191
PI620466.D1FY1ACXX.8.250123756,63,187
PI620467.D1FY1ACXX.8.250123757,63,187
PI620469.D1FY1ACXX.8.250123758,55,122
PI620472.D1FY1ACXX.8.250123759,64,216
PI620473.D1FY1ACXX.8.250123760,64,216
PI620475.D1FY1ACXX.8.250123761,61,179
PI620476.D1FY1ACXX.8.250123762,61,179
PI620477.D1FY1ACXX.8.250123763,66,216
PI620478.D1FY1ACXX.8.250123764,66,216
PI620479.D1FY1ACXX.8.250123765,60,185
PI620480.D1FY1ACXX.8.250123766,63,268
PI620483.D1FY1ACXX.8.250123767,64,275
PI620484.D1FY1ACXX.8.250123768,64,275
PI620493.D1FY1ACXX.8.250123769,65,215
PI620494.D1FY1ACXX.8.250123770,65,215
PI620495.D1FY1ACXX.8.250123771,59,161
PI620496.D1FY1ACXX.8.250123772,59,161
PI620500.D1FY1ACXX.8.250123773,54,145
PI620501.D1FY1ACXX.8.250123774,54,145
PI620514.D1FY1ACXX.8.250123775,65,261
PI620515.D1FY1ACXX.8.250123776,68,229
PI620516.D1FY1ACXX.8.250123777,52,187
PI620517.D1FY1ACXX.8.250123778,52,187
PI620519.D1FY1ACXX.8.250123779,55,98
PI620520.D1FY1ACXX.8.250123780,55,126
PI620521.D1FY1ACXX.8.250123781,61,143
PI620522.D1G0BACXX.7.250129751,63,210
PI620523.D1G0BACXX.7.250129763,67,213
PI620524.D1G0BACXX.7.250129775,67,213
PI620525.D1G0BACXX.7.250129787,67,213
PI620527.D1G0BACXX.7.250129799,71,236
PI620529.D1G0BACXX.7.250129811,73,242
PI620535.D1G0BACXX.7.250129823,66,194
PI620536.D1G0BACXX.7.250129835,NA,NA
PI620537.D1G0BACXX.7.250129752,65,232
PI620538.D1G0BACXX.7.250129764,65,232
PI620539.D1G0BACXX.7.250129776,65,232
PI620544.D1G0BACXX.7.250129788,58,196
PI620545.D1G0BACXX.7.250129800,58,196
PI620547.D1G0BACXX.7.250129812,76,326
PI620548.D1G0BACXX.7.250129824,76,326
PI620557.D1G0BACXX.7.250129836,61,202
PI620560.D1G0BACXX.7.250129753,57,192
PI620564.D1G0BACXX.7.250129765,57,131
PI620565.D1G0BACXX.7.250129777,57,131
PI620567.D1G0BACXX.7.250129789,NA,NA
PI620570.D1G0BACXX.7.250129801,61,177
PI620572.D1G0BACXX.7.250129813,62,165
PI620578.D1G0BACXX.7.250129825,64,150
PI620579.D1G0BACXX.7.250129837,64,183
PI620610.D1G0BACXX.7.250129754,61,222
PI620611.D1G0BACXX.7.250129766,64,218
PI620615.D1G0BACXX.7.250129778,62,221
PI620617.D1G0BACXX.7.250129790,58,220
PI620624.D1G0BACXX.7.250129802,60,272
PI646200.D1G0BACXX.7.250129814,64,66
PI646201.D1G0BACXX.7.250129826,64,66
PI646202.D1G0BACXX.7.250129838,54,66
PI646203.D1G0BACXX.7.250129755,54,66
PI646205.D1G0BACXX.7.250129767,63,112
PI646206.D1G0BACXX.7.250129779,63,112
PI646207.D1G0BACXX.7.250129791,63,112
PI646208.D1G0BACXX.7.250129803,63,112
PI646209.D1G0BACXX.7.250129815,66,111
PI646210.D1G0BACXX.7.250129827,68,87
PI646211.D1G0BACXX.7.250129839,60,103
PI646212.D1G0BACXX.7.250129756,67,106
PI646213.D1G0BACXX.7.250129768,57,87
PI646214.D1G0BACXX.7.250129780,NA,NA
PI646215.D1G0BACXX.7.250129792,NA,NA
PI646216.D1G0BACXX.7.250129804,NA,NA
PI646217.D1G0BACXX.7.250129816,65,73
PI646223.D1G0BACXX.7.250129828,65,73
PI646230.D1G0BACXX.7.250129840,60,216
PI646231.D1G0BACXX.7.250129757,62,214
PI646233.D1G0BACXX.7.250129769,62,213
PI646234.D1G0BACXX.7.250129781,62,211
PI646236.D1G0BACXX.7.250129793,61,240
PI646237.D1G0BACXX.7.250129805,61,214
PI646239.D1G0BACXX.7.250129817,61,186
PI646240.D1G0BACXX.7.250129829,63,215
PI646241.D1G0BACXX.7.250129841,NA,NA
PI646242.D1G0BACXX.7.250129758,61,222
PI646243.D1G0BACXX.7.250129770,61,222
PI646245.D1G0BACXX.7.250129794,62,226
PI646246.D1G0BACXX.7.250129806,62,242
PI646247.D1G0BACXX.7.250129818,63,235
PI646248.D1G0BACXX.7.250129830,62,239
PI646249.D1G0BACXX.7.250129842,63,238
PI646250.D1G0BACXX.7.250129759,62,225
PI646251.D1G0BACXX.7.250129771,NA,NA
PI646252.D1G0BACXX.7.250129783,NA,NA
PI646254.D1G0BACXX.7.250129795,62,220
PI646255.D1G0BACXX.7.250129807,62,190
PI646256.D1G0BACXX.7.250129819,62,190
PI646259.D1G0BACXX.7.250129831,59,193
PI646260.D1G0BACXX.7.250129843,59,193
PI646261.D1G0BACXX.7.250129760,57,168
PI646262.D1G0BACXX.7.250129772,57,168
PI646263.D1G0BACXX.7.250129784,57,148
PI646264.D1G0BACXX.7.250129796,57,148
PI646266.D1G0BACXX.7.250129808,NA,NA
PI646267.D1G0BACXX.7.250129820,NA,NA
PI646271.D1G0BACXX.7.250129832,60,183
PI646279.D1G0BACXX.7.250129844,62,205
PI646280.D1G0BACXX.7.250129761,61,230
PI646281.D1G0BACXX.7.250129773,61,230
PI646283.D1G0BACXX.7.250129785,60,223
PI646289.D1G0BACXX.7.250129797,62,233
PI646290.D1G0BACXX.7.250129809,55,209
PI646291.D1G0BACXX.7.250129821,62,239
PI646292.D1G0BACXX.7.250129833,NA,NA
PI646293.D1G0BACXX.7.250129845,58,193
PI646294.D1G0BACXX.7.250129762,57,223
PI646295.D1G0BACXX.7.250129774,62,228
PI646296.D1G0BACXX.7.250129786,59,208
PI646297.D1G0BACXX.7.250129798,60,220
PI646303.D1G0BACXX.7.250129810,56,223
PI646304.D1G0BACXX.7.250129822,58,229
PI646306.D1G0BACXX.7.250129834,65,230
PI646307.D1G0BACXX.7.250129846,64,215
PI646312.D1G0BACXX.7.250129878,55,260
PI646313.D1G0BACXX.7.250129890,56,220
PI646315.D1G0BACXX.7.250129902,59,252
PI646316.D1G0BACXX.7.250129914,61,229
PI646317.D1G0BACXX.7.250129926,61,229
PI646319.D1G0BACXX.7.250129938,62,214
PI646320.D1G0BACXX.7.250129950,61,238
PI646321.D1G0BACXX.7.250129962,62,246
PI646322.D1G0BACXX.7.250129879,57,203
PI646323.D1G0BACXX.7.250129891,57,203
PI646324.D1G0BACXX.7.250129903,61,224
PI646325.D1G0BACXX.7.250129915,61,224
PI646387.D1G0BACXX.7.250129927,57,179
PI646388.D1G0BACXX.7.250129939,62,185
PI646389.D1G0BACXX.7.250129951,67,186
PI646390.D1G0BACXX.7.250129963,NA,NA
PI646391.D1G0BACXX.7.250129880,61,202
PI646392.D1G0BACXX.7.250129892,57,192
PI647018.D1G0BACXX.7.250129904,63,71
PI647019.D1EYBACXX.8.250140216,68,94
PI647020.D1G0BACXX.7.250129928,68,94
PI647021.D1G0BACXX.7.250129940,68,94
PI647022.D1G0BACXX.7.250129952,52,83
PI647023.D1G0BACXX.7.250129964,60,83
PI647024.D1G0BACXX.7.250129881,62,87
PI647025.D1G0BACXX.7.250129893,64,83
PI647026.D1G0BACXX.7.250129905,NA,NA
PI647027.D1G0BACXX.7.250129917,63,92
PI647028.D1G0BACXX.7.250129929,65,77
PI647029.D1G0BACXX.7.250129941,64,124
PI658758.D1G0BACXX.7.250129953,62,61
PI659693.D1G0BACXX.7.250129965,65,177