Species,Trait,Gene,SNP,Pvalue,Relation,Distance_bp,Chr,Pos
sorghum,cec,SORBI_3001G380600,S1_66869228,5.052206e-13,downstream,2708,1,66869228
sorghum,cec,SORBI_3001G380600,S1_66859376,5.347589e-11,in_gene,0,1,66859376
sorghum,cec,SORBI_3001G380500,S1_66847402,8.506329e-11,upstream,335,1,66847402
sorghum,cec,SORBI_3001G380600,S1_66859273,2.848726e-09,in_gene,0,1,66859273
sorghum,cec,SORBI_3001G380600,S1_66859281,2.848726e-09,in_gene,0,1,66859281
sorghum,cec,SORBI_3001G380500,S1_66847299,3.335954e-09,upstream,438,1,66847299
sorghum,cec,SORBI_3001G389700,S1_67631936,3.442855e-09,in_gene,0,1,67631936
sorghum,cec,SORBI_3001G380600,S1_66863043,9.207524e-09,in_gene,0,1,66863043
sorghum,cec,SORBI_3001G380500,S1_66847605,1.24429e-08,upstream,132,1,66847605
sorghum,cec,SORBI_3001G380600,S1_66863041,1.804512e-08,in_gene,0,1,66863041
sorghum,cec,SORBI_3005G126600,S5_55189533,1.430471e-07,downstream,8552,5,55189533
sorghum,cec,SORBI_3001G380600,S1_66859323,3.951911e-07,in_gene,0,1,66859323
sorghum,cec,SORBI_3001G374100,S1_66262845,4.453897e-07,downstream,1654,1,66262845
sorghum,cec,SORBI_3001G380600,S1_66854996,8.591343e-07,in_gene,0,1,66854996
sorghum,cec,SORBI_3001G380600,S1_66855006,8.591343e-07,in_gene,0,1,66855006
sorghum,cec,SORBI_3001G380600,S1_66855046,9.987727e-07,in_gene,0,1,66855046
sorghum,cec,SORBI_3001G121000,S1_9402393,4.772332e-06,upstream,9385,1,9402393
sorghum,cec,SORBI_3001G433600,S1_71205570,5.035388e-06,upstream,1208,1,71205570
sorghum,cec,SORBI_3001G374100,S1_66262859,5.926813e-06,downstream,1668,1,66262859
sorghum,cec,SORBI_3001G374100,S1_66262856,5.926813e-06,downstream,1665,1,66262856
sorghum,cec,SORBI_3001G380500,S1_66847610,6.140613e-06,upstream,127,1,66847610
sorghum,cec,SORBI_3004G193400,S4_54522206,9.669808e-06,downstream,230,4,54522206
sorghum,cec,SORBI_3001G265700,S1_50219118,9.695841e-06,upstream,2896,1,50219118
sorghum,cec,SORBI_3002G359900,S2_72227616,1.126498e-05,downstream,388,2,72227616
sorghum,cec,SORBI_3004G342000,S4_67325674,1.395998e-05,downstream,3600,4,67325674
sorghum,cec,SORBI_3003G134800,S3_12712993,1.696564e-05,in_gene,0,3,12712993
sorghum,cec,SORBI_3001G194401,S1_17387772,1.833348e-05,upstream,2766,1,17387772
sorghum,cec,SORBI_3001G194401,S1_17387773,1.833348e-05,upstream,2765,1,17387773
sorghum,cec,SORBI_3002G323500,S2_69465120,1.964147e-05,upstream,574,2,69465120
sorghum,cec,SORBI_3004G003300,S4_276751,2.507889e-05,downstream,1370,4,276751
sorghum,cec,SORBI_3001G256800,S1_30104158,2.612912e-05,downstream,3224,1,30104158
sorghum,cec,SORBI_3001G380600,S1_66855463,2.813378e-05,in_gene,0,1,66855463
sorghum,cec,SORBI_3004G123801,S4_13995546,3.140402e-05,upstream,7846,4,13995546
sorghum,cec,SORBI_3004G125100,S4_14370476,3.754722e-05,downstream,4353,4,14370476
sorghum,cec,SORBI_3001G378001,S1_66605914,3.803652e-05,upstream,52,1,66605914
sorghum,cec,SORBI_3001G378001,S1_66605916,3.834258e-05,upstream,50,1,66605916
sorghum,cec,SORBI_3003G214400,S3_54841668,4.113232e-05,in_gene,0,3,54841668
sorghum,cec,SORBI_3002G063201,S2_6102780,4.353612e-05,in_gene,0,2,6102780
sorghum,cec,SORBI_3001G329300,S1_61686532,6.116977e-05,downstream,2701,1,61686532
sorghum,cec,SORBI_3004G123300,S4_13883495,6.71314e-05,downstream,4326,4,13883495
sorghum,cec,SORBI_3003G198800,S3_52462962,7.018101e-05,upstream,1080,3,52462962
sorghum,cec,SORBI_3004G123400,S4_13921155,7.837536e-05,in_gene,0,4,13921155
sorghum,cec,SORBI_3003G052100,S3_4695448,7.946706e-05,downstream,722,3,4695448
sorghum,cec,SORBI_3009G095200,S9_26583760,8.68213e-05,downstream,749,9,26583760
sorghum,cec,SORBI_3001G433200,S1_71180967,8.942804e-05,downstream,48,1,71180967
sorghum,cec,SORBI_3003G343500,S3_66534853,9.404759e-05,in_gene,0,3,66534853
sorghum,cec,SORBI_3003G034350,S3_3143413,0.0001018002,downstream,4871,3,3143413
sorghum,cec,SORBI_3006G264201,S6_59865708,0.0001032281,in_gene,0,6,59865708
sorghum,cec,SORBI_3003G320900,S3_64849362,0.0001038022,upstream,770,3,64849362
sorghum,cec,SORBI_3001G374600,S1_66336662,0.0001097557,upstream,2232,1,66336662
sorghum,cec,SORBI_3010G150200,S10_43295664,0.0001143463,downstream,24878,10,43295664
sorghum,cec,SORBI_3004G119900,S4_12856377,0.0001145279,upstream,7373,4,12856377
sorghum,cec,SORBI_3001G015300,S1_1354482,0.0001157994,in_gene,0,1,1354482
sorghum,cec,SORBI_3009G048000,S9_4557741,0.000116959,in_gene,0,9,4557741
sorghum,cec,SORBI_3006G172000,S6_52816176,0.0001210665,upstream,1222,6,52816176
sorghum,cec,SORBI_3003G205700,S3_53606588,0.0001221881,in_gene,0,3,53606588
sorghum,cec,SORBI_3004G119900,S4_12866615,0.0001261685,downstream,594,4,12866615
sorghum,cec,SORBI_3002G394000,S2_74682431,0.0001290036,in_gene,0,2,74682431
sorghum,cec,SORBI_3009G231700,S9_57170292,0.0001318249,downstream,8728,9,57170292
sorghum,cec,SORBI_3001G120300,S1_9342026,0.000140068,in_gene,0,1,9342026
sorghum,cec,SORBI_3001G265700,S1_50235151,0.0001432357,downstream,9351,1,50235151
sorghum,cec,SORBI_3001G374100,S1_66262864,0.0001572207,downstream,1673,1,66262864
sorghum,cec,SORBI_3001G433600,S1_71204593,0.0001575594,upstream,2185,1,71204593
sorghum,cec,SORBI_3001G282000,S1_55302309,0.0001669518,in_gene,0,1,55302309
sorghum,cec,SORBI_3001G082700,S1_6394684,0.0001728706,in_gene,0,1,6394684
sorghum,cec,SORBI_3004G205500,S4_55667711,0.0001743927,in_gene,0,4,55667711
sorghum,cec,SORBI_3001G365332,S1_65407701,0.0001837247,in_gene,0,1,65407701
sorghum,cec,SORBI_3003G165101,S3_21931637,0.0001877113,upstream,21046,3,21931637
sorghum,cec,SORBI_3004G111400,S4_10969959,0.0001919515,in_gene,0,4,10969959
sorghum,cec,SORBI_3009G065300,S9_6987584,0.0001985547,upstream,18893,9,6987584
sorghum,cec,SORBI_3004G286800,S4_62911779,0.0001993779,upstream,1855,4,62911779
sorghum,cec,SORBI_3001G054900,S1_4114359,0.0002281013,upstream,865,1,4114359
sorghum,cec,SORBI_3010G000800,S10_69772,0.00024053,in_gene,0,10,69772
sorghum,cec,SORBI_3002G080400,S2_8458980,0.0002427672,upstream,2319,2,8458980
sorghum,cec,SORBI_3010G102150,S10_9509570,0.000247889,upstream,5712,10,9509570
sorghum,cec,SORBI_3005G104700,S5_18849783,0.0002541139,downstream,22793,5,18849783
sorghum,cec,SORBI_3010G124166,S10_14832872,0.0002668919,downstream,5504,10,14832872
sorghum,cec,SORBI_3010G117450,S10_12900972,0.0002793865,downstream,17155,10,12900972
sorghum,cec,SORBI_3001G119000,S1_9265188,0.0002879889,upstream,4534,1,9265188
sorghum,cec,SORBI_3004G139700,S4_40222398,0.0002949705,upstream,812,4,40222398
sorghum,cec,SORBI_3004G151900,S4_48045916,0.0002983421,upstream,342,4,48045916
sorghum,cec,SORBI_3010G134300,S10_19555745,0.0003044444,downstream,8798,10,19555745
sorghum,cec,SORBI_3001G286800,S1_56221821,0.0003255656,upstream,1562,1,56221821
sorghum,cec,SORBI_3001G127500,S1_10012378,0.0003336025,in_gene,0,1,10012378
sorghum,cec,SORBI_3008G019350,S8_1625362,0.0003385116,upstream,23241,8,1625362
sorghum,cec,SORBI_3007G020800,S7_1977082,0.0003435398,upstream,2547,7,1977082
sorghum,cec,SORBI_3001G168800,S1_14052405,0.0003437902,upstream,3202,1,14052405
sorghum,cec,SORBI_3001G062900,S1_4706887,0.0003689858,in_gene,0,1,4706887
sorghum,cec,SORBI_3006G115600,S6_48343399,0.000375339,downstream,5166,6,48343399
sorghum,cec,SORBI_3006G115600,S6_48343400,0.0003833177,downstream,5167,6,48343400
sorghum,cec,SORBI_3001G062900,S1_4706989,0.0003903343,in_gene,0,1,4706989
sorghum,cec,SORBI_3001G062900,S1_4707013,0.0003903343,downstream,24,1,4707013
sorghum,cec,SORBI_3004G001400,S4_124257,0.0004061602,in_gene,0,4,124257
sorghum,cec,SORBI_3001G207633,S1_18989392,0.0004078846,upstream,3297,1,18989392
sorghum,cec,SORBI_3004G023300,S4_1903229,0.0004276821,upstream,2230,4,1903229
sorghum,cec,SORBI_3006G157700,S6_51647251,0.0004480593,upstream,164,6,51647251
sorghum,cec,SORBI_3001G363500,S1_65288074,0.0004487501,in_gene,0,1,65288074
sorghum,cec,SORBI_3001G286800,S1_56221839,0.0004808572,upstream,1544,1,56221839
sorghum,cec,SORBI_3001G256700,S1_29937747,0.000492224,upstream,7887,1,29937747
sorghum,cec,SORBI_3007G093500,S7_16798242,0.0005019312,downstream,22673,7,16798242
sorghum,cec,SORBI_3002G269600,S2_65329080,0.0005032973,in_gene,0,2,65329080
sorghum,cec,SORBI_3006G131400,S6_49566405,0.0005122012,in_gene,0,6,49566405
sorghum,cec,SORBI_3006G131400,S6_49566408,0.0005122012,in_gene,0,6,49566408
sorghum,cec,SORBI_3003G309700,S3_63812357,0.0005176775,downstream,2121,3,63812357
sorghum,cec,SORBI_3010G108600,S10_10818628,0.0005219189,downstream,15025,10,10818628
sorghum,cec,SORBI_3006G253400,S6_59116972,0.0005330852,upstream,139,6,59116972
sorghum,cec,SORBI_3001G081400,S1_6297968,0.0005386799,downstream,2731,1,6297968
sorghum,cec,SORBI_3001G054900,S1_4115463,0.0005387282,in_gene,0,1,4115463
sorghum,cec,SORBI_3004G174200,S4_52677103,0.0005414759,in_gene,0,4,52677103
sorghum,cec,SORBI_3007G135400,S7_56071014,0.0005560679,in_gene,0,7,56071014
sorghum,cec,SORBI_3009G070000,S9_8179105,0.0005604793,upstream,5395,9,8179105
sorghum,cec,SORBI_3001G280900,S1_55055125,0.0005689112,in_gene,0,1,55055125
sorghum,cec,SORBI_3010G118600,S10_13099248,0.0005744685,downstream,5341,10,13099248
sorghum,cec,SORBI_3010G241100,S10_58277971,0.0006240345,downstream,702,10,58277971
sorghum,cec,SORBI_3006G114500,S6_48234407,0.0006292412,downstream,5585,6,48234407
sorghum,cec,SORBI_3007G190000,S7_62283946,0.0006558691,in_gene,0,7,62283946
sorghum,cec,SORBI_3001G278700,S1_54358709,0.0006837962,downstream,14637,1,54358709
sorghum,cec,SORBI_3001G305300,S1_58917264,0.0006888229,upstream,759,1,58917264
sorghum,cec,SORBI_3005G076650,S5_9463298,0.00069416,upstream,12936,5,9463298
sorghum,cec,SORBI_3002G099932,S2_11051466,0.0006949942,downstream,2647,2,11051466
sorghum,cec,SORBI_3002G099932,S2_11051483,0.0006949942,downstream,2664,2,11051483
sorghum,cec,SORBI_3002G099932,S2_11051484,0.0006949942,downstream,2665,2,11051484
sorghum,cec,SORBI_3003G131800,S3_12363038,0.000697181,upstream,11674,3,12363038
sorghum,cec,SORBI_3005G102200,S5_17738140,0.0007312915,upstream,14730,5,17738140
sorghum,cec,SORBI_3001G433600,S1_71205466,0.000736038,upstream,1312,1,71205466
sorghum,cec,SORBI_3010G001200,S10_115533,0.0007455135,in_gene,0,10,115533
sorghum,cec,SORBI_3009G164900,S9_52095204,0.0007488133,in_gene,0,9,52095204
sorghum,cec,SORBI_3001G062900,S1_4706397,0.000750235,in_gene,0,1,4706397
sorghum,cec,SORBI_3003G134800,S3_12712966,0.0007585943,in_gene,0,3,12712966
sorghum,cec,SORBI_3007G090800,S7_14400419,0.0007607287,downstream,8414,7,14400419
sorghum,cec,SORBI_3010G059700,S10_4681733,0.000761635,in_gene,0,10,4681733
sorghum,cec,SORBI_3006G141300,S6_50354242,0.000767082,in_gene,0,6,50354242
sorghum,cec,SORBI_3008G009700,S8_789408,0.00078843,downstream,939,8,789408
sorghum,cec,SORBI_3004G201300,S4_55309273,0.0008046707,downstream,6915,4,55309273
sorghum,cec,SORBI_3003G254800,S3_59312847,0.0008241609,upstream,423,3,59312847
sorghum,cec,SORBI_3001G161800,S1_13323048,0.0008245544,in_gene,0,1,13323048
sorghum,cec,SORBI_3001G398800,S1_68461381,0.0008358724,downstream,1397,1,68461381
sorghum,cec,SORBI_3003G065300,S3_5604233,0.0008536025,downstream,533,3,5604233
sorghum,cec,SORBI_3009G125400,S9_47847918,0.0008681395,upstream,605,9,47847918
sorghum,cec,SORBI_3010G047700,S10_3703426,0.0008704381,downstream,486,10,3703426
sorghum,cec,SORBI_3003G201100,S3_52998452,0.0008712514,downstream,445,3,52998452
sorghum,cec,SORBI_3005G103050,S5_18188172,0.0008751362,downstream,2273,5,18188172
sorghum,cec,SORBI_3005G103050,S5_18188160,0.0008751362,downstream,2261,5,18188160
sorghum,cec,SORBI_3002G164700,S2_51240540,0.000883681,upstream,505,2,51240540
sorghum,cec,SORBI_3005G076301,S5_9396545,0.0009049693,in_gene,0,5,9396545
sorghum,cec,SORBI_3003G134800,S3_12712957,0.0009062455,in_gene,0,3,12712957
sorghum,cec,SORBI_3003G134800,S3_12712959,0.0009062455,in_gene,0,3,12712959
sorghum,cec,SORBI_3004G336300,S4_66823007,0.0009112336,in_gene,0,4,66823007
sorghum,cec,SORBI_3006G221850,S6_56848712,0.0009245975,downstream,492,6,56848712
sorghum,cec,SORBI_3009G009000,S9_842724,0.0009681808,downstream,462,9,842724
sorghum,cec,SORBI_3003G350200,S3_66990458,0.0009799127,downstream,83,3,66990458
sorghum,cec,SORBI_3002G210300,S2_60323816,0.0009982224,upstream,456,2,60323816
sorghum,cec,SORBI_3010G059700,S10_4681666,0.001005485,in_gene,0,10,4681666
sorghum,cec,SORBI_3004G050800,S4_4086424,0.001010457,in_gene,0,4,4086424
sorghum,cec,SORBI_3006G120400,S6_48700276,0.001014352,in_gene,0,6,48700276
sorghum,cec,SORBI_3003G375800,S3_69039253,0.001028662,upstream,2429,3,69039253
sorghum,cec,SORBI_3007G141460,S7_57104835,0.00102934,downstream,3412,7,57104835
sorghum,cec,SORBI_3001G382200,S1_67007943,0.001043281,in_gene,0,1,67007943
sorghum,cec,SORBI_3005G102200,S5_17738156,0.001059235,upstream,14714,5,17738156
sorghum,cec,SORBI_3010G000200,S10_17546,0.0010764,in_gene,0,10,17546
sorghum,cec,SORBI_3004G161301,S4_50937464,0.00110141,upstream,23570,4,50937464
sorghum,cec,SORBI_3003G306700,S3_63598880,0.001102398,in_gene,0,3,63598880
sorghum,cec,SORBI_3004G062000,S4_4997888,0.001111563,in_gene,0,4,4997888
sorghum,cec,SORBI_3004G101300,S4_9342798,0.001136266,downstream,20086,4,9342798
sorghum,cec,SORBI_3004G120233,S4_13071130,0.001144707,upstream,1721,4,13071130
sorghum,cec,SORBI_3001G155300,S1_12559112,0.001155464,upstream,2283,1,12559112
sorghum,cec,SORBI_3007G090300,S7_12941338,0.001173986,downstream,928,7,12941338
sorghum,cec,SORBI_3007G090900,S7_14464713,0.001181253,downstream,3511,7,14464713
sorghum,cec,SORBI_3002G140100,S2_22456331,0.001194032,in_gene,0,2,22456331
sorghum,cec,SORBI_3005G134301,S5_58119311,0.001195811,downstream,7060,5,58119311
sorghum,cec,SORBI_3002G323400,S2_69459706,0.001230819,upstream,1340,2,69459706
sorghum,cec,SORBI_3001G393300,S1_67970223,0.001239665,in_gene,0,1,67970223
sorghum,cec,SORBI_3002G184450,S2_56814872,0.001242025,upstream,11240,2,56814872
sorghum,cec,SORBI_3002G184450,S2_56814892,0.001242025,upstream,11220,2,56814892
sorghum,cec,SORBI_3001G260400,S1_31628467,0.001242177,upstream,16594,1,31628467
sorghum,cec,SORBI_3003G148700,S3_15611615,0.001245815,in_gene,0,3,15611615
sorghum,cec,SORBI_3001G334100,S1_62271348,0.001259521,in_gene,0,1,62271348
sorghum,cec,SORBI_3004G142800,S4_42399784,0.001281819,upstream,16450,4,42399784
sorghum,cec,SORBI_3008G063100,S8_6798320,0.001295075,in_gene,0,8,6798320
sorghum,cec,SORBI_3004G216400,S4_56610194,0.001312089,downstream,264,4,56610194
sorghum,cec,SORBI_3001G366200,S1_65490435,0.001316341,in_gene,0,1,65490435
sorghum,cec,SORBI_3001G155300,S1_12566414,0.001331298,downstream,3184,1,12566414
sorghum,cec,SORBI_3002G144732,S2_27014727,0.001332813,upstream,11458,2,27014727
sorghum,cec,SORBI_3004G190100,S4_54211453,0.001332926,in_gene,0,4,54211453
sorghum,cec,SORBI_3001G305300,S1_58917319,0.001334134,upstream,704,1,58917319
sorghum,cec,SORBI_3006G089350,S6_45898537,0.001342259,in_gene,0,6,45898537
sorghum,cec,SORBI_3001G155300,S1_12566407,0.001350213,downstream,3177,1,12566407
sorghum,cec,SORBI_3002G394700,S2_74735129,0.001368028,upstream,216,2,74735129
sorghum,cec,SORBI_3007G103100,S7_28598846,0.00138608,downstream,10108,7,28598846
sorghum,cec,SORBI_3005G077933,S5_9796281,0.001401099,downstream,17602,5,9796281
sorghum,cec,SORBI_3004G338701,S4_67065680,0.001407785,downstream,7513,4,67065680
sorghum,cec,SORBI_3009G066300,S9_7257203,0.001411758,upstream,11699,9,7257203
sorghum,cec,SORBI_3001G308200,S1_59365436,0.00141551,in_gene,0,1,59365436
sorghum,cec,SORBI_3003G015500,S3_1411651,0.001441707,downstream,1735,3,1411651
sorghum,cec,SORBI_3003G015500,S3_1411660,0.001441707,downstream,1744,3,1411660
sorghum,cec,SORBI_3001G342600,S1_62989352,0.001450328,upstream,303,1,62989352
sorghum,cec,SORBI_3002G136500,S2_20681007,0.001452273,upstream,13135,2,20681007
sorghum,cec,SORBI_3001G062500,S1_4669727,0.001460742,downstream,775,1,4669727
sorghum,cec,SORBI_3001G386800,S1_67434566,0.001466726,in_gene,0,1,67434566
sorghum,cec,SORBI_3003G379900,S3_69377671,0.001467198,in_gene,0,3,69377671
sorghum,cec,SORBI_3003G420300,S3_72537663,0.001474633,in_gene,0,3,72537663
sorghum,cec,SORBI_3002G085700,S2_9096218,0.001475491,upstream,3248,2,9096218
sorghum,cec,SORBI_3001G261597,S1_40639545,0.001504507,downstream,24042,1,40639545
sorghum,cec,SORBI_3001G389100,S1_67576516,0.001506177,in_gene,0,1,67576516
sorghum,cec,SORBI_3010G092550,S10_8192352,0.001511204,downstream,1723,10,8192352
sorghum,cec,SORBI_3004G025200,S4_2033948,0.001515574,in_gene,0,4,2033948
sorghum,cec,SORBI_3001G068400,S1_5237486,0.001518389,downstream,723,1,5237486
sorghum,cec,SORBI_3010G189100,S10_52953786,0.001521408,upstream,6569,10,52953786
sorghum,cec,SORBI_3001G433600,S1_71206767,0.001522652,upstream,11,1,71206767
sorghum,cec,SORBI_3003G341500,S3_66421859,0.001547076,in_gene,0,3,66421859
sorghum,cec,SORBI_3002G321100,S2_69273155,0.00157838,in_gene,0,2,69273155
sorghum,cec,SORBI_3002G270900,S2_65448549,0.00158871,in_gene,0,2,65448549
sorghum,cec,SORBI_3002G270900,S2_65448550,0.00158871,in_gene,0,2,65448550
sorghum,cec,SORBI_3007G200000,S7_63078847,0.001603458,upstream,3460,7,63078847
sorghum,cec,SORBI_3003G102100,S3_9057406,0.001604648,in_gene,0,3,9057406
sorghum,cec,SORBI_3004G147600,S4_46340984,0.001607415,upstream,13359,4,46340984
sorghum,cec,SORBI_3001G435600,S1_71393957,0.001624739,upstream,1647,1,71393957
sorghum,cec,SORBI_3005G077933,S5_9777088,0.001630573,in_gene,0,5,9777088
sorghum,cec,SORBI_3001G026700,S1_2082926,0.001630892,in_gene,0,1,2082926
sorghum,cec,SORBI_3007G200000,S7_63078875,0.001646543,upstream,3432,7,63078875
sorghum,cec,SORBI_3004G125300,S4_14598630,0.001674771,downstream,1539,4,14598630
sorghum,cec,SORBI_3003G142500,S3_14161565,0.001700114,downstream,794,3,14161565
sorghum,cec,SORBI_3003G329500,S3_65466285,0.001700497,in_gene,0,3,65466285
sorghum,cec,SORBI_3004G274700,S4_61817390,0.001712468,upstream,455,4,61817390
sorghum,cec,SORBI_3001G382200,S1_67008595,0.001717339,downstream,11,1,67008595
sorghum,cec,SORBI_3005G141600,S5_60250464,0.001737152,upstream,3985,5,60250464
sorghum,cec,SORBI_3010G001100,S10_113148,0.001760593,in_gene,0,10,113148
sorghum,cec,SORBI_3002G021900,S2_2003730,0.001762901,upstream,1431,2,2003730
sorghum,cec,SORBI_3003G035700,S3_3264954,0.001773064,in_gene,0,3,3264954
sorghum,cec,SORBI_3002G237900,S2_62828382,0.001804934,in_gene,0,2,62828382
sorghum,cec,SORBI_3003G317600,S3_64528149,0.00181161,in_gene,0,3,64528149
sorghum,cec,SORBI_3004G144500,S4_43961656,0.001814076,in_gene,0,4,43961656
sorghum,cec,SORBI_3010G220600,S10_56275474,0.001833829,upstream,172,10,56275474
sorghum,cec,SORBI_3006G249000,S6_58815895,0.001849884,in_gene,0,6,58815895
sorghum,cec,SORBI_3010G033100,S10_2623410,0.001853807,downstream,740,10,2623410
sorghum,cec,SORBI_3005G051200,S5_4932458,0.001859406,downstream,6031,5,4932458
sorghum,cec,SORBI_3010G000900,S10_84161,0.001860429,in_gene,0,10,84161
sorghum,cec,SORBI_3006G166400,S6_52395552,0.001877021,upstream,10020,6,52395552
sorghum,cec,SORBI_3004G161200,S4_50931213,0.001881725,downstream,19297,4,50931213
sorghum,cec,SORBI_3001G054700,S1_4081728,0.001912947,downstream,1250,1,4081728
sorghum,cec,SORBI_3003G052100,S3_4694513,0.001920228,in_gene,0,3,4694513
sorghum,cec,SORBI_3001G055400,S1_4144741,0.00192092,upstream,259,1,4144741
sorghum,cec,SORBI_3010G108001,S10_10682412,0.001925105,in_gene,0,10,10682412
sorghum,cec,SORBI_3001G377900,S1_66591733,0.00193387,in_gene,0,1,66591733
sorghum,cec,SORBI_3001G249200,S1_26861125,0.001940074,downstream,1334,1,26861125
sorghum,cec,SORBI_3003G352500,S3_67143983,0.001941406,in_gene,0,3,67143983
sorghum,cec,SORBI_3003G384300,S3_69707917,0.001968763,in_gene,0,3,69707917
sorghum,cec,SORBI_3004G076400,S4_6242059,0.001985866,downstream,4854,4,6242059
sorghum,cec,SORBI_3009G141700,S9_49896763,0.001998579,upstream,921,9,49896763
sorghum,cec,SORBI_3010G033100,S10_2623434,0.002021902,downstream,764,10,2623434
sorghum,cec,SORBI_3003G374100,S3_68918341,0.002026666,upstream,1722,3,68918341
sorghum,cec,SORBI_3010G094400,S10_8425536,0.002037738,downstream,1239,10,8425536
sorghum,cec,SORBI_3008G097900,S8_46468426,0.002047064,downstream,2216,8,46468426
sorghum,cec,SORBI_3009G208400,S9_55571378,0.002050105,upstream,2292,9,55571378
sorghum,cec,SORBI_3008G050800,S8_5043214,0.002058935,upstream,8409,8,5043214
sorghum,cec,SORBI_3004G145550,S4_44828899,0.002090059,upstream,6017,4,44828899
sorghum,cec,SORBI_3001G318900,S1_60705626,0.002091325,downstream,1894,1,60705626
sorghum,cec,SORBI_3007G132100,S7_55181986,0.002108942,downstream,12011,7,55181986
sorghum,cec,SORBI_3004G009600,S4_827879,0.002116032,in_gene,0,4,827879
sorghum,cec,SORBI_3007G144100,S7_57391959,0.002118386,upstream,3486,7,57391959
sorghum,cec,SORBI_3003G173800,S3_40594502,0.002121559,downstream,2288,3,40594502
sorghum,cec,SORBI_3001G054700,S1_4081718,0.002125543,downstream,1240,1,4081718
sorghum,cec,SORBI_3001G308300,S1_59381356,0.002143921,upstream,3347,1,59381356
sorghum,cec,SORBI_3009G222600,S9_56534192,0.002226068,in_gene,0,9,56534192
sorghum,cec,SORBI_3007G091100,S7_14791566,0.002226347,downstream,11055,7,14791566
sorghum,cec,SORBI_3009G114400,S9_45533997,0.002226993,downstream,6549,9,45533997
sorghum,cec,SORBI_3004G003000,S4_224867,0.002228543,in_gene,0,4,224867
sorghum,cec,SORBI_3009G224300,S9_56646367,0.002241913,in_gene,0,9,56646367
sorghum,cec,SORBI_3006G131600,S6_49593238,0.002242343,upstream,556,6,49593238
sorghum,cec,SORBI_3007G143250,S7_57313029,0.002263349,upstream,1812,7,57313029
sorghum,cec,SORBI_3001G062900,S1_4706968,0.002273903,in_gene,0,1,4706968
sorghum,cec,SORBI_3007G090300,S7_12941341,0.002274717,downstream,931,7,12941341
sorghum,cec,SORBI_3002G053350,S2_5060529,0.002302421,upstream,1350,2,5060529
sorghum,cec,SORBI_3006G221600,S6_56829045,0.002314074,in_gene,0,6,56829045
sorghum,cec,SORBI_3002G085700,S2_9094364,0.002314933,upstream,5102,2,9094364
sorghum,cec,SORBI_3009G130600,S9_48401205,0.002339336,upstream,2775,9,48401205
sorghum,cec,SORBI_3005G063600,S5_6971770,0.002344376,in_gene,0,5,6971770
sorghum,cec,SORBI_3006G013500,S6_1917465,0.0023483,in_gene,0,6,1917465
sorghum,cec,SORBI_3003G428400,S3_73187177,0.002350855,in_gene,0,3,73187177
sorghum,cec,SORBI_3001G281700,S1_55285244,0.002351812,upstream,7152,1,55285244
sorghum,cec,SORBI_3004G319800,S4_65481051,0.002354896,in_gene,0,4,65481051
sorghum,cec,SORBI_3009G206900,S9_55467780,0.002363991,in_gene,0,9,55467780
sorghum,cec,SORBI_3004G022800,S4_1781035,0.002366328,downstream,2062,4,1781035
sorghum,cec,SORBI_3009G134900,S9_48972736,0.002388365,in_gene,0,9,48972736
sorghum,cec,SORBI_3003G318300,S3_64606553,0.002391958,downstream,549,3,64606553
sorghum,cec,SORBI_3002G139750,S2_22221398,0.002421897,downstream,18290,2,22221398
sorghum,cec,SORBI_3010G204900,S10_54731448,0.002432144,in_gene,0,10,54731448
sorghum,cec,SORBI_3001G121500,S1_9474503,0.002446667,downstream,4653,1,9474503
sorghum,cec,SORBI_3001G054700,S1_4081624,0.002452862,downstream,1146,1,4081624
sorghum,cec,SORBI_3002G267400,S2_65185404,0.002471299,downstream,4520,2,65185404
sorghum,cec,SORBI_3003G052100,S3_4694937,0.002484813,downstream,211,3,4694937
sorghum,cec,SORBI_3003G052100,S3_4694972,0.002484813,downstream,246,3,4694972
sorghum,cec,SORBI_3009G238500,S9_57642540,0.002518084,downstream,1194,9,57642540
sorghum,cec,SORBI_3004G042000,S4_3451925,0.002550674,downstream,1834,4,3451925
sorghum,cec,SORBI_3004G144433,S4_43861434,0.002556171,downstream,17345,4,43861434
sorghum,cec,SORBI_3004G307900,S4_64565328,0.002573731,in_gene,0,4,64565328
sorghum,cec,SORBI_3008G084200,S8_16097012,0.002576582,upstream,6136,8,16097012
sorghum,cec,SORBI_3005G047300,S5_4487433,0.002578045,in_gene,0,5,4487433
sorghum,cec,SORBI_3001G398500,S1_68436209,0.002578376,downstream,930,1,68436209
sorghum,cec,SORBI_3001G178900,S1_15143934,0.002578689,upstream,8177,1,15143934
sorghum,cec,SORBI_3004G219800,S4_56961832,0.002581245,upstream,2203,4,56961832
sorghum,cec,SORBI_3004G144050,S4_43609960,0.002583624,downstream,21568,4,43609960
sorghum,cec,SORBI_3008G019350,S8_1629913,0.002611097,upstream,18690,8,1629913
sorghum,cec,SORBI_3003G245401,S3_58449849,0.002618151,downstream,5861,3,58449849
sorghum,cec,SORBI_3002G357700,S2_72007989,0.002619708,in_gene,0,2,72007989
sorghum,cec,SORBI_3003G319600,S3_64724933,0.002635072,downstream,7115,3,64724933
