,AT_PC1,AT_PC2,AT_PC3,AT_ph,AT_cec,AT_maprecip,AT_matemp,AT_am_roots_colonized,AT_am_rel_abundance_colonization,T_soilN
88,-1.628343453,1.59239929,-1.50320777,63,287,674,11.82916641,NA,NA,539
108,-5.114514384,-0.024134051,-0.53828149,61,285,1078,11.10000038,NA,NA,516
139,-5.114514384,-0.024134051,-0.53828149,61,285,1078,11.10000038,NA,NA,516
159,-1.752342906,-0.848116561,-0.994354263,63,321,833,9.324999809,0.259354115,0.61393708,788
265,-3.855294212,1.551423926,0.425032897,NA,NA,946,12.96249962,NA,NA,NA
350,-0.951273401,-0.031762731,0.023947604,60,348,789,10.72083282,0.259354115,0.61393708,551
351,-0.951273401,-0.031762731,0.023947604,60,348,789,10.72083282,0.259354115,0.61393708,551
403,1.454573012,-0.310823428,-0.584246282,58,258,540,7.804166794,0.108668901,0.595904589,605
410,1.421670975,-0.239276643,-0.657666545,54,263,559,7.941666603,0.108668901,0.595904589,653
424,1.454573012,-0.310823428,-0.584246282,64,277,559,7.395833492,0.108668901,0.595904589,556
428,1.454573012,-0.310823428,-0.584246282,66,260,562,7.345833302,0.108668901,0.595904589,669
430,0.244960264,-0.777332734,2.021846672,NA,NA,846,9.041666985,NA,NA,NA
470,1.775761181,-0.680667047,4.042834367,66,243,974,10.16666698,NA,NA,895
476,1.775761181,-0.680667047,4.042834367,66,243,974,10.16666698,NA,NA,895
484,1.775761181,-0.680667047,4.042834367,66,243,974,10.16666698,NA,NA,895
504,1.775761181,-0.680667047,4.042834367,66,243,974,10.16666698,NA,NA,895
506,1.775761181,-0.680667047,4.042834367,66,243,974,10.16666698,NA,NA,895
531,1.775761181,-0.680667047,4.042834367,66,243,974,10.16666698,NA,NA,895
544,-1.878678299,-1.432686238,2.654220533,NA,NA,1098,11.1833334,NA,NA,NA
546,-1.878678299,-1.432686238,2.654220533,NA,NA,1098,11.1833334,NA,NA,NA
628,-1.938931673,-1.209635472,2.09565589,46,374,1069,11.14583302,NA,NA,975
630,-1.938931673,-1.209635472,2.09565589,46,374,1069,11.14583302,NA,NA,975
680,-1.887394016,-1.420761916,2.609733734,48,313,1104,10.89999962,NA,NA,855
681,-1.887394016,-1.420761916,2.609733734,48,313,1104,10.89999962,NA,NA,855
685,-1.830989335,-1.359623793,2.622366373,52,324,1093,10.97083282,NA,NA,827
687,-1.830989335,-1.359623793,2.622366373,52,324,1093,10.97083282,NA,NA,827
728,-1.830989335,-1.359623793,2.622366373,49,300,1093,11.11250019,NA,NA,854
742,-1.830989335,-1.359623793,2.622366373,49,300,1093,11.11250019,NA,NA,854
763,6.493240387,-4.733204434,-0.229379713,67,314,527,-2.995833397,0.456777394,0.19788456,438
765,5.85667157,-4.784949697,0.274609976,64,297,592,-2.391666651,0.456777394,0.19788456,652
766,4.945306418,-4.777963968,-0.312452176,64,258,543,-4.283333302,0.149683997,0.484620661,508
768,5.422631675,-2.587437756,-1.121537384,71,231,397,0.716666698,0.149683997,0.484620661,474
772,5.613157747,-0.595208103,-2.203648841,75,248,289,1.625,0.155291706,0.378976703,443
801,-1.524302429,-0.520714943,4.771873013,60,233,1169,12.5583334,0.01173896,NA,434
853,1.145667937,-1.330261699,3.310543801,62,230,978,9.583333015,NA,NA,635
854,1.145667937,-1.330261699,3.310543801,62,230,978,9.583333015,NA,NA,635
867,1.219642081,-1.282212241,3.516532959,60,228,985,9.583333015,NA,NA,998
868,1.219642081,-1.282212241,3.516532959,60,228,985,9.583333015,NA,NA,998
870,1.219642081,-1.282212241,3.516532959,60,228,985,9.583333015,NA,NA,998
915,-2.057465244,-2.066318719,3.522213112,49,444,1208,9.708333015,NA,NA,1634
932,-1.581770454,-1.657800724,3.091072103,NA,NA,1143,10.20833302,NA,NA,NA
991,-0.334953931,-0.55630426,-2.056020988,66,301,622,NA,NA,NA,690
992,-0.334953931,-0.55630426,-2.056020988,66,301,622,NA,NA,NA,690
997,-0.334953931,-0.55630426,-2.056020988,66,301,622,NA,NA,NA,690
1002,-0.334953931,-0.55630426,-2.056020988,66,301,622,NA,NA,NA,690
1006,-0.334953931,-0.55630426,-2.056020988,66,301,622,NA,NA,NA,690
1061,-0.69112451,-1.474807475,-1.98960835,61,279,704,7.579166889,0.116110101,0.607760668,579
1062,-0.69112451,-1.474807475,-1.98960835,61,279,704,7.579166889,0.116110101,0.607760668,579
1063,-0.69112451,-1.474807475,-1.98960835,61,279,704,7.579166889,0.116110101,0.607760668,579
1066,-0.69112451,-1.474807475,-1.98960835,61,279,704,7.579166889,0.116110101,0.607760668,579
1070,-0.69112451,-1.474807475,-1.98960835,61,279,704,7.579166889,0.116110101,0.607760668,579
1158,1.113422276,-0.572058695,-2.102478014,60,355,514,7.070833206,NA,NA,876
1166,1.113422276,-0.572058695,-2.102478014,60,355,514,7.070833206,NA,NA,876
1254,1.972801432,-0.789396607,-1.473607591,53,377,526,6.279166698,NA,NA,835
1257,1.972801432,-0.789396607,-1.473607591,53,377,526,6.279166698,NA,NA,835
1313,2.022804581,-0.809882303,-1.245073641,53,366,544,6.208333492,NA,NA,899
1317,2.022804581,-0.809882303,-1.245073641,53,366,544,6.208333492,NA,NA,899
1552,1.257068627,-2.70106315,-1.30820902,45,402,709,3.033333302,NA,NA,939
1612,1.152184718,-1.219579722,2.949899601,NA,NA,968,9.516666412,NA,NA,NA
1622,1.152184718,-1.219579722,2.949899601,NA,NA,968,9.516666412,NA,NA,NA
1651,1.477687668,-1.060441413,1.818472616,NA,NA,823,8.037500381,NA,NA,NA
1652,1.477687668,-1.060441413,1.818472616,NA,NA,823,8.037500381,NA,NA,NA
1676,1.152184718,-1.219579722,2.949899601,NA,NA,968,9.508333206,NA,NA,NA
1684,1.152184718,-1.219579722,2.949899601,NA,NA,968,9.508333206,NA,NA,NA
1739,1.852600715,-0.883356679,3.224328015,60,187,899,8.891666412,NA,NA,791
1741,1.852600715,-0.883356679,3.224328015,60,187,899,8.891666412,NA,NA,791
1756,1.026600744,-1.035525933,2.269295446,55,211,936,9.458333015,NA,NA,795
1757,1.026600744,-1.035525933,2.269295446,55,211,936,9.458333015,NA,NA,795
1793,0.739755766,-1.16205607,2.481657049,57,264,978,9.425000191,NA,NA,791
1797,0.739755766,-1.16205607,2.481657049,57,264,978,9.425000191,NA,NA,791
1819,1.145667937,-1.330261699,3.310543801,62,230,978,9.583333015,NA,NA,635
1820,1.145667937,-1.330261699,3.310543801,62,230,978,9.583333015,NA,NA,635
1829,0.860454431,-1.106424525,2.359853388,NA,NA,945,9.545833588,NA,NA,NA
1834,0.860454431,-1.106424525,2.359853388,NA,NA,945,9.545833588,NA,NA,NA
1835,0.860454431,-1.106424525,2.359853388,NA,NA,945,9.545833588,NA,NA,NA
1851,1.785039171,-1.159920913,2.524069967,51,206,862,7.595833302,0.01008306,NA,705
1852,1.785039171,-1.159920913,2.524069967,51,206,862,7.595833302,0.01008306,NA,705
1853,1.785039171,-1.159920913,2.524069967,51,206,862,7.595833302,0.01008306,NA,705
1872,1.785039171,-1.159920913,2.524069967,51,206,862,7.595833302,0.01008306,NA,705
1890,1.785039171,-1.159920913,2.524069967,48,173,852,7.849999905,0.01008306,NA,550
1925,1.785039171,-1.159920913,2.524069967,48,220,852,7.800000191,0.01008306,NA,637
1942,1.785039171,-1.159920913,2.524069967,48,220,852,7.800000191,0.01008306,NA,637
1943,1.785039171,-1.159920913,2.524069967,48,220,852,7.800000191,0.01008306,NA,637
1954,1.785039171,-1.159920913,2.524069967,46,153,852,7.787499905,0.01008306,NA,478
2016,1.785039171,-1.159920913,2.524069967,49,187,852,7.779166698,0.01008306,NA,631
2017,1.785039171,-1.159920913,2.524069967,49,187,852,7.779166698,0.01008306,NA,631
2031,1.233951782,-1.045988852,3.047292279,59,232,936,9.408333778,NA,NA,700
2053,1.233951782,-1.045988852,3.047292279,59,232,936,9.408333778,NA,NA,700
2057,1.233951782,-1.045988852,3.047292279,59,232,936,9.408333778,NA,NA,700
2081,1.097217602,-0.899065381,1.437631376,49,209,814,8.266666412,NA,NA,659
2091,1.097217602,-0.899065381,1.437631376,49,209,814,8.266666412,NA,NA,659
2106,1.715727399,-0.881345363,2.388470986,52,139,840,8.233333588,0.131016105,0.528501987,494
2108,1.715727399,-0.881345363,2.388470986,52,139,840,8.233333588,0.131016105,0.528501987,494
2141,1.715727399,-0.881345363,2.388470986,52,139,840,8.233333588,0.131016105,0.528501987,494
2159,1.233951782,-1.045988852,3.047292279,NA,NA,925,9.508333206,NA,NA,NA
2166,1.233951782,-1.045988852,3.047292279,NA,NA,925,9.508333206,NA,NA,NA
2171,1.233951782,-1.045988852,3.047292279,NA,NA,925,9.508333206,NA,NA,NA
2191,1.654595871,-1.256508178,2.184016564,54,216,851,7.741666794,0.131016105,0.528501987,606
2202,1.654595871,-1.256508178,2.184016564,54,216,851,7.741666794,0.131016105,0.528501987,606
2212,1.654595871,-1.256508178,2.184016564,54,216,851,7.741666794,0.131016105,0.528501987,606
2239,1.026600744,-1.035525933,2.269295446,56,217,936,9.362500191,NA,NA,773
2240,1.026600744,-1.035525933,2.269295446,56,217,936,9.362500191,NA,NA,773
2276,1.701067507,-1.225556076,2.264519922,NA,NA,841,7.841666698,NA,NA,NA
2278,1.701067507,-1.225556076,2.264519922,NA,NA,841,7.841666698,NA,NA,NA
2285,1.701067507,-1.225556076,2.264519922,NA,NA,841,7.841666698,NA,NA,NA
2286,1.701067507,-1.225556076,2.264519922,NA,NA,841,7.841666698,NA,NA,NA
2317,0.860454431,-1.106424525,2.359853388,NA,NA,960,9.600000381,NA,NA,NA
2370,1.152184718,-1.219579722,2.949899601,60,272,962,9.462499619,NA,NA,807
2412,1.152184718,-1.219579722,2.949899601,60,272,962,9.462499619,NA,NA,807
4779,-5.00826602,-1.023429643,-1.154395913,58,323,1031,10.36666679,NA,NA,704
4807,-5.00826602,-1.023429643,-1.154395913,58,323,1031,10.36666679,NA,NA,704
4826,-5.00826602,-1.023429643,-1.154395913,58,323,1031,10.36666679,NA,NA,704
4840,-5.00826602,-1.023429643,-1.154395913,58,323,1031,10.36666679,NA,NA,704
4857,-4.972733922,-0.71629355,-1.293978464,60,284,1016,10.67916679,NA,NA,680
4884,-4.972733922,-0.71629355,-1.293978464,60,284,1016,10.67916679,NA,NA,680
4900,-4.942847612,-0.762879401,-1.350699294,60,313,990,10.78333378,NA,NA,690
4939,-5.193881118,-1.075838832,-1.021291126,59,298,1041,10.32083321,0.217733696,0.714606822,678
4958,-5.056086441,-0.928293475,-0.929541931,58,298,1165,9.658333778,NA,NA,705
5023,-1.863415306,0.252525786,-2.284311132,62,327,641,10.32916641,NA,NA,658
5104,-1.863415306,0.252525786,-2.284311132,62,327,641,10.32916641,NA,NA,658
5151,-1.682608536,-0.0010395,-2.479286194,63,282,628,9.595832825,NA,NA,573
5165,-1.804935065,0.421718472,-2.307846893,59,299,636,10.07499981,NA,NA,639
5210,-2.312383329,0.391718274,-2.142990428,61,286,717,10.14166641,0.217733696,0.714606822,518
5236,-1.804935065,0.421718472,-2.307846893,63,295,660,10.19583321,NA,NA,566
5249,-2.312383329,0.391718274,-2.142990428,61,286,717,10.14166641,0.217733696,0.714606822,518
5253,-2.318677465,0.466700704,-1.925311571,64,283,720,9.891666412,0.217733696,0.714606822,600
5276,-1.681996361,0.223087231,-2.454054592,58,277,605,10.28333378,NA,NA,645
5279,-1.681996361,0.223087231,-2.454054592,58,277,605,10.28333378,NA,NA,645
5349,-2.684077993,0.240281359,-1.830789666,62,282,786,9.916666985,0.217733696,0.714606822,550
5353,-8.261488174,-4.970688884,2.451600831,43,455,1764,5.237500191,0.217733696,0.714606822,1484
5395,-8.261488174,-4.970688884,2.451600831,47,411,1729,8.133333206,0.217733696,0.714606822,1039
5486,-7.310537729,-4.272788806,1.300779005,54,340,1573,7.920833588,0.323936909,0.809260368,952
5577,-4.514409236,-1.558427562,-1.097458315,57,289,1191,8.625,NA,NA,831
5644,-8.261488174,-4.970688884,2.451600831,52,367,1712,7.950000286,0.217733696,0.714606822,937
5651,-8.261488174,-4.970688884,2.451600831,52,367,1712,7.950000286,0.217733696,0.714606822,937
5717,-7.310537729,-4.272788806,1.300779005,45,357,1657,7.866666794,0.323936909,0.809260368,1171
5718,-5.954279617,-4.236591618,0.260961034,46,362,1239,6.470833302,0.338503987,0.827512503,1292
5720,-3.947172412,-1.787247209,-1.383003602,57,298,1016,7.829166412,0.323936909,0.809260368,766
5726,-1.681996361,0.223087231,-2.454054592,58,277,605,10.28333378,NA,NA,645
5741,-8.186959096,-5.072170736,1.878294209,45,381,1910,6.641666889,NA,NA,1337
5748,-6.231263682,-2.570580068,0.269895115,45,375,1460,7.329166889,0.217283905,0.714606822,1690
5757,-6.685923486,-4.371015101,0.907735313,44,507,1458,6.070833206,0.112246901,0.771799564,1468
5768,-1.649704931,-0.150021308,-3.048752351,61,317,654,9.104166985,NA,NA,769
5772,-6.615424476,-3.95239352,1.005118797,54,346,1464,7.900000095,0.259354115,0.61393708,838
5776,-1.500403119,0.15577132,-2.841211344,NA,NA,615,9.699999809,NA,NA,NA
5779,-4.568581244,-1.231854626,-0.80813451,64,288,1020,10.57499981,0.217733696,0.714606822,551
5784,-9.003545407,-4.614931434,2.406989757,44,372,1699,8.395833015,0.182228103,0.615019619,1609
5798,-4.161803225,-1.750661787,-1.160039511,62,308,901,9.070833206,0.259354115,0.61393708,645
5800,-12.15257596,-6.692889409,5.486031564,44,436,2370,NA,0.217283905,0.714606822,1571
5811,-3.482648051,-1.041781969,-1.5866969,57,302,1016,8.283333778,0.259354115,0.61393708,718
5822,-11.4173236,-6.067279038,4.132987131,46,364,2226,8.916666985,NA,NA,1584
5830,0.199554303,-0.869900305,-2.588531664,64,317,591,7.295833588,NA,NA,758
5831,0.199554303,-0.869900305,-2.588531664,64,317,591,7.295833588,NA,NA,758
5832,0.199554303,-0.869900305,-2.588531664,64,317,591,7.295833588,NA,NA,758
5836,-0.996894777,-1.588967034,-1.627711279,62,239,752,7.579166889,0.116110101,0.607760668,583
5837,1.454573012,-0.310823428,-0.584246282,60,290,562,7.345833302,0.108668901,0.595904589,706
5856,2.74951788,-2.298170952,-0.790573157,47,471,645,2.470833302,0.1445999,0.836719394,864
5860,1.135017873,-2.788357338,-1.236865525,NA,NA,702,NA,0.1445999,0.836719394,NA
5865,-0.69112451,-1.474807475,-1.98960835,62,267,704,7.387499809,0.116110101,0.607760668,554
5867,-0.69112451,-1.474807475,-1.98960835,62,267,704,7.387499809,0.116110101,0.607760668,554
5874,1.454573012,-0.310823428,-0.584246282,64,277,559,7.395833492,0.108668901,0.595904589,556
5890,1.454573012,-0.310823428,-0.584246282,64,277,559,7.395833492,0.108668901,0.595904589,556
5893,1.454573012,-0.310823428,-0.584246282,64,277,559,7.395833492,0.108668901,0.595904589,556
5907,1.454573012,-0.310823428,-0.584246282,64,277,559,7.395833492,0.108668901,0.595904589,556
5921,1.454573012,-0.310823428,-0.584246282,64,277,559,7.395833492,0.108668901,0.595904589,556
5950,1.454573012,-0.310823428,-0.584246282,64,277,559,7.395833492,0.108668901,0.595904589,556
5984,1.454573012,-0.310823428,-0.584246282,64,277,559,7.395833492,0.108668901,0.595904589,556
5993,1.454573012,-0.310823428,-0.584246282,64,277,559,7.395833492,0.108668901,0.595904589,556
6008,1.69916006,0.590008092,-0.347196757,68,273,520,8.816666603,NA,NA,469
6009,1.130859361,-2.600495632,-1.111635761,45,394,717,3.420833349,NA,NA,870
6010,1.130859361,-2.600495632,-1.111635761,45,394,717,3.420833349,NA,NA,870
6011,1.130859361,-2.600495632,-1.111635761,45,394,717,3.420833349,NA,NA,870
6012,1.130859361,-2.600495632,-1.111635761,45,394,717,3.420833349,NA,NA,870
6013,1.130859361,-2.600495632,-1.111635761,45,394,717,3.420833349,NA,NA,870
6016,1.046234165,-2.535165999,-1.322789605,NA,NA,704,NA,NA,NA,NA
6017,1.046234165,-2.535165999,-1.322789605,NA,NA,704,NA,NA,NA,NA
6019,0.576258241,-0.512539011,-1.935494089,64,306,572,7.408333302,NA,NA,850
6020,0.576258241,-0.512539011,-1.935494089,64,306,572,7.408333302,NA,NA,850
6021,0.576258241,-0.512539011,-1.935494089,66,288,572,7.4375,NA,NA,697
6022,0.576258241,-0.512539011,-1.935494089,66,288,572,7.4375,NA,NA,697
6023,-0.377099302,-1.180117198,-1.786390083,NA,NA,694,7.941666603,NA,NA,NA
6024,-0.377099302,-1.180117198,-1.786390083,NA,NA,694,7.941666603,NA,NA,NA
6025,1.584173612,-2.678532387,-1.379755514,45,410,704,3.479166508,0.1445999,0.836719394,924
6030,0.910523761,-2.507867832,-1.33456046,NA,NA,707,3.9375,NA,NA,NA
6034,-0.877108776,-1.517470543,-1.582368622,45,265,777,6.991666794,0.116110101,0.607760668,688
6035,-0.877108776,-1.517470543,-1.582368622,45,265,777,6.991666794,0.116110101,0.607760668,688
6036,-0.877108776,-1.517470543,-1.582368622,53,283,777,7.104166508,0.116110101,0.607760668,653
6038,-0.877108776,-1.517470543,-1.582368622,53,283,777,7.104166508,0.116110101,0.607760668,653
6039,-0.877108776,-1.517470543,-1.582368622,NA,NA,777,7.154166698,0.116110101,0.607760668,NA
6040,-0.390893647,-1.288689392,-1.868596184,58,261,688,7.637499809,0.116110101,0.607760668,725
6041,0.418724085,-0.523973322,-2.358274489,62,360,560,7.595833302,NA,NA,981
6042,-0.351322916,-1.333786823,-1.734581369,43,248,744,7.050000191,0.116110101,0.607760668,556
6043,1.135017873,-2.788357338,-1.236865525,45,448,690,3.716666698,0.1445999,0.836719394,798
6046,1.135017873,-2.788357338,-1.236865525,45,448,690,3.716666698,0.1445999,0.836719394,798
6064,1.130859361,-2.600495632,-1.111635761,47,392,711,3.404166698,NA,NA,991
6069,1.130859361,-2.600495632,-1.111635761,47,392,711,3.404166698,NA,NA,991
6070,1.046234165,-2.535165999,-1.322789605,45,400,711,3.525000095,NA,NA,1005
6071,1.046234165,-2.535165999,-1.322789605,45,400,711,3.525000095,NA,NA,1005
6073,0.609239579,-0.375026297,-2.939061748,63,348,562,7.570833206,NA,NA,913
6074,0.560395415,-0.806035398,-2.527516872,56,335,547,7.324999809,NA,NA,929
6076,-0.377099302,-1.180117198,-1.786390083,63,283,694,7.858333111,NA,NA,871
6077,-0.377099302,-1.180117198,-1.786390083,63,283,694,7.858333111,NA,NA,871
6085,-0.079319424,-0.862683961,-2.030104443,NA,NA,642,8.162500381,NA,NA,NA
6086,-0.520703611,-2.081521332,-1.331524209,NA,NA,759,7.408333302,NA,NA,NA
6087,0.560395415,-0.806035398,-2.527516872,56,335,547,7.291666508,NA,NA,929
6088,0.560395415,-0.806035398,-2.527516872,56,335,547,7.291666508,NA,NA,929
6090,-0.008697024,-0.85162627,-2.195399019,65,308,606,8.333333015,NA,NA,872
6091,-0.008697024,-0.85162627,-2.195399019,65,317,606,8.345833778,NA,NA,564
6092,-0.008697024,-0.85162627,-2.195399019,65,308,606,8.333333015,NA,NA,872
6094,-0.008697024,-0.85162627,-2.195399019,NA,NA,606,8.316666603,NA,NA,NA
6095,-0.008697024,-0.85162627,-2.195399019,NA,NA,606,8.316666603,NA,NA,NA
6096,-0.008697024,-0.85162627,-2.195399019,NA,NA,606,8.316666603,NA,NA,NA
6097,-0.008697024,-0.85162627,-2.195399019,NA,NA,606,8.304166794,NA,NA,NA
6098,-0.008697024,-0.85162627,-2.195399019,65,317,606,8.333333015,NA,NA,564
6099,-0.008697024,-0.85162627,-2.195399019,65,308,606,8.333333015,NA,NA,872
6100,-0.008697024,-0.85162627,-2.195399019,NA,NA,606,8.316666603,NA,NA,NA
6101,-0.008697024,-0.85162627,-2.195399019,NA,NA,606,8.316666603,NA,NA,NA
6102,-0.008697024,-0.85162627,-2.195399019,NA,NA,606,8.316666603,NA,NA,NA
6104,-0.079319424,-0.862683961,-2.030104443,59,289,642,8.316666603,NA,NA,694
6105,0.199607796,-0.597874483,-2.267770384,NA,NA,652,8.141666412,NA,NA,NA
6106,0.199607796,-0.597874483,-2.267770384,NA,NA,652,8.141666412,NA,NA,NA
6107,0.199607796,-0.597874483,-2.267770384,NA,NA,652,8.137499809,NA,NA,NA
6108,0.199607796,-0.597874483,-2.267770384,59,264,652,8.125,NA,NA,613
6109,0.199607796,-0.597874483,-2.267770384,NA,NA,652,8.141666412,NA,NA,NA
6111,0.199607796,-0.597874483,-2.267770384,59,264,652,8.125,NA,NA,613
6112,0.199607796,-0.597874483,-2.267770384,64,286,652,8.154166222,NA,NA,531
6113,0.199607796,-0.597874483,-2.267770384,66,272,652,8.116666794,NA,NA,531
6114,0.199607796,-0.597874483,-2.267770384,67,279,652,8.129166603,NA,NA,640
6115,0.199607796,-0.597874483,-2.267770384,67,279,652,8.129166603,NA,NA,640
6118,-0.079319424,-0.862683961,-2.030104443,62,279,642,8.295833588,NA,NA,739
6119,-0.079319424,-0.862683961,-2.030104443,64,302,642,8.304166794,NA,NA,764
6122,-0.920783629,-1.597318429,-1.628507847,NA,NA,713,7.829166889,0.116110101,0.607760668,NA
6123,-0.920783629,-1.597318429,-1.628507847,NA,NA,713,7.829166889,0.116110101,0.607760668,NA
6124,-0.920783629,-1.597318429,-1.628507847,NA,NA,713,7.829166889,0.116110101,0.607760668,NA
6125,-0.920783629,-1.597318429,-1.628507847,NA,NA,713,7.829166889,0.116110101,0.607760668,NA
6126,-0.920783629,-1.597318429,-1.628507847,NA,NA,713,7.841666698,0.116110101,0.607760668,NA
6128,-0.920783629,-1.597318429,-1.628507847,NA,NA,713,7.820833206,0.116110101,0.607760668,NA
6131,-0.920783629,-1.597318429,-1.628507847,NA,NA,713,7.783333302,0.116110101,0.607760668,NA
6132,-0.920783629,-1.597318429,-1.628507847,NA,NA,713,7.783333302,0.116110101,0.607760668,NA
6133,-0.920783629,-1.597318429,-1.628507847,59,257,713,7.845833302,0.116110101,0.607760668,637
6134,-0.920783629,-1.597318429,-1.628507847,NA,NA,713,7.820833206,0.116110101,0.607760668,NA
6136,-0.996894777,-1.588967034,-1.627711279,NA,NA,775,7.345833302,0.116110101,0.607760668,NA
6137,-0.996894777,-1.588967034,-1.627711279,NA,NA,775,7.254166603,0.116110101,0.607760668,NA
6138,-0.996894777,-1.588967034,-1.627711279,NA,NA,775,7.345833302,0.116110101,0.607760668,NA
6140,-0.996894777,-1.588967034,-1.627711279,NA,NA,775,7.345833302,0.116110101,0.607760668,NA
6141,-0.996894777,-1.588967034,-1.627711279,NA,NA,775,7.345833302,0.116110101,0.607760668,NA
6142,-0.996894777,-1.588967034,-1.627711279,52,262,775,7.300000191,0.116110101,0.607760668,875
6145,-0.996894777,-1.588967034,-1.627711279,51,268,775,7.300000191,0.116110101,0.607760668,772
6148,-0.996894777,-1.588967034,-1.627711279,NA,NA,775,7.391666889,0.116110101,0.607760668,NA
6149,-0.996894777,-1.588967034,-1.627711279,NA,NA,775,7.412499905,0.116110101,0.607760668,NA
6150,-0.996894777,-1.588967034,-1.627711279,52,274,775,7.387499809,0.116110101,0.607760668,745
6151,-0.008697024,-0.85162627,-2.195399019,65,308,606,8.333333015,NA,NA,872
6153,1.584173612,-2.678532387,-1.379755514,45,410,704,3.479166508,0.1445999,0.836719394,924
6154,1.584173612,-2.678532387,-1.379755514,45,410,704,3.479166508,0.1445999,0.836719394,924
6163,1.584173612,-2.678532387,-1.379755514,45,410,704,3.479166508,0.1445999,0.836719394,924
6166,1.584173612,-2.678532387,-1.379755514,45,410,704,3.479166508,0.1445999,0.836719394,924
6169,1.046234165,-2.535165999,-1.322789605,46,389,703,3.629166603,NA,NA,833
6172,1.046234165,-2.535165999,-1.322789605,46,389,703,3.629166603,NA,NA,833
6173,1.046234165,-2.535165999,-1.322789605,46,389,703,3.629166603,NA,NA,833
6174,1.584173612,-2.678532387,-1.379755514,46,402,704,3.212500095,0.1445999,0.836719394,847
6177,1.584173612,-2.678532387,-1.379755514,46,402,704,3.212500095,0.1445999,0.836719394,847
6180,1.584173612,-2.678532387,-1.379755514,46,402,704,3.212500095,0.1445999,0.836719394,847
6184,1.046234165,-2.535165999,-1.322789605,NA,NA,704,4.016666889,NA,NA,NA
6188,-0.69112451,-1.474807475,-1.98960835,62,267,704,7.516666889,0.116110101,0.607760668,554
6189,-0.69112451,-1.474807475,-1.98960835,62,267,704,7.516666889,0.116110101,0.607760668,554
6191,-0.69112451,-1.474807475,-1.98960835,62,267,704,7.516666889,0.116110101,0.607760668,554
6192,-0.69112451,-1.474807475,-1.98960835,62,267,704,7.516666889,0.116110101,0.607760668,554
6193,-0.69112451,-1.474807475,-1.98960835,62,267,704,7.516666889,0.116110101,0.607760668,554
6194,-0.69112451,-1.474807475,-1.98960835,62,267,704,7.516666889,0.116110101,0.607760668,554
6195,-0.69112451,-1.474807475,-1.98960835,62,267,704,7.516666889,0.116110101,0.607760668,554
6198,-0.69112451,-1.474807475,-1.98960835,62,267,704,7.387499809,0.116110101,0.607760668,554
6201,-0.69112451,-1.474807475,-1.98960835,62,267,704,7.387499809,0.116110101,0.607760668,554
6202,-0.69112451,-1.474807475,-1.98960835,62,267,704,7.387499809,0.116110101,0.607760668,554
6203,-0.69112451,-1.474807475,-1.98960835,62,267,704,7.387499809,0.116110101,0.607760668,554
6209,1.130859361,-2.600495632,-1.111635761,45,394,717,3.420833349,NA,NA,870
6210,1.130859361,-2.600495632,-1.111635761,45,394,717,3.420833349,NA,NA,870
6214,1.258944859,-2.798120333,-1.110962496,45,400,706,NA,0.1445999,0.836719394,797
6216,1.258944859,-2.798120333,-1.110962496,45,400,706,NA,0.1445999,0.836719394,797
6217,1.258944859,-2.798120333,-1.110962496,45,400,706,NA,0.1445999,0.836719394,797
6218,1.258944859,-2.798120333,-1.110962496,45,400,706,NA,0.1445999,0.836719394,797
6220,0.910523761,-2.507867832,-1.33456046,NA,NA,707,3.9375,NA,NA,NA
6221,0.910523761,-2.507867832,-1.33456046,NA,NA,707,3.9375,NA,NA,NA
6231,1.130859361,-2.600495632,-1.111635761,47,392,711,3.404166698,NA,NA,991
6235,1.046234165,-2.535165999,-1.322789605,45,400,711,3.525000095,NA,NA,1005
6237,1.046234165,-2.535165999,-1.322789605,45,400,711,3.525000095,NA,NA,1005
6238,1.046234165,-2.535165999,-1.322789605,45,400,711,3.525000095,NA,NA,1005
6240,1.046234165,-2.535165999,-1.322789605,45,400,711,3.525000095,NA,NA,1005
6241,1.046234165,-2.535165999,-1.322789605,45,400,711,3.525000095,NA,NA,1005
6242,-0.079319424,-0.862683961,-2.030104443,NA,NA,642,8.279166222,NA,NA,NA
6243,-0.877260532,-1.561344526,-1.81426561,48,248,793,6.929166794,0.116110101,0.607760668,529
6244,1.046234165,-2.535165999,-1.322789605,45,383,680,3.641666651,NA,NA,896
6252,-0.018507754,-0.784371273,-2.529092826,59,326,630,NA,NA,NA,757
6255,-0.018507754,-0.784371273,-2.529092826,59,326,630,NA,NA,NA,757
6258,-0.018507754,-0.784371273,-2.529092826,59,326,630,NA,NA,NA,757
6268,-0.018507754,-0.784371273,-2.529092826,59,326,630,NA,NA,NA,757
6276,-0.018507754,-0.784371273,-2.529092826,59,326,630,NA,NA,NA,757
6284,-0.018507754,-0.784371273,-2.529092826,59,326,630,NA,NA,NA,757
6296,1.61327577,0.377176931,-0.509547259,52,250,537,7.833333492,NA,NA,600
6390,1.61327577,0.377176931,-0.509547259,52,250,537,7.833333492,NA,NA,600
6396,1.61327577,0.377176931,-0.509547259,52,250,537,7.833333492,NA,NA,600
6413,-0.351322916,-1.333786823,-1.734581369,56,272,705,7.204166889,0.116110101,0.607760668,609
6424,1.454573012,-0.310823428,-0.584246282,65,294,562,7.387500286,0.108668901,0.595904589,675
6434,1.454573012,-0.310823428,-0.584246282,65,294,562,7.387500286,0.108668901,0.595904589,675
6445,1.454573012,-0.310823428,-0.584246282,65,294,562,7.387500286,0.108668901,0.595904589,675
6680,-1.06668265,-0.201557671,-1.202823631,51,259,738,9.745833397,0.217733696,0.714606822,478
6739,-1.537053301,-2.174063896,2.799505888,NA,NA,1104,11.1208334,NA,NA,NA
6740,-1.537053301,-2.174063896,2.799505888,NA,NA,1104,11.1208334,NA,NA,NA
6744,-1.537053301,-2.174063896,2.799505888,NA,NA,1104,11.1208334,NA,NA,NA
6749,1.320883847,-1.765137627,2.731380878,63,242,918,9.087499619,0.007535723,NA,712
6750,1.320883847,-1.765137627,2.731380878,63,242,918,9.087499619,0.007535723,NA,712
6805,-1.581770454,-1.657800724,3.091072103,NA,NA,1128,10.45833302,NA,NA,NA
6806,-1.581770454,-1.657800724,3.091072103,NA,NA,1128,10.45833302,NA,NA,NA
6814,1.545931628,-1.049824434,3.825238435,NA,NA,972,9.850000381,NA,NA,NA
6830,7.646961468,-0.604769953,0.933487388,72,266,291,3.125,0.076333538,0.455108225,459
6897,-2.844334643,0.989241069,0.113822885,56,339,921,12.02916622,NA,NA,925
6898,-1.816177389,-0.328158557,-1.224517437,NA,NA,795,10.6875,NA,NA,NA
6900,1.968916366,-2.493829659,-0.77057034,48,450,654,3.025000095,0.1445999,0.836719394,996
6901,1.968916366,-2.493829659,-0.77057034,48,450,654,3.025000095,0.1445999,0.836719394,996
6903,1.454573012,-0.310823428,-0.584246282,60,290,562,7.345833302,0.108668901,0.595904589,706
6904,1.61327577,0.377176931,-0.509547259,NA,NA,499,9.433333397,NA,NA,NA
6907,-1.541087483,0.701241993,-2.334228737,50,310,668,10.17083359,NA,NA,706
6908,-1.541087483,0.701241993,-2.334228737,50,310,668,10.17083359,NA,NA,706
6909,0.620899938,0.661258796,4.679977957,59,171,1024,13.1208334,0.36166811,0.454545468,340
6911,-3.954750984,10.10560807,-0.943424363,72,157,288,22.70000076,NA,NA,207
6913,1.130859361,-2.600495632,-1.111635761,45,394,717,3.420833349,NA,NA,870
6915,-3.374917188,-2.705866317,-0.348806308,54,309,1065,7.525000095,0.259354115,0.61393708,725
6917,1.258944859,-2.798120333,-1.110962496,45,400,706,NA,0.1445999,0.836719394,797
6918,1.258944859,-2.798120333,-1.110962496,45,400,706,NA,0.1445999,0.836719394,797
6919,-0.525603558,-0.820795365,-1.019840331,66,311,744,8.350000381,NA,NA,542
6920,-0.512114021,-0.745116661,-1.116205985,NA,NA,716,9.154167175,NA,NA,NA
6922,-0.525603558,-0.820795365,-1.019840331,66,311,744,8.350000381,NA,NA,542
6923,-1.541087483,0.701241993,-2.334228737,50,310,668,10.17083359,NA,NA,706
6924,-1.541087483,0.701241993,-2.334228737,50,310,668,10.17083359,NA,NA,706
6926,2.541289258,-1.261464017,2.314306434,53,195,790,6.641666412,0.01008306,NA,848
6927,1.545931628,-1.049824434,3.825238435,NA,NA,972,9.850000381,NA,NA,NA
6929,1.890172722,5.925807199,2.153986136,76,205,492,14.21249962,NA,NA,256
6931,7.646961468,-0.604769953,0.933487388,72,266,291,3.125,0.076333538,0.455108225,459
6932,1.408271884,0.073070335,-1.007487963,NA,NA,527,9.137499809,NA,NA,NA
6933,-1.742692617,2.954365907,0.284669833,62,252,702,14.32083321,NA,NA,492
6938,2.582010391,-2.037395232,0.702185714,NA,NA,677,5.375,NA,NA,NA
6940,-0.55143994,-0.902837556,-0.990692532,58,268,725,8.75,NA,NA,558
6943,-1.541087483,0.701241993,-2.334228737,50,310,668,10.17083359,NA,NA,706
6944,-1.541087483,0.701241993,-2.334228737,50,310,668,10.17083359,NA,NA,706
6945,-2.147368337,-0.582126544,-1.320868904,NA,NA,814,9.691666603,NA,NA,NA
6951,1.421670975,-0.239276643,-0.657666545,54,263,566,7.708333492,0.108668901,0.595904589,653
6956,1.421670975,-0.239276643,-0.657666545,54,263,566,7.708333492,0.108668901,0.595904589,653
6957,1.421670975,-0.239276643,-0.657666545,54,263,566,7.708333492,0.108668901,0.595904589,653
6958,-0.151397182,1.790238855,-0.070789408,69,252,690,10.8791666,NA,NA,530
6959,-2.493940632,1.002407437,-1.616640755,60,289,754,11.38749981,NA,NA,627
6960,-2.493940632,1.002407437,-1.616640755,60,289,754,11.38749981,NA,NA,627
6961,1.246682099,7.173181201,1.020303175,NA,NA,422,14.72916698,NA,NA,NA
6963,1.890172722,5.925807199,2.153986136,75,232,481,15.82083321,NA,NA,360
6966,-1.541087483,0.701241993,-2.334228737,50,310,668,10.17083359,NA,NA,706
6967,-1.541087483,0.701241993,-2.334228737,50,310,668,10.17083359,NA,NA,706
6968,1.20284956,-2.131681665,-1.242591041,49,401,716,5.279166698,NA,NA,889
6969,1.20284956,-2.131681665,-1.242591041,49,401,716,5.279166698,NA,NA,889
6970,-1.522529707,3.137345707,0.130091166,72,269,694,15.0625,NA,NA,380
6971,-1.522529707,3.137345707,0.130091166,72,269,694,15.0625,NA,NA,380
6973,-0.351322916,-1.333786823,-1.734581369,48,269,705,7.212500095,0.116110101,0.607760668,607
6974,-0.351322916,-1.333786823,-1.734581369,48,269,705,7.212500095,0.116110101,0.607760668,607
6975,0.066910408,-0.926800239,0.984193018,51,288,743,8.441666603,0.115457103,0.600958705,672
6976,0.066910408,-0.926800239,0.984193018,51,288,743,8.441666603,0.115457103,0.600958705,672
6979,-3.79806479,-3.793185361,2.815767686,63,342,1284,8.558333397,0.259354115,0.61393708,700
6981,2.386148559,-1.273884328,0.419600168,53,337,617,6.779166698,NA,NA,1053
6982,-1.284238045,-1.243372815,-0.690100269,54,266,760,9.204166412,NA,NA,598
6984,1.454573012,-0.310823428,-0.584246282,65,294,562,7.387500286,0.108668901,0.595904589,675
6986,-2.663600312,-1.178937115,-2.350087734,51,316,806,7.541666508,0.217283905,0.714606822,991
6987,-1.880038571,-0.882982249,0.956744334,65,276,1042,10.32083321,0.116110101,0.607760668,663
6989,-7.292942267,-4.860981091,1.451967638,54,348,1345,7.087500095,0.259354115,0.61393708,906
6990,-1.823613406,-1.05474926,-1.522225445,67,354,813,9.020833015,NA,NA,734
6992,-1.866003924,-1.600638205,-0.673116824,52,259,878,9.324999809,0.217733696,0.714606822,604
6997,-1.427811351,-0.189820405,-1.496849115,61,318,781,9.6875,0.138856202,0.642683983,550
7000,-0.647699437,-1.359352926,-0.958480255,61,292,754,8.054166794,0.102368899,0.649352252,581
7002,-1.134348356,-0.203293771,-1.124343858,59,270,734,10.15833378,0.138856202,0.642683983,487
7003,-2.951594042,-3.060988079,1.301615808,64,276,985,9.537500381,0.102368899,0.649352252,518
7008,-1.78061486,-0.49941769,-1.384346117,NA,NA,799,9.795833588,0.217733696,0.714606822,NA
7013,0.689090634,0.164497485,-1.137724986,NA,NA,564,9.237500191,NA,NA,NA
7014,-10.83135288,-6.514342328,4.316903872,43,375,2180,7.520833492,0.217283905,0.714606822,1619
7025,0.560302002,1.78789837,1.024674192,NA,NA,723,13.9416666,NA,NA,NA
7026,-8.037379247,-4.914614514,2.109711198,47,407,1500,8.387499809,NA,NA,1342
7028,-2.287634518,-1.498806079,-0.479952073,64,251,862,8.375,0.102368899,0.649352252,423
7031,-0.251567445,0.036419703,-0.63843804,NA,NA,660,10.01666641,0.201674193,0.646012485,NA
7033,-0.578752221,4.294704936,2.235889841,62,240,744,9.783332825,0.548255324,0.253591448,407
7036,-2.184476893,-1.70486605,-0.422095982,59,320,899,7.800000191,0.259354115,0.61393708,611
7058,-5.425157636,-1.519085298,-0.702244596,50,365,1187,8.920833588,0.217733696,0.714606822,908
7061,-3.947172412,-1.787247209,-1.383003602,57,274,1069,8.649999619,0.323936909,0.809260368,751
7062,-0.55143994,-0.902837556,-0.990692532,NA,NA,725,9.304166794,NA,NA,NA
7063,-1.815310638,8.493388386,-3.993580514,NA,NA,155,17.69583321,NA,NA,NA
7064,-1.681996361,0.223087231,-2.454054592,58,277,605,10.28333378,NA,NA,645
7067,-1.022523721,5.56364756,0.174531223,NA,NA,534,17.66250038,NA,NA,NA
7068,-0.350707433,5.259051699,-0.557278402,73,255,390,15.5041666,NA,NA,289
7071,-0.668857744,0.979247897,-1.725975904,68,247,621,10.71666622,NA,NA,664
7072,2.893594248,-2.210831213,0.353513937,NA,NA,632,5.037499905,NA,NA,NA
7077,-4.570634294,3.460113539,2.068329966,65,218,1132,15.45416641,0.190853894,0.394863456,387
7081,-4.085632214,4.650817557,1.533774199,NA,NA,974,16.0625,NA,NA,NA
7092,-0.724488366,0.466457332,-1.697300856,NA,NA,637,10.54166698,NA,NA,NA
7094,0.018971142,0.365759806,-0.667618909,NA,NA,697,10.17500019,NA,NA,NA
7096,-0.762086497,0.153765203,0.035092398,NA,NA,798,10.72500038,NA,NA,NA
7102,-2.038934611,-1.774663158,-0.559871109,55,297,908,8.337499619,0.115457103,0.600958705,688
7103,1.454573012,-0.310823428,-0.584246282,52,287,559,7.208333492,0.108668901,0.595904589,704
7106,0.366461495,-0.144521969,-0.188049713,NA,NA,652,10.11666679,NA,NA,NA
7107,-1.910479721,-0.281411194,-3.414452745,NA,NA,651,9.037500381,0.217733696,0.714606822,NA
7109,-1.863415306,0.252525786,-2.284311132,62,327,641,10.32916641,NA,NA,658
7111,-1.838109102,-0.559599659,-2.878669197,57,346,671,8.479166985,NA,NA,908
7117,-1.526735289,-1.608717486,-1.391337371,63,284,796,8.104166985,NA,NA,549
7119,0.018971142,0.365759806,-0.667618909,52,293,593,10.07916641,NA,NA,640
7120,0.018971142,0.365759806,-0.667618909,52,293,593,10.07916641,NA,NA,640
7125,-0.231970364,-0.62140253,0.017484877,NA,NA,738,8.795833588,0.108668901,0.595904589,NA
7126,1.58734114,-2.139522185,-0.948005209,47,451,661,4.954166412,NA,NA,1100
7127,1.747913333,-1.918729477,-0.254395626,62,398,710,5.533333302,0.091873683,0.869879961,934
7130,-0.777419585,0.803798835,-0.438290006,66,352,734,11.82916641,NA,NA,564
7133,-0.251567445,0.036419703,-0.63843804,NA,NA,642,10.52916622,0.201674193,0.646012485,NA
7138,-0.29302965,-0.18021479,-0.850484588,65,260,836,9.141666412,NA,NA,488
7143,-1.147467729,-0.14453609,-1.059170282,NA,NA,753,10.17500019,NA,NA,NA
7147,-0.147552399,-0.335739266,-1.014935875,NA,NA,670,9.554166794,NA,NA,NA
7158,0.244960264,-0.777332734,2.021846672,NA,NA,846,9.041666985,NA,NA,NA
7160,2.137809302,-0.947925765,2.866211616,NA,NA,874,8.170833588,NA,NA,NA
7161,-0.223447379,-0.566223586,-1.128061359,NA,NA,726,8.595832825,NA,NA,NA
7162,-1.151275732,-1.201290815,-0.799717125,61,265,792,8.887499809,NA,NA,647
7163,-0.196212657,-0.048694409,-0.992320237,NA,NA,656,9.712499619,NA,NA,NA
7164,-0.025596471,-0.706333809,-2.494643689,NA,NA,597,8.783333778,NA,NA,NA
7165,-3.504982325,-2.649796436,-0.006055104,NA,NA,1134,8.225000381,0.259354115,0.61393708,NA
7169,-1.301635436,-1.544996933,-1.009729344,56,245,831,8.324999809,NA,NA,530
7177,0.834785943,-1.089626232,-0.253994795,48,264,647,7.316666603,0.108668901,0.595904589,662
7181,0.33348492,-0.234127555,-0.803994668,NA,NA,657,9.762499809,NA,NA,NA
7183,7.881693565,-3.264473614,-3.899410173,NA,NA,104,-11.48750019,0.155291706,0.378976703,NA
7186,1.708513078,-1.143980861,-0.492854899,65,328,611,7.058333397,NA,NA,849
7192,-7.994420095,-3.612611062,1.131158714,NA,NA,1450,9.712499619,NA,NA,NA
7199,-1.161201618,-0.171180703,-0.703559487,NA,NA,810,10.89166641,NA,NA,NA
7202,-0.653311321,-0.913347185,-0.876518982,NA,NA,788,9.462499619,0.102368899,0.649352252,NA
7203,-1.316068936,-2.315681775,0.513097725,60,272,926,7.883333206,0.212374896,0.51607579,418
7207,-4.329954524,-2.619933382,7.816550624,NA,NA,1600,15.73333359,NA,NA,NA
7208,-6.233522641,-2.958008504,0.358195646,51,372,1396,8.199999809,0.217283905,0.714606822,1152
7209,1.408271884,0.073070335,-1.007487963,NA,NA,527,9.079166412,NA,NA,NA
7213,1.408271884,0.073070335,-1.007487963,NA,NA,527,9.137499809,NA,NA,NA
7217,-1.826068098,0.969918313,-1.708613459,61,249,678,10.72499943,NA,NA,644
7218,-2.241113255,-0.794711304,-1.093344382,NA,NA,835,9.770833015,0.217733696,0.714606822,NA
7223,-0.29302965,-0.18021479,-0.850484588,NA,NA,674,9.595832825,NA,NA,NA
7231,-0.29302965,-0.18021479,-0.850484588,NA,NA,674,9.595832825,NA,NA,NA
7244,-0.122204897,-0.108877639,-0.993438369,NA,NA,587,10.5583334,NA,NA,NA
7248,-2.641632415,-1.930578881,2.033590555,48,508,1177,10.16250038,0.131016105,0.528501987,1430
7250,-0.634533765,-1.05742371,-0.916734282,66,288,725,8.591667175,0.115457103,0.600958705,492
7255,1.421655723,-0.687535401,0.112415361,60,236,622,7.595833302,NA,NA,971
7258,-0.641836895,-1.028205514,-0.962148999,63,227,685,8.904166222,0.115457103,0.600958705,663
7268,0.196126898,-0.159509925,-1.274412122,48,288,582,8.854166985,NA,NA,765
7276,-0.653311321,-0.913347185,-0.876518982,NA,NA,676,9.675000191,0.102368899,0.649352252,NA
7280,-0.918173795,-0.785999486,-1.237291403,55,272,757,9.220832825,0.217733696,0.714606822,567
7282,-0.29302965,-0.18021479,-0.850484588,64,266,713,9.399999619,NA,NA,587
7287,-0.79087143,-0.790051317,-1.538821349,54,299,720,8.941666603,0.217733696,0.714606822,650
7288,-10.26241333,-8.423370019,5.771738576,NA,NA,2318,7.074999809,NA,NA,NA
7296,2.093486803,-2.390827823,0.062218679,56,309,697,4.716666698,0.091873683,0.869879961,1085
7298,-1.349387948,-4.271737914,-0.041565197,55,482,1084,-3.270833254,0.259354115,0.61393708,1157
7305,-0.223447379,-0.566223586,-1.128061359,56,298,710,8.6875,NA,NA,513
7306,-6.443621403,-0.870532791,2.776971162,NA,NA,1491,10.02916622,NA,NA,NA
7307,-4.108277934,0.520630173,-0.981768517,NA,NA,939,11.64166641,NA,NA,NA
7314,-5.559919727,-2.617122062,-0.095134052,NA,NA,1173,NA,NA,NA,NA
7316,-1.714994189,-0.437374317,-1.47758732,45,220,802,9.541666985,NA,NA,285
7319,-0.350707433,5.259051699,-0.557278402,73,255,390,15.5041666,NA,NA,289
7320,-2.280530917,0.570772015,-1.838871124,NA,NA,733,11.20416641,NA,NA,NA
7322,2.649018221,-2.147068324,0.216194872,54,369,644,4.470833302,0.091744311,0.888089359,1165
7323,3.153203516,-0.32905814,0.501487681,69,316,524,7.625,NA,NA,801
7327,-1.167776909,3.710317614,-0.335492188,NA,NA,654,15.19583321,NA,NA,NA
7328,-1.167776909,3.710317614,-0.335492188,NA,NA,654,15.19583321,NA,NA,NA
7332,-6.423239355,0.207994014,3.81394624,54,224,1304,9.925000191,0.01067484,NA,1082
7333,0.416163277,-1.248564526,-0.114753518,62,283,749,7.849999905,0.201674193,0.646012485,699
7337,-3.029599553,-2.016196781,0.084962193,NA,NA,998,8.845833778,0.201674193,0.646012485,NA
7342,-2.878863386,-0.401775922,-2.175382661,NA,NA,887,9.816666603,NA,NA,NA
7343,0.697759427,0.184871217,-1.147119524,NA,NA,555,9.633333206,NA,NA,NA
7344,-1.713091511,-2.193154075,1.729385836,NA,NA,1018,9.566666603,NA,NA,NA
7346,0.844884321,0.779799026,-0.814705452,NA,NA,550,9.741666794,NA,NA,NA
7347,2.889075408,-2.095535305,0.564825925,65,430,641,5.487500191,NA,NA,1205
7349,1.052681463,-0.3932373,-0.191691101,57,254,632,7.445833206,NA,NA,906
7350,-4.004418741,2.169589554,1.888073544,NA,NA,1124,11.0666666,NA,NA,NA
7353,-2.233000513,-0.759108617,-1.207179117,NA,NA,838,10.0666666,NA,NA,NA
7354,0.075723408,-1.35244006,-1.630472493,42,277,668,6.4375,0.138856202,0.642683983,783
7356,1.906748291,-0.546092207,3.293044344,NA,NA,854,10.30416679,NA,NA,NA
7358,1.906748291,-0.546092207,3.293044344,NA,NA,854,10.30416679,NA,NA,NA
7359,1.906748291,-0.546092207,3.293044344,NA,NA,854,10.30416679,NA,NA,NA
7372,-3.625244148,-5.233132882,2.3376285,62,345,1302,8.266666412,0.259354115,0.61393708,970
7373,-5.292408283,-3.771533602,8.881763839,52,223,1957,14.17083359,0.246142998,0.151084796,374
7377,2.137809302,-0.947925765,2.866211616,50,149,868,7.900000095,NA,NA,698
7378,-1.94899488,-1.15845645,1.115764482,58,253,910,10.78333378,NA,NA,626
7382,-1.772487058,-0.387289986,-1.310826009,NA,NA,791,9.970833778,0.217733696,0.714606822,NA
7383,-6.443621403,-0.870532791,2.776971162,NA,NA,1491,10.02916622,NA,NA,NA
7384,-1.890230543,-0.526026361,-1.205302306,NA,NA,815,9.929166794,0.217733696,0.714606822,NA
7387,-4.684842512,-2.421437997,-0.766608995,54,334,1068,8.166666985,0.259354115,0.61393708,826
7394,2.010820239,0.269637382,-0.670658663,NA,NA,481,8.262499809,NA,NA,NA
7396,2.386148559,-1.273884328,0.419600168,53,337,617,6.779166698,NA,NA,1053
7404,-0.280713663,-0.323937386,-0.811684932,NA,NA,679,9.375,0.138856202,0.642683983,NA
7411,-2.306476186,-3.139185941,2.110775631,64,309,1103,7.483333588,0.259354115,0.61393708,773
7413,1.714462528,-1.583294932,-0.303567415,NA,NA,658,6.520833492,0.1245846,0.85900563,NA
7415,-0.001117292,-0.251235741,-0.718284645,NA,NA,645,9.666666985,NA,NA,NA
7416,-1.773602994,3.485351189,2.351950173,58,190,865,8.741666794,0.407858908,0.556882322,287
7417,-2.239732778,-2.331388124,2.00082619,NA,NA,1104,9.595833778,NA,NA,NA
7418,-2.239732778,-2.331388124,2.00082619,NA,NA,1104,9.595833778,NA,NA,NA
7419,-0.55143994,-0.902837556,-0.990692532,66,275,717,8.912500381,NA,NA,629
7424,1.61327577,0.377176931,-0.509547259,NA,NA,499,9.433333397,NA,NA,NA
7430,-1.409001208,-0.600808067,-0.739723344,67,256,787,9.795833588,NA,NA,680
7461,0.834785943,-1.089626232,-0.253994795,48,264,647,7.316666603,0.108668901,0.595904589,662
7475,-0.645357244,-2.261490149,4.124308718,NA,NA,1147,10.4416666,NA,NA,NA
7477,-2.254398855,-2.018716343,3.162700864,NA,NA,1207,10.15416718,0.457776099,0.482345521,NA
7514,1.271967044,-1.215637475,3.736773002,61,210,991,9.745833397,NA,NA,843
7515,1.271967044,-1.215637475,3.736773002,61,210,991,9.745833397,NA,NA,843
7516,-0.018507754,-0.784371273,-2.529092826,59,326,630,NA,NA,NA,757
7517,-0.018507754,-0.784371273,-2.529092826,59,326,630,NA,NA,NA,757
7520,1.067836714,-0.885282611,-0.595959897,65,262,596,6.829166412,0.108668901,0.595904589,739
7521,1.067836714,-0.885282611,-0.595959897,65,262,596,6.829166412,0.108668901,0.595904589,739
7523,1.273913502,-1.116396926,3.23138438,60,183,965,9.550000191,0.131016105,0.528501987,901
7525,0.860454431,-1.106424525,2.359853388,NA,NA,960,9.574999809,NA,NA,NA
7529,0.860454431,-1.106424525,2.359853388,NA,NA,960,9.600000381,NA,NA,NA
7530,0.860454431,-1.106424525,2.359853388,NA,NA,960,9.600000381,NA,NA,NA
7566,1.233951782,-1.045988852,3.047292279,60,193,955,9.600000381,NA,NA,749
7568,1.233951782,-1.045988852,3.047292279,60,193,955,9.600000381,NA,NA,749
7717,1.545931628,-1.049824434,3.825238435,61,235,972,9.858333588,NA,NA,852
7757,1.545931628,-1.049824434,3.825238435,61,235,972,9.858333588,NA,NA,852
7767,1.545931628,-1.049824434,3.825238435,61,235,972,9.858333588,NA,NA,852
7917,1.273913502,-1.116396926,3.23138438,60,183,965,9.550000191,0.131016105,0.528501987,901
7947,1.273913502,-1.116396926,3.23138438,60,183,965,9.550000191,0.131016105,0.528501987,901
8037,1.480322747,-1.123873002,3.950355132,61,240,979,9.854166985,NA,NA,1051
8057,1.480322747,-1.123873002,3.950355132,61,240,979,9.854166985,NA,NA,1051
8077,1.480322747,-1.123873002,3.950355132,61,240,979,9.854166985,NA,NA,1051
8132,0.860454431,-1.106424525,2.359853388,NA,NA,960,9.574999809,NA,NA,NA
8171,0.860454431,-1.106424525,2.359853388,NA,NA,960,9.574999809,NA,NA,NA
8214,-1.012091475,0.647291078,-2.011818625,55,240,630,10.5666666,0.116110101,0.607760668,668
8222,0.418724085,-0.523973322,-2.358274489,62,360,560,7.595833302,NA,NA,981
8227,1.397523774,-2.753590887,-1.199650777,44,407,677,3.504166603,0.1445999,0.836719394,862
8230,1.113422276,-0.572058695,-2.102478014,63,358,514,7.183333397,NA,NA,931
8231,0.199554303,-0.869900305,-2.588531664,64,317,581,7.341666698,NA,NA,758
8233,1.629157436,-0.915990831,3.743478936,NA,NA,968,9.816666603,NA,NA,NA
8234,0.199554303,-0.869900305,-2.588531664,44,316,600,7.258333206,NA,NA,710
8235,0.915042415,0.154381461,0.858550757,67,242,653,9.612500191,0.183952406,0.707933247,837
8236,1.356719029,-0.500823813,-0.587456044,52,262,573,7.120833397,NA,NA,711
8237,0.199607796,-0.597874483,-2.267770384,66,272,652,8.116666794,NA,NA,531
8238,-2.684077993,0.240281359,-1.830789666,60,288,726,9.949999809,0.217733696,0.714606822,518
8239,-1.476008782,-0.507245793,-0.341585388,NA,NA,810,10.85416698,NA,NA,NA
8240,-0.079319424,-0.862683961,-2.030104443,NA,NA,642,8.279166222,NA,NA,NA
8241,-0.877260532,-1.561344526,-1.81426561,48,248,793,6.929166794,0.116110101,0.607760668,529
8242,0.609239579,-0.375026297,-2.939061748,63,348,562,7.554166794,NA,NA,913
8243,-2.050307567,2.810914839,1.848559786,NA,NA,920,15.22083378,NA,NA,NA
8244,-0.63332231,0.63794345,-1.52063265,NA,NA,626,11.0666666,NA,NA,NA
8246,-2.906425677,0.813158354,5.834662865,50,161,1194,16.17083359,NA,NA,339
8247,-0.877108776,-1.517470543,-1.582368622,45,257,777,7.050000191,0.116110101,0.607760668,764
8249,1.067606921,-1.012774932,-0.786416859,47,323,633,6.224999905,0.143924206,0.642683983,873
8256,-0.945611999,-2.098144625,-0.800954012,NA,NA,775,7.579166889,NA,NA,NA
8258,-0.945611999,-2.098144625,-0.800954012,NA,NA,775,7.579166889,NA,NA,NA
8259,-0.945611999,-2.098144625,-0.800954012,NA,NA,775,7.579166889,NA,NA,NA
8264,-1.666530281,3.206737523,0.582142291,70,241,723,14.96249962,NA,NA,387
8283,-0.69112451,-1.474807475,-1.98960835,62,267,704,7.516666889,0.116110101,0.607760668,554
8284,1.454573012,-0.310823428,-0.584246282,64,277,559,7.395833492,0.108668901,0.595904589,556
8285,1.454573012,-0.310823428,-0.584246282,64,277,559,7.395833492,0.108668901,0.595904589,556
8290,0.018971142,0.365759806,-0.667618909,52,293,593,10.07916641,NA,NA,640
8297,-2.401748007,-1.56166178,1.131570988,NA,NA,993,10.21249962,NA,NA,NA
8306,-0.877108776,-1.517470543,-1.582368622,53,283,777,7.154166698,0.116110101,0.607760668,653
8307,-0.877108776,-1.517470543,-1.582368622,NA,NA,777,7.154166698,0.116110101,0.607760668,NA
8311,-3.119097924,-5.443965907,1.861824612,52,431,1309,4.458333492,0.201674193,0.646012485,985
8312,-0.985554699,-0.597684331,-0.337408985,62,244,845,9,NA,NA,550
8326,0.418724085,-0.523973322,-2.358274489,62,360,560,7.595833302,NA,NA,981
8334,-0.079319424,-0.862683961,-2.030104443,NA,NA,642,8.237500191,NA,NA,NA
8335,-0.079319424,-0.862683961,-2.030104443,NA,NA,642,8.1875,NA,NA,NA
8337,-1.639215466,0.366425655,1.32777211,70,256,878,13.48750019,NA,NA,643
8343,-1.279880478,1.62305839,-0.91618929,64,315,669,11.28333378,NA,NA,593
8351,1.405925897,-1.481470329,-1.208202624,51,432,623,5.616666794,NA,NA,887
8354,5.095200197,-2.863663302,1.177576846,NA,NA,611,1.883333325,0.2362279,0.447474033,NA
8357,-1.229629213,3.758024495,0.151238669,NA,NA,612,14.82499981,NA,NA,NA
8365,1.743537647,0.763108064,-0.167289076,70,217,531,8.770833015,NA,NA,590
8366,-0.641836895,-1.028205514,-0.962148999,63,227,685,8.904166222,0.115457103,0.600958705,663
8369,-0.377099302,-1.180117198,-1.786390083,63,283,694,7.858333111,NA,NA,871
8376,1.397523774,-2.753590887,-1.199650777,NA,NA,702,NA,0.1445999,0.836719394,NA
8386,-0.520703611,-2.081521332,-1.331524209,NA,NA,759,7.408333302,NA,NA,NA
8387,1.727358578,-0.887595865,-1.364401975,NA,NA,562,6.595833302,NA,NA,NA
8419,1.714462528,-1.583294932,-0.303567415,NA,NA,658,6.520833492,0.1245846,0.85900563,NA
8420,0.129915261,0.421768684,-0.838881839,68,310,615,10.33749962,0.102368899,0.649352252,601
8422,0.576258241,-0.512539011,-1.935494089,64,306,572,7.408333302,NA,NA,850
8424,7.881693565,-3.264473614,-3.899410173,NA,NA,104,-11.48750019,0.155291706,0.378976703,NA
8426,-0.351322916,-1.333786823,-1.734581369,56,272,705,7.220833302,0.116110101,0.607760668,609
8427,-0.351322916,-1.333786823,-1.734581369,48,269,705,7.212500095,0.116110101,0.607760668,607
8464,1.137119747,-1.178510788,3.146982983,NA,NA,980,9.824999809,NA,NA,NA
8483,1.137119747,-1.178510788,3.146982983,NA,NA,980,9.824999809,NA,NA,NA
8699,1.273913502,-1.116396926,3.23138438,60,183,965,9.550000191,0.131016105,0.528501987,901
8723,1.273913502,-1.116396926,3.23138438,60,183,965,9.550000191,0.131016105,0.528501987,901
9027,0.860454431,-1.106424525,2.359853388,NA,NA,960,9.574999809,NA,NA,NA
9057,-0.351322916,-1.333786823,-1.734581369,NA,NA,705,7.220833302,0.116110101,0.607760668,NA
9058,1.108353734,-0.780331374,-1.263271152,NA,NA,583,6.949999809,NA,NA,NA
9067,-1.255561939,2.957697644,2.220691202,63,255,927,14.0625,0.062926672,NA,534
9069,-1.255561939,2.957697644,2.220691202,63,255,927,14.0625,0.062926672,NA,534
9070,-1.255561939,2.957697644,2.220691202,63,255,927,14.0625,0.062926672,NA,534
9075,0.316712121,2.701567384,0.736788497,62,247,692,12.4333334,0.159026906,0.583333313,454
9078,0.316712121,2.701567384,0.736788497,62,247,692,12.4333334,0.159026906,0.583333313,454
9079,0.316712121,2.701567384,0.736788497,63,238,692,12.08749962,0.159026906,0.583333313,522
9081,0.316712121,2.701567384,0.736788497,63,238,692,12.08749962,0.159026906,0.583333313,522
9084,0.316712121,2.701567384,0.736788497,63,238,692,12.08749962,0.159026906,0.583333313,522
9085,0.316712121,2.701567384,0.736788497,63,238,692,12.08749962,0.159026906,0.583333313,522
9089,-0.833951159,3.440819419,1.900562006,70,244,734,14.34583282,NA,NA,460
9091,-0.833951159,3.440819419,1.900562006,70,244,734,14.34583282,NA,NA,460
9095,0.031469829,3.457320875,1.483029365,67,258,696,13.71666718,0.075534217,0.689655185,439
9099,0.031469829,3.457320875,1.483029365,67,258,696,13.71666718,0.075534217,0.689655185,439
9100,1.331220497,1.407204391,2.200011221,63,265,758,12.16250038,0.159026906,0.583333313,578
9102,1.331220497,1.407204391,2.200011221,63,265,758,12.16250038,0.159026906,0.583333313,578
9103,1.331220497,1.407204391,2.200011221,63,265,758,12.16250038,0.159026906,0.583333313,578
9104,1.331220497,1.407204391,2.200011221,63,265,758,12.16250038,0.159026906,0.583333313,578
9105,1.331220497,1.407204391,2.200011221,63,265,758,12.16250038,0.159026906,0.583333313,578
9106,1.331220497,1.407204391,2.200011221,63,265,758,12.16250038,0.159026906,0.583333313,578
9111,1.331220497,1.407204391,2.200011221,63,265,758,12.16250038,0.159026906,0.583333313,578
9113,1.331220497,1.407204391,2.200011221,63,265,758,12.16250038,0.159026906,0.583333313,578
9114,1.331220497,1.407204391,2.200011221,63,265,758,12.16250038,0.159026906,0.583333313,578
9115,1.331220497,1.407204391,2.200011221,63,265,758,12.16250038,0.159026906,0.583333313,578
9121,0.00409648,-2.647141358,0.403439763,64,238,837,8.574999809,0.2464073,0.516496301,489
9125,4.23119897,1.424765549,0.297264608,70,293,487,5.754166603,0.1507494,0.47001186,460
9128,3.593288836,-1.596976713,-0.417082689,71,236,466,7.704166889,0.094991498,0.369552344,405
9130,3.593288836,-1.596976713,-0.417082689,71,236,466,7.704166889,0.094991498,0.369552344,405
9131,3.593288836,-1.596976713,-0.417082689,71,236,466,7.704166889,0.094991498,0.369552344,405
9133,3.593288836,-1.596976713,-0.417082689,71,236,466,7.704166889,0.094991498,0.369552344,405
9134,3.593288836,-1.596976713,-0.417082689,71,236,466,7.704166889,0.094991498,0.369552344,405
9298,-2.485611622,-0.880255717,-2.820006296,NA,NA,667,8.912500381,NA,NA,NA
9312,-10.56282635,-5.880902261,4.034212958,46,347,2100,NA,0.279854298,0.738411486,1357
9314,-3.586382089,-1.456757433,-2.350464835,NA,NA,971,NA,NA,NA,NA
9321,1.046234165,-2.535165999,-1.322789605,46,389,703,3.629166603,NA,NA,833
9323,1.046234165,-2.535165999,-1.322789605,46,389,703,3.629166603,NA,NA,833
9332,1.046234165,-2.535165999,-1.322789605,45,410,701,3.712500095,NA,NA,877
9336,1.046234165,-2.535165999,-1.322789605,NA,NA,704,4.016666889,NA,NA,NA
9339,0.946434586,-1.597018094,-1.415542017,45,286,666,5.337500095,0.143924206,0.642683983,550
9343,0.848255292,-0.521919662,-2.955010059,NA,NA,502,NA,NA,NA,NA
9352,1.131929642,-0.542649136,-1.370116497,46,309,574,6.533333302,NA,NA,735
9353,1.131929642,-0.542649136,-1.370116497,46,309,574,6.533333302,NA,NA,735
9363,1.046234165,-2.535165999,-1.322789605,NA,NA,704,NA,NA,NA,NA
9369,0.849567635,-1.703460809,-1.35883118,46,340,666,5.737500191,0.143924206,0.642683983,892
9370,0.849567635,-1.703460809,-1.35883118,46,340,666,5.737500191,0.143924206,0.642683983,892
9371,1.258944859,-2.798120333,-1.110962496,45,400,706,NA,0.1445999,0.836719394,797
9380,-0.377099302,-1.180117198,-1.786390083,NA,NA,694,7.962500095,NA,NA,NA
9381,-0.104104332,-0.838672336,-2.275908713,NA,NA,606,NA,NA,NA,NA
9382,-0.104104332,-0.838672336,-2.275908713,NA,NA,606,NA,NA,NA,NA
9383,-0.104104332,-0.838672336,-2.275908713,NA,NA,606,NA,NA,NA,NA
9386,0.910523761,-2.507867832,-1.33456046,NA,NA,707,3.9375,NA,NA,NA
9388,0.910523761,-2.507867832,-1.33456046,NA,NA,707,3.9375,NA,NA,NA
9390,1.481646655,-0.471613035,-1.295663217,46,300,569,6.375,0.138856202,0.642683983,926
9391,1.481646655,-0.471613035,-1.295663217,46,300,569,6.375,0.138856202,0.642683983,926
9392,1.481646655,-0.471613035,-1.295663217,46,300,569,6.375,0.138856202,0.642683983,926
9394,1.316006385,-0.363447261,-2.200613509,NA,NA,492,NA,NA,NA,NA
9395,1.090204291,-1.368191932,-1.442848085,44,307,640,5.587500095,0.143924206,0.642683983,624
9399,-0.091558057,-0.824072744,-1.975009072,63,338,648,7.9375,NA,NA,769
9402,1.03128634,-1.539231953,-1.449532545,NA,NA,641,5.516666889,0.143924206,0.642683983,NA
9404,-0.377099302,-1.180117198,-1.786390083,63,301,694,7.895833492,NA,NA,697
9405,-0.377099302,-1.180117198,-1.786390083,63,301,694,7.895833492,NA,NA,697
9407,-0.377099302,-1.180117198,-1.786390083,63,301,694,7.895833492,NA,NA,697
9408,-0.351322916,-1.333786823,-1.734581369,43,258,713,6.949999809,0.116110101,0.607760668,559
9409,0.576258241,-0.512539011,-1.935494089,51,281,572,7.420833588,NA,NA,975
9412,1.40203035,-0.533334085,-1.268353208,45,296,570,6.416666508,0.138856202,0.642683983,740
9413,1.40203035,-0.533334085,-1.268353208,45,296,570,6.416666508,0.138856202,0.642683983,740
9416,0.818772273,-0.590364223,-2.761411678,NA,NA,531,7.033333302,NA,NA,NA
9421,0.903031987,-0.145359491,-2.380338559,62,354,523,NA,NA,NA,884
9427,1.046234165,-2.535165999,-1.322789605,49,422,704,3.720833302,NA,NA,938
9433,1.130859361,-2.600495632,-1.111635761,47,392,711,3.404166698,NA,NA,991
9436,0.418724085,-0.523973322,-2.358274489,NA,NA,638,7.395833492,NA,NA,NA
9437,0.418724085,-0.523973322,-2.358274489,NA,NA,638,7.395833492,NA,NA,NA
9442,-0.018507754,-0.784371273,-2.529092826,60,328,630,8.008333206,NA,NA,817
9450,0.792746616,-0.512000378,-2.558709169,67,364,533,6.970833302,NA,NA,929
9451,0.792746616,-0.512000378,-2.558709169,67,364,533,6.970833302,NA,NA,929
9452,0.792746616,-0.512000378,-2.558709169,67,364,533,6.970833302,NA,NA,929
9453,0.288308323,-0.691488861,-2.575406342,65,376,564,6.866666794,NA,NA,900
9454,0.288308323,-0.691488861,-2.575406342,65,376,564,6.866666794,NA,NA,900
9455,0.288308323,-0.691488861,-2.575406342,65,376,564,6.866666794,NA,NA,900
9470,0.560258148,-1.926372121,-1.170029644,44,276,712,5.383333206,0.143924206,0.642683983,588
9471,-0.351322916,-1.333786823,-1.734581369,48,269,705,7.212500095,0.116110101,0.607760668,607
9476,-0.018507754,-0.784371273,-2.529092826,59,326,630,NA,NA,NA,757
9481,-0.091558057,-0.824072744,-1.975009072,NA,NA,652,NA,NA,NA,NA
9503,-2.485611622,-0.880255717,-2.820006296,54,325,718,7.470833302,NA,NA,1129
9506,-3.091619395,4.532402872,1.817541606,55,214,1058,13.23333359,NA,NA,692
9507,-1.096111377,6.634643931,0.264186419,60,201,579,16.04999924,NA,NA,257
9508,-2.177068931,4.846597073,1.004905216,59,247,789,14.17083359,0.205455795,0.516496301,275
9509,-1.653623676,5.420522009,0.53620463,55,214,754,14.92500019,NA,NA,360
9510,-1.46999167,5.927588275,0.285968142,61,227,636,14.72916698,0.264116108,0.330698997,291
9511,-1.812650974,6.101582077,0.619429555,58,167,628,16.03750038,NA,NA,280
9512,-1.306330277,6.764050428,0.667061853,60,176,581,16.24166679,NA,NA,239
9513,1.25199178,6.172550799,0.793546586,72,243,442,14.8125,NA,NA,240
9514,0.790344643,5.77248616,0.254354947,72,227,462,14.22916698,NA,NA,258
9515,-1.029446449,6.03310473,0.756371999,61,230,624,16.61249924,0.166732997,0.408903092,300
9517,-7.417646929,0.960016952,5.22364938,NA,NA,1671,12.73333359,0.174964294,0.40596348,NA
9518,0.79897883,4.274542446,-0.590092376,72,225,427,12.625,NA,NA,492
9519,-1.579696285,1.262972636,0.18001777,68,291,798,13.70416641,0.133279994,0.528680146,446
9520,1.462750295,4.220786514,-0.989282417,76,234,378,11.77083302,0.145025402,0.47001186,279
9521,-1.038776442,3.195563957,0.1648669,63,243,627,14.79166698,NA,NA,492
9522,-2.224929699,5.501063382,0.923033074,62,243,730,16.61666679,0.264116108,0.330698997,377
9523,1.552954413,5.484696847,0.461937611,76,231,430,14.59583282,0.1507494,0.47001186,264
9524,-1.315936705,1.733571132,-0.358464205,66,304,733,10.47916698,NA,NA,531
9525,-2.288784478,-0.827171063,0.786781439,62,270,1171,7.699999809,0.201674193,0.646012485,622
9526,-1.742692617,2.954365907,0.284669833,69,288,679,14.64999962,NA,NA,383
9527,-1.515654603,2.767761658,0.260731718,59,250,883,10.49166679,0.109013602,0.523103118,534
9528,1.630519034,3.752830749,0.478387592,76,241,440,10.75833321,NA,NA,298
9529,0.321298514,5.256956366,0.086778456,68,229,678,11.51666641,NA,NA,379
9530,0.588714252,6.431619495,0.947537057,66,203,521,14.55000019,0.264116108,0.330698997,216
9531,1.171977849,4.431532086,-1.024442815,71,252,390,11.83333302,NA,NA,616
9532,0.697840402,3.83917967,-1.215372429,73,251,463,11.61666679,NA,NA,393
9533,1.057032449,3.858208044,-1.198652264,72,248,406,11.65833378,NA,NA,387
9534,1.291860444,5.868853224,-0.702275146,72,220,336,15.32083321,0.133279994,0.528680146,280
9535,-0.89764835,3.83166029,-0.869616569,74,243,546,14.64999962,NA,NA,411
9536,0.684724921,3.462509528,-0.026819429,68,260,549,11,0.204907894,0.449428082,517
9537,-0.933148699,5.825040822,1.402330297,64,219,651,15.02916718,NA,NA,260
9539,-2.793652186,3.096030908,0.714850012,58,232,969,11.72083378,0.205455795,0.516496301,523
9540,-1.725521253,0.802632178,0.279692815,62,266,846,10.40416718,NA,NA,481
9541,-0.350018703,6.209837579,1.741034223,66,213,635,15.00833321,NA,NA,218
9542,-0.71305996,1.458306292,-0.900944909,57,274,850,6.395833492,NA,NA,763
9543,-2.005742003,5.202463604,1.081687311,60,259,771,12.625,0.264116108,0.330698997,441
9544,0.277268222,5.68170214,0.016879835,66,232,522,14.32916641,NA,NA,406
9545,-0.256537371,5.640355093,0.76665139,60,203,589,14.79166698,NA,NA,515
9546,0.864282272,3.398295145,0.396989255,71,257,513,10.125,0.148931205,0.530736446,388
9547,-1.983286972,2.461249921,0.538696103,62,314,770,13.04583359,NA,NA,506
9548,-0.374056835,1.975013964,-0.879575897,64,238,686,9.375,0.145025402,0.47001186,482
9549,0.775495,3.680697992,-0.836186548,76,236,489,11.16666698,NA,NA,270
9550,-3.160065029,-1.073100724,-0.171645074,59,287,1095,5.845833302,0.192325905,0.595708787,722
9551,-1.059132675,2.985383168,0.199274315,66,271,726,11.7541666,NA,NA,319
9552,1.227486005,3.68352724,-1.179070947,69,267,404,11.1208334,NA,NA,486
9553,0.782479679,4.318894933,-0.95927399,76,228,412,12.30000019,NA,NA,412
9554,1.621624818,6.264498669,1.073265649,73,225,433,14.5583334,NA,NA,237
9555,1.263945282,5.412434888,0.079571972,70,225,435,12.92916679,0.264116108,0.330698997,448
9556,0.844590281,4.756938935,-0.348982307,75,236,415,14.53333282,0.166732997,0.408903092,250
9557,-2.002243673,-1.082026804,0.860615756,67,278,1014,9.783332825,0.201674193,0.646012485,570
9558,-0.301225835,4.035666244,-0.393505198,73,252,616,12.59583378,NA,NA,382
9559,0.233285589,7.261264893,1.31013213,71,222,487,17.18333244,0.1507494,0.47001186,273
9560,-0.624478921,6.270823972,1.984116025,69,239,642,15.57499981,NA,NA,255
9561,0.793643753,3.491310785,-1.133148038,71,261,477,10.8083334,NA,NA,362
9562,-0.880881542,1.431927919,0.298511466,64,299,708,11.27083302,0.190853894,0.394863456,569
9564,0.73557019,2.404679392,0.202714534,71,220,580,9.600000381,0.1507494,0.47001186,539
9565,-2.902686484,0.07059937,-0.125809042,61,307,1044,10.52499962,0.115457103,0.600958705,657
9567,-2.612208232,-1.954183472,0.383227105,64,274,1022,8.600000381,0.201674193,0.646012485,613
9568,-3.28274852,-3.459391429,0.894585557,61,290,1411,4.6875,0.201674193,0.646012485,672
9569,-4.209328286,-1.113485016,1.341401976,57,289,1260,10.15416718,0.115457103,0.600958705,775
9571,-3.884710581,0.649204142,0.035840887,57,288,1034,11.50833321,0.115457103,0.600958705,1002
9573,-1.385019314,3.036770578,0.138963546,63,278,654,13.64583302,NA,NA,494
9574,1.711334248,6.25740313,1.054802072,66,251,435,13.30416679,0.1507494,0.47001186,496
9576,0.514903783,2.752119465,-1.237957506,73,242,733,10.41250038,0.207930595,0.449428082,383
9577,-3.713133864,-3.690403227,0.804743345,64,274,1270,9.091667175,0.207930595,0.449428082,525
9578,-3.293181285,0.338368369,1.221704553,62,310,1178,9.904167175,0.133279994,0.528680146,519
9579,1.246682099,7.173181201,1.020303175,71,237,409,14.98333359,NA,NA,338
9581,-1.83964493,0.400622208,-0.70988934,68,280,712,10.30000019,0.115457103,0.600958705,554
9582,1.397774833,3.994513286,-0.278472985,74,207,418,11.57916641,0.203838602,0.408903092,380
9583,0.269329809,2.408567082,0.649185737,61,235,903,4.599999905,0.264116108,0.330698997,372
9584,0.863307516,3.131711294,-1.213800524,73,245,580,10.05416679,0.153037205,0.530736446,345
9585,-6.059968524,0.804909499,1.545584123,50,347,1293,12.33333302,0.170208201,0.615019619,1076
9586,0.748824025,2.946382873,-1.187889404,71,250,427,11.0666666,0.190853894,0.394863456,477
9587,1.094402036,4.062814585,-0.320892228,75,226,412,11.60833359,NA,NA,326
9588,0.094739026,2.071514882,0.546055698,77,276,696,11.79166698,0.2464073,0.516496301,336
9589,1.244613169,3.630073458,-0.808145364,74,263,440,10.72499943,NA,NA,337
9590,-3.742186813,1.359647098,-0.789413912,59,363,925,12.70833302,0.115457103,0.600958705,851
9591,-2.264169181,1.741124669,-0.511210249,68,294,813,11.02499962,NA,NA,625
9592,0.015397649,3.770448848,-0.710093527,71,244,525,12.21249962,NA,NA,390
9593,-0.544619293,1.105662619,-1.041004794,61,262,687,7.029166698,0.145025402,0.47001186,593
9594,-0.356537423,1.211890018,0.248682211,72,278,696,10.02499962,NA,NA,399
9595,0.913062969,4.339756904,-1.137873721,67,259,435,12.23750019,NA,NA,309
9596,-7.833290448,0.957065353,5.47947019,51,405,1747,13.14999962,NA,NA,803
9597,-0.072722188,2.099139983,-1.092911997,73,241,524,11.34583378,0.109013602,0.523103118,389
9598,-1.826883726,2.783472779,0.783091473,60,242,824,12.05000019,0.190853894,0.394863456,611
9599,-1.732639649,1.229528364,0.045825087,61,314,912,9.920833588,0.190853894,0.394863456,605
9600,-0.465716897,5.644210392,0.38490163,67,227,525,15.76249981,0.166732997,0.408903092,283
9601,0.589140933,3.577655087,-0.697086736,74,271,596,10.78333282,0.240002498,0.30701068,354
9602,1.154317641,5.353394469,-0.503203027,71,227,380,14.09583282,0.133279994,0.528680146,254
9606,0.92940312,5.41139624,-0.152430208,75,226,451,14.0666666,0.265020311,0.368687928,255
9607,5.296820991,-1.744314394,1.58063666,64,309,532,4.370833397,0.081159569,0.554179728,685
9608,7.785334063,-1.301635476,1.461556756,74,295,317,2.683333158,0.076333538,0.455108225,522
9609,8.019772177,-1.40209958,1.49274964,73,265,316,1.866666675,0.076333538,0.455108225,448
9610,5.432100332,-1.627474741,1.782245188,64,318,533,4.466666698,0.081159569,0.554179728,699
9611,5.432100332,-1.627474741,1.782245188,64,311,530,4.566666603,0.081159569,0.554179728,771
9612,5.432100332,-1.627474741,1.782245188,65,301,533,4.504166603,0.081159569,0.554179728,717
9613,5.899631023,-1.712263394,1.377366053,65,396,436,2.991666794,NA,NA,407
9615,5.291990548,-1.107877252,1.747389819,62,314,527,4.325000286,0.081159569,0.554179728,838
9616,5.432100332,-1.627474741,1.782245188,64,305,533,4.429166794,0.081159569,0.554179728,732
9617,7.785334063,-1.301635476,1.461556756,74,295,317,2.683333158,0.076333538,0.455108225,522
9619,7.754174779,-0.496621814,1.91065476,72,240,304,2.908333302,0.152240798,0.549706042,477
9620,7.990637672,-0.683269065,1.932105059,77,236,298,2.883333445,0.053578131,0.400406539,434
9621,7.754174779,-0.496621814,1.91065476,75,252,303,2.950000048,0.152240798,0.549706042,591
9622,6.312323178,-1.947605635,2.677965886,67,289,571,3,NA,NA,478
9624,7.758275214,-1.429034705,1.563395759,66,365,335,1.754166603,NA,NA,553
9625,4.78416856,-2.390794005,1.364956033,61,314,607,2.700000048,0.105928697,0.746570289,506
9626,5.166154562,-2.201884665,1.697785634,62,283,607,2.795833349,0.250772089,0.799814105,511
9627,4.78416856,-2.390794005,1.364956033,67,303,608,2.729166746,0.105928697,0.746570289,616
9628,4.78416856,-2.390794005,1.364956033,62,312,608,2.6875,0.105928697,0.746570289,630
9629,5.477438377,-1.957133949,2.032715663,67,301,598,3,NA,NA,470
9630,5.71510869,-1.873361218,2.052779466,67,298,598,2.854166746,NA,NA,509
9631,7.531102572,-1.074002463,1.639248991,70,245,334,2.725000143,0.237481505,0.707933247,270
9632,7.48782137,-1.039561767,1.609819092,70,251,334,2.662499905,0.237481505,0.707933247,266
9633,7.531102572,-1.074002463,1.639248991,73,266,335,2.520833254,0.237481505,0.707933247,342
9634,7.678445491,-1.780867013,1.410226912,64,331,350,1.220833302,0.1445999,0.836719394,365
9635,7.472914015,-1.066772488,1.483463613,73,255,325,2.583333254,0.237481505,0.707933247,306
9636,7.48782137,-1.039561767,1.609819092,72,239,335,2.6875,0.237481505,0.707933247,317
9637,7.483433878,-1.187011074,1.732472907,NA,NA,340,2.666666746,NA,NA,NA
9638,7.483433878,-1.187011074,1.732472907,73,260,345,2.583333254,NA,NA,249
9639,7.585703637,-1.520603159,1.421983641,65,333,342,1.316666603,NA,NA,311
9640,7.751905073,-0.736854023,1.87888982,73,246,311,2.791666746,NA,NA,462
9641,7.751905073,-0.736854023,1.87888982,74,243,311,2.758333445,NA,NA,473
9642,7.751905073,-0.736854023,1.87888982,74,266,311,2.829166651,NA,NA,341
9643,7.696577834,-0.691311048,1.682292214,76,240,309,2.941666842,0.237481505,0.707933247,366
9644,0.463627596,0.639514334,1.40398299,NA,NA,730,11.3125,NA,NA,NA
9645,0.72681997,0.768886569,1.273634845,67,252,712,11.14166641,0.132647306,0.746570289,454
9646,-3.132275669,2.34523349,0.554388658,66,245,969,14.40833282,0.133279994,0.528680146,459
9647,-1.111811816,4.782676849,0.287537615,75,261,625,16.35833359,NA,NA,278
9648,-2.876438118,3.98115908,1.472664775,71,268,894,16.52916718,NA,NA,308
9649,-3.132275669,2.34523349,0.554388658,66,245,969,14.40833282,0.133279994,0.528680146,459
9651,-2.378398358,1.874351455,0.093512374,71,251,1049,15.41250038,NA,NA,336
9653,-3.185225432,3.623298353,0.646195409,66,221,895,15.38749981,NA,NA,419
9655,-3.480670267,3.573040008,1.427360826,70,253,969,16.21666718,0.166732997,0.408903092,375
9656,-0.829077077,4.283901788,-0.386573131,72,280,581,13.72916698,0.207930595,0.449428082,347
9657,-3.185225432,3.623298353,0.646195409,67,219,882,17.75,NA,NA,398
9658,-3.480670267,3.573040008,1.427360826,66,266,955,15.65833282,0.166732997,0.408903092,411
9659,-2.199294526,2.908183153,0.963182236,NA,NA,869,15.02500057,0.133279994,0.528680146,NA
9660,-2.750596434,3.114670248,1.212150738,69,263,974,15.85416698,NA,NA,355
9661,-2.656535464,4.477950944,1.569563885,70,250,867,16.79166603,NA,NA,345
9663,-2.431810509,3.160988709,1.388856854,74,271,856,14.32499981,NA,NA,310
9664,0.970508197,0.379924637,0.173042792,65,307,796,11.15000057,NA,NA,782
9665,0.970508197,0.379924637,0.173042792,65,307,796,11.15000057,NA,NA,782
9666,0.970508197,0.379924637,0.173042792,65,307,796,11.15000057,NA,NA,782
9667,0.970508197,0.379924637,0.173042792,65,307,796,11.15000057,NA,NA,782
9668,0.970508197,0.379924637,0.173042792,59,293,796,11.23333359,NA,NA,854
9669,0.970508197,0.379924637,0.173042792,59,293,796,11.23333359,NA,NA,854
9670,0.970508197,0.379924637,0.173042792,59,293,796,11.23333359,NA,NA,854
9671,0.970508197,0.379924637,0.173042792,59,293,796,11.23333359,NA,NA,854
9672,0.970508197,0.379924637,0.173042792,59,293,796,11.23333359,NA,NA,854
9673,0.970508197,0.379924637,0.173042792,59,293,796,11.23333359,NA,NA,854
9676,0.970508197,0.379924637,0.173042792,59,293,796,11.23333359,NA,NA,854
9677,0.970508197,0.379924637,0.173042792,59,293,796,11.23333359,NA,NA,854
9678,0.970508197,0.379924637,0.173042792,59,293,796,11.23333359,NA,NA,854
9679,0.970508197,0.379924637,0.173042792,68,292,647,10.92500019,NA,NA,833
9680,0.970508197,0.379924637,0.173042792,68,292,647,10.92500019,NA,NA,833
9681,0.970508197,0.379924637,0.173042792,68,292,647,10.92500019,NA,NA,833
9682,0.970508197,0.379924637,0.173042792,68,292,647,10.92500019,NA,NA,833
9683,0.970508197,0.379924637,0.173042792,68,292,647,10.92500019,NA,NA,833
9684,0.970508197,0.379924637,0.173042792,68,292,647,10.92500019,NA,NA,833
9685,0.970508197,0.379924637,0.173042792,68,292,647,10.92500019,NA,NA,833
9686,0.970508197,0.379924637,0.173042792,68,292,647,10.92500019,NA,NA,833
9687,0.970508197,0.379924637,0.173042792,68,292,647,10.92500019,NA,NA,833
9689,0.970508197,0.379924637,0.173042792,68,292,647,10.92500019,NA,NA,833
9690,0.970508197,0.379924637,0.173042792,68,292,647,10.92500019,NA,NA,833
9691,0.970508197,0.379924637,0.173042792,68,292,647,10.92500019,NA,NA,833
9692,0.970508197,0.379924637,0.173042792,68,292,647,10.92500019,NA,NA,833
9693,0.970508197,0.379924637,0.173042792,68,292,647,10.92500019,NA,NA,833
9694,0.970508197,0.379924637,0.173042792,68,292,647,10.92500019,NA,NA,833
9695,0.970508197,0.379924637,0.173042792,68,292,647,10.92500019,NA,NA,833
9696,0.970508197,0.379924637,0.173042792,68,292,647,10.92500019,NA,NA,833
9697,0.918969417,1.478022376,-0.344933953,67,279,616,9.166666985,NA,NA,347
9698,0.918969417,1.478022376,-0.344933953,67,250,539,11.21666718,NA,NA,323
9699,1.198017785,2.345009188,-0.224421897,72,253,495,12.57499981,NA,NA,364
9700,1.676117214,1.397289991,0.531957992,66,251,582,10.23750019,NA,NA,556
9701,2.154431923,1.562431608,1.540819493,68,284,574,11.49166679,NA,NA,533
9703,0.712753081,0.720011832,-0.645610655,69,241,542,12.07499981,0.122625902,0.523103118,358
9704,0.712753081,0.720011832,-0.645610655,69,241,542,12.07499981,0.122625902,0.523103118,358
9705,1.179498814,3.196289998,-0.134310397,71,254,470,13.52083302,NA,NA,330
9706,0.375574323,-0.242435069,-0.988474432,67,279,638,7.620833397,0.190853894,0.394863456,417
9707,0.25312001,0.654189144,-0.472774423,63,268,641,9.662499428,0.133279994,0.528680146,544
9708,0.469368885,2.618627326,0.277952004,69,302,600,12.0041666,NA,NA,281
9709,1.885121531,1.808688713,0.42521428,69,240,522,11.97500038,NA,NA,388
9710,1.885121531,1.808688713,0.42521428,69,240,522,11.97500038,NA,NA,388
9711,1.676117214,1.397289991,0.531957992,66,251,582,10.23750019,NA,NA,556
9712,1.676117214,1.397289991,0.531957992,66,251,582,10.23750019,NA,NA,556
9713,0.921045314,1.927550784,0.756095507,64,243,603,11.11250019,0.109013602,0.523103118,427
9714,0.817805205,2.838980697,0.426399863,64,234,578,12.27916718,NA,NA,477
9716,0.25312001,0.654189144,-0.472774423,64,239,638,10.17916679,0.133279994,0.528680146,397
9717,0.469368885,2.618627326,0.277952004,64,282,596,12.07916641,NA,NA,439
9718,0.143576455,0.204997589,-0.635022705,58,281,650,8.837499619,0.133279994,0.528680146,562
9719,0.56223206,2.664307375,0.206729412,66,243,576,12.53333378,0.133279994,0.528680146,300
9720,0.56223206,2.664307375,0.206729412,68,265,586,12.0583334,0.133279994,0.528680146,336
9721,0.791086578,-0.3325631,0.380199957,60,262,670,9.324999809,0.297267407,0.361074358,686
9722,0.442560838,0.166852047,-0.72943962,63,275,639,9.225000381,0.133279994,0.528680146,522
9723,0.922376813,1.72825658,-0.479342532,64,300,574,8.850000381,0.133279994,0.528680146,512
9725,-0.846503356,5.551086275,0.680596869,75,198,600,15.5583334,0.209540099,0.30701068,289
9726,-2.287562737,5.49270576,1.730890751,73,209,737,17.17499924,NA,NA,335
9727,-2.350572087,5.904195004,1.835093602,73,220,760,16.62916756,NA,NA,368
9728,0.727564889,-1.22009269,0.400191913,58,320,798,7.016666889,NA,NA,768
9729,0.727564889,-1.22009269,0.400191913,58,320,798,7.016666889,NA,NA,768
9730,0.727564889,-1.22009269,0.400191913,NA,NA,775,7.541666985,NA,NA,NA
9731,0.727564889,-1.22009269,0.400191913,58,320,798,7.016666889,NA,NA,768
9732,0.727564889,-1.22009269,0.400191913,60,320,775,7.079166889,NA,NA,849
9733,0.727564889,-1.22009269,0.400191913,NA,NA,775,7.541666985,NA,NA,NA
9735,0.727564889,-1.22009269,0.400191913,NA,NA,775,7.541666985,NA,NA,NA
9736,2.132712203,1.056851907,1.066328372,61,327,565,10.1833334,NA,NA,474
9737,1.241739454,0.476586051,0.930352246,67,245,621,10.28750038,NA,NA,458
9738,1.808482023,-0.695645358,0.433045678,60,291,624,6.708333492,NA,NA,459
9739,0.94607468,0.000927613,0.843198241,62,242,647,9.841667175,0.119350404,0.673712075,523
9741,1.30372973,0.224432589,0.730109946,65,272,597,10.1833334,0.119350404,0.673712075,398
9743,1.534840338,0.122381961,0.66754019,65,201,631,8.675000191,0.103331998,0.619814992,490
9744,2.098341014,0.485719651,0.974129352,NA,NA,571,9.899999619,NA,NA,NA
9745,1.800814455,0.577734834,1.235406437,66,291,768,2.700000048,0.456777394,0.19788456,433
9747,0.839531832,0.780114806,1.032232177,66,256,651,11.1291666,NA,NA,476
9748,0.684750919,-0.412912399,0.485111422,64,258,698,9.875,NA,NA,545
9749,0.958713913,0.658108692,0.426449608,65,245,654,10.3166666,NA,NA,480
9754,0.843278867,0.535621203,1.078763502,62,230,665,10.73333359,NA,NA,527
9755,1.489375043,1.333253786,1.021204378,67,265,607,11.57499981,NA,NA,532
9756,0.810540833,0.968943565,1.147178281,64,234,652,11.1291666,NA,NA,479
9757,0.810540833,0.968943565,1.147178281,64,234,652,11.1291666,NA,NA,479
9758,8.9097537,-0.217872908,1.005480974,82,243,174,3.833333254,0.050612289,1,328
9759,-1.969260636,2.35081762,2.987821833,NA,NA,1062,13.55000019,NA,NA,NA
9761,-4.772742769,4.998162364,5.114686476,71,278,1081,16.13333321,NA,NA,452
9762,-0.834040668,2.556075838,-0.957196508,64,206,682,9.266666412,0.190853894,0.394863456,579
9764,-3.101034094,3.841301503,3.476528163,66,277,1133,14.70833302,NA,NA,489
9766,7.384808631,-3.065996836,0.90463246,66,270,458,-1.929166675,0.456777394,0.19788456,408
9768,-0.359433989,-0.72654826,-0.120527675,56,277,735,8.691666603,0.115457103,0.600958705,855
9769,-0.703556475,-1.064331017,0.113514904,60,314,760,8.470833778,NA,NA,682
9770,-0.359433989,-0.72654826,-0.120527675,57,299,760,8.858333588,0.115457103,0.600958705,790
9771,-0.359433989,-0.72654826,-0.120527675,56,270,743,8.433333397,0.115457103,0.600958705,743
9772,-0.523865789,-0.925699414,0.20825569,66,328,808,8.412500381,NA,NA,413
9774,-0.304525442,-0.557530452,0.083445279,64,282,735,8.845832825,NA,NA,596
9775,-1.011149868,-1.419938488,0.244122618,55,287,808,8.120833397,NA,NA,704
9776,-1.011149868,-1.419938488,0.244122618,NA,NA,816,8.125,NA,NA,NA
9777,-0.304525442,-0.557530452,0.083445279,62,291,735,8.729166985,NA,NA,720
9778,-0.523865789,-0.925699414,0.20825569,65,290,808,8.333333015,NA,NA,472
9779,-1.011149868,-1.419938488,0.244122618,63,321,870,8.333333015,NA,NA,408
9780,-1.011149868,-1.419938488,0.244122618,NA,NA,816,8.125,NA,NA,NA
9781,-0.359433989,-0.72654826,-0.120527675,61,324,743,8.662500381,0.115457103,0.600958705,814
9782,-0.359433989,-0.72654826,-0.120527675,NA,NA,743,9.050000191,0.115457103,0.600958705,NA
9783,-0.359433989,-0.72654826,-0.120527675,NA,NA,760,9.166666985,0.115457103,0.600958705,NA
9784,-1.011149868,-1.419938488,0.244122618,63,326,816,8.375,NA,NA,426
9785,-0.359433989,-0.72654826,-0.120527675,NA,NA,760,8.829166412,0.115457103,0.600958705,NA
9786,-0.359433989,-0.72654826,-0.120527675,58,288,760,8.699999809,0.115457103,0.600958705,684
9787,-0.743598479,-1.477517517,0.233412209,NA,NA,758,9.066666603,NA,NA,NA
9788,-0.359433989,-0.72654826,-0.120527675,57,299,760,8.858333588,0.115457103,0.600958705,790
9789,-0.523865789,-0.925699414,0.20825569,55,290,808,8.125,NA,NA,692
9790,-0.304525442,-0.557530452,0.083445279,65,282,735,8.658332825,NA,NA,579
9791,-0.304525442,-0.557530452,0.083445279,55,264,750,8.658332825,NA,NA,775
9792,-0.359433989,-0.72654826,-0.120527675,56,281,743,8.766666412,0.115457103,0.600958705,767
9793,-0.359433989,-0.72654826,-0.120527675,56,277,735,8.691666603,0.115457103,0.600958705,855
9794,-0.359433989,-0.72654826,-0.120527675,64,321,743,9.091667175,0.115457103,0.600958705,557
9795,-0.743598479,-1.477517517,0.233412209,65,299,771,8.691666603,NA,NA,539
9796,-0.523865789,-0.925699414,0.20825569,65,290,808,8.333333015,NA,NA,472
9797,-0.359433989,-0.72654826,-0.120527675,NA,NA,760,8.829166412,0.115457103,0.600958705,NA
9798,-0.359433989,-0.72654826,-0.120527675,58,288,760,8.699999809,0.115457103,0.600958705,684
9799,-0.523865789,-0.925699414,0.20825569,64,294,808,8.362500191,NA,NA,450
9800,-0.359433989,-0.72654826,-0.120527675,58,288,760,8.699999809,0.115457103,0.600958705,684
9801,-0.359433989,-0.72654826,-0.120527675,58,288,760,8.699999809,0.115457103,0.600958705,684
9802,-0.359433989,-0.72654826,-0.120527675,65,298,743,8.662500381,0.115457103,0.600958705,620
9803,-1.011149868,-1.419938488,0.244122618,62,284,870,8.583333015,NA,NA,413
9804,-0.523865789,-0.925699414,0.20825569,63,303,816,8.412500381,NA,NA,780
9805,-0.359433989,-0.72654826,-0.120527675,56,281,743,8.766666412,0.115457103,0.600958705,767
9806,-0.359433989,-0.72654826,-0.120527675,56,271,735,8.887499809,0.115457103,0.600958705,718
9807,-0.304525442,-0.557530452,0.083445279,67,276,750,8.833333015,NA,NA,576
9808,-0.359433989,-0.72654826,-0.120527675,64,321,743,9.091667175,0.115457103,0.600958705,557
9809,-0.359433989,-0.72654826,-0.120527675,NA,NA,760,9.166666985,0.115457103,0.600958705,NA
9810,-0.359433989,-0.72654826,-0.120527675,NA,NA,743,9.100000381,0.115457103,0.600958705,NA
9811,-0.359433989,-0.72654826,-0.120527675,NA,NA,760,9.166666985,0.115457103,0.600958705,NA
9812,-0.359433989,-0.72654826,-0.120527675,65,268,760,9.129166603,0.115457103,0.600958705,624
9813,-1.011149868,-1.419938488,0.244122618,60,280,837,8.158332825,NA,NA,681
9814,-1.011149868,-1.419938488,0.244122618,63,291,816,8.120833397,NA,NA,446
9815,-0.359433989,-0.72654826,-0.120527675,NA,NA,760,8.829166412,0.115457103,0.600958705,NA
9816,-0.359433989,-0.72654826,-0.120527675,59,277,760,8.583333015,0.115457103,0.600958705,843
9817,-0.944738654,5.829048084,0.609132779,63,234,596,15.98333359,0.166732997,0.408903092,272
9819,-0.212548693,2.614385903,-1.0820258,61,305,608,9.920833588,NA,NA,619
9820,1.215422087,4.176064871,-1.296357228,72,229,389,11.63333321,NA,NA,345
9821,-1.725521253,0.802632178,0.279692815,62,313,872,12.77499962,NA,NA,485
9822,0.851603377,3.893763423,-1.199826377,71,215,402,13.30416679,0.133279994,0.528680146,559
9823,-4.108967672,1.472269823,-0.385426878,57,270,964,12.8708334,0.259354115,0.61393708,1019
9824,-1.859963199,0.254044272,-0.800689611,61,305,815,7.875,0.115457103,0.600958705,619
9825,1.154317641,5.353394469,-0.503203027,NA,NA,400,14.28750038,0.133279994,0.528680146,NA
9826,-3.4066069,1.357501751,1.631887587,66,307,1007,12.02916718,0.192325905,0.595708787,349
9827,-3.436736672,-2.714305751,1.050774977,59,298,1191,10.4958334,0.201674193,0.646012485,550
9828,-1.71112392,2.20652064,0.877414768,62,307,946,10.1875,NA,NA,345
9830,0.645481482,5.314064105,0.128336354,68,211,647,11.2541666,NA,NA,317
9831,1.531326555,6.345867614,1.071426074,72,212,438,14.39583302,0.264116108,0.330698997,297
9832,1.172767763,5.158697821,-0.436823421,75,226,404,13.72500038,0.264116108,0.330698997,398
9833,1.208008396,4.853800405,-1.098080055,72,242,350,14.01249981,0.133279994,0.528680146,239
9834,0.973389368,4.463871939,-0.874906437,NA,NA,380,13.77916622,0.264116108,0.330698997,NA
9835,-2.861629022,3.531250245,1.490882732,57,220,970,13.14999962,0.153037205,0.530736446,397
9836,1.477945868,3.759728179,-0.043607501,67,228,418,11.125,0.268123686,0.330698997,557
9837,-0.761510506,6.000955081,1.473086126,61,227,662,14.20416641,0.133279994,0.528680146,478
9838,0.020777759,4.002706897,-0.689811898,72,244,522,12.14166641,NA,NA,414
9839,1.208008396,4.853800405,-1.098080055,69,231,374,12.32083321,0.133279994,0.528680146,558
9840,1.561889094,3.805985611,0.240555856,68,223,430,11.97083378,0.240002498,0.30701068,470
9841,0.851603377,3.893763423,-1.199826377,66,235,424,11.60833359,0.133279994,0.528680146,566
9843,0.973389368,4.463871939,-0.874906437,NA,NA,401,14.02916622,0.264116108,0.330698997,NA
9844,-0.011951474,2.3731119,0.320463411,75,280,635,13.70416641,0.190853894,0.394863456,491
9845,1.154317641,5.353394469,-0.503203027,72,226,380,14.20416641,0.133279994,0.528680146,250
9846,-0.818163395,0.841805477,-1.343738692,63,281,608,10.25,0.205455795,0.516496301,530
9847,-3.484037136,1.275665854,-0.617615337,NA,NA,936,13.08749962,0.115457103,0.600958705,NA
9848,-0.782716408,4.44427943,-0.149402519,60,241,714,13.44999981,NA,NA,565
9849,0.851603377,3.893763423,-1.199826377,65,250,528,11.28750038,0.133279994,0.528680146,496
9850,-3.340171577,-2.142134916,0.367041749,66,237,1180,7.362500191,0.259354115,0.61393708,588
9851,-3.770855435,-1.256796319,1.310110467,62,276,1292,8.329166412,0.192325905,0.595708787,544
9852,1.004995289,5.370239108,-0.389376329,NA,NA,404,14.36250019,NA,NA,NA
9853,-3.819814325,0.616704582,-0.367366088,59,327,976,13.1875,0.115457103,0.600958705,908
9854,-4.108967672,1.472269823,-0.385426878,61,300,964,13.1208334,0.259354115,0.61393708,899
9855,0.973389368,4.463871939,-0.874906437,73,208,396,13.64166641,0.264116108,0.330698997,359
9856,0.973389368,4.463871939,-0.874906437,73,230,374,13.72083378,0.264116108,0.330698997,330
9857,1.190357813,5.578764268,-0.134025229,NA,NA,399,14.375,NA,NA,NA
9858,-0.033945186,2.186221533,-0.931617727,57,242,799,8.237500191,0.207930595,0.449428082,683
9859,1.154317641,5.353394469,-0.503203027,NA,NA,395,13.91666698,0.133279994,0.528680146,NA
9860,-0.072722188,2.099139983,-1.092911997,69,227,602,9.995833397,0.109013602,0.523103118,463
9861,1.396515361,4.921652002,-0.514018978,74,242,392,13.07916641,NA,NA,301
9862,1.004995289,5.370239108,-0.389376329,NA,NA,415,14.17916679,NA,NA,NA
9864,-1.666530281,3.206737523,0.582142291,67,280,740,14.63749981,NA,NA,466
9866,0.120691227,1.581201705,-1.40821407,66,221,569,9.350000381,0.205455795,0.516496301,562
9867,1.327126316,4.241803175,-1.053924517,66,234,394,11.3791666,0.190853894,0.394863456,560
9868,-1.725521253,0.802632178,0.279692815,64,301,846,11.63749981,NA,NA,534
9869,-1.747900481,5.505053786,1.348144633,60,245,741,14.13333321,NA,NA,389
9870,1.150079435,4.188641854,0.292928006,76,219,458,15.10833359,NA,NA,361
9871,-0.613763062,1.833955243,-0.517902173,61,240,666,9.137499809,0.264116108,0.330698997,622
9873,-0.568222037,6.574878986,1.399656628,65,202,633,15.88333321,0.133279994,0.528680146,275
9874,-0.071907667,2.948031141,-1.086175584,73,309,608,10.16250038,NA,NA,360
9875,-4.108967672,1.472269823,-0.385426878,55,311,964,12.42083359,0.259354115,0.61393708,1043
9876,0.360961481,3.807684439,-0.055539286,66,237,600,10.97916698,NA,NA,534
9877,-3.165520182,-0.396973985,-0.321657761,60,292,1049,7.466666698,0.115457103,0.600958705,729
9878,1.259451611,4.899099394,-0.567343732,74,229,413,12.3791666,0.204907894,0.449428082,406
9879,0.72941177,7.381853821,-0.732370983,78,179,293,16.58749962,NA,NA,191
9880,-1.600368225,2.070685881,-0.91964787,69,294,697,11.63749981,0.145025402,0.47001186,512
9881,-1.273425555,1.413348202,-0.160770273,67,237,723,10.6291666,0.256222099,0.484887421,334
9882,1.208008396,4.853800405,-1.098080055,69,245,374,12.66666698,0.133279994,0.528680146,478
9883,-0.477021437,0.794959163,-0.987058511,71,265,707,8.1875,0.145025402,0.47001186,381
9885,0.03006863,2.110477639,-1.010725967,70,246,612,10.04166698,0.153037205,0.530736446,461
9886,-2.780421885,-2.523295854,0.471151537,66,313,980,9.004166603,0.2464073,0.516496301,518
9887,0.494524888,3.078058484,-1.323473539,74,249,532,12.41249943,0.264116108,0.330698997,248
9888,1.327126316,4.241803175,-1.053924517,72,246,396,12.13333321,0.190853894,0.394863456,278
9890,-2.601120168,-0.398687777,-0.639283314,64,299,979,10.40416622,0.115457103,0.600958705,656
9891,-1.385019314,3.036770578,0.138963546,61,313,707,13.64583302,NA,NA,503
9892,-4.689854328,-0.088416919,1.957403822,55,315,1274,10.59166622,0.115457103,0.600958705,617
9894,-3.486783203,-3.9418598,1.20946586,61,324,1448,6.620833397,0.201674193,0.646012485,623
9895,-1.983286972,2.461249921,0.538696103,67,294,816,13.97916698,NA,NA,474
9897,0.449213715,4.227189494,-0.716335051,69,234,559,12.29166698,NA,NA,420
9898,0.197675364,2.362795154,-0.999308848,68,242,653,8.604166985,0.133279994,0.528680146,381
9899,-3.610044941,-4.734038859,1.240207092,60,294,1255,7.120833397,0.201674193,0.646012485,632
9900,-0.741174602,7.555066906,1.399987483,73,176,533,18.59166718,NA,NA,208
9901,-0.544619293,1.105662619,-1.041004794,62,251,687,7.945833206,0.145025402,0.47001186,581
9902,1.396515361,4.921652002,-0.514018978,73,251,392,12.80000019,NA,NA,320
9903,-0.818163395,0.841805477,-1.343738692,67,252,624,8.887499809,0.205455795,0.516496301,527
9904,1.327126316,4.241803175,-1.053924517,70,252,396,12.15833378,0.190853894,0.394863456,456
9905,-0.71305996,1.458306292,-0.900944909,58,238,666,7.879166603,NA,NA,642
9906,-1.227004729,5.421582588,-0.758352902,NA,NA,545,16.95416641,NA,NA,NA
9908,-1.703231233,-0.228657338,-1.409169635,72,260,763,10.33333302,NA,NA,491
9909,-1.490529573,-0.071171303,-1.698028043,69,260,739,10.05416679,NA,NA,493
9910,-1.801972725,-0.456464451,-1.327581782,57,255,773,10.15833378,NA,NA,543
9911,-1.442116427,-1.102186063,-0.357207099,61,324,895,9,0.259354115,0.61393708,783
9912,-1.310490394,-0.416933126,-0.265534653,59,334,831,10.15833282,0.259354115,0.61393708,537
9914,-1.532484271,-0.779011348,-0.670427729,68,285,840,10.2458334,NA,NA,530
9915,-1.752342906,-0.848116561,-0.994354263,59,296,807,9.583333015,0.259354115,0.61393708,704
9917,-1.039923703,-0.237101584,0.02475293,60,331,807,10.60833359,0.259354115,0.61393708,406
9918,-1.240635928,-0.291516949,-0.29864392,66,289,803,10.39166641,NA,NA,564
9920,-0.423387544,0.768089934,-0.612290566,72,260,698,10.52083302,NA,NA,492
9921,-0.991155948,0.458007274,-1.057518524,72,241,718,10.58333302,NA,NA,590
9924,-0.423387544,0.768089934,-0.612290566,71,272,678,10.6291666,NA,NA,584
9925,-0.650828257,0.411522589,-0.512218855,72,262,688,10.49166679,NA,NA,569
9926,-0.159891594,0.925989959,-1.0121095,74,272,625,10.38333321,NA,NA,637
9927,-2.158492983,1.271370187,-0.159899536,69,285,825,12.54166698,0.146380007,0.616228521,457
9928,-2.158492983,1.271370187,-0.159899536,72,281,845,11.92916679,0.146380007,0.616228521,449
9929,-1.552212547,2.539134455,-0.158729284,NA,NA,699,13.48333359,NA,NA,NA
9930,-1.401984117,3.241042585,0.803561217,68,259,755,13.3708334,0.190853894,0.394863456,427
9932,-1.706423959,2.673541771,1.223266776,72,252,850,12.6916666,0.133279994,0.528680146,355
9933,-1.326804531,3.47884662,0.161253409,69,272,672,14.07916641,0.209540099,0.30701068,510
9935,-1.263008287,0.111887143,-1.730621211,NA,NA,704,10.17083359,NA,NA,NA
9937,-1.466299284,-0.105777559,-1.812518989,60,265,727,9.804166794,NA,NA,515
9938,-1.263008287,0.111887143,-1.730621211,NA,NA,712,10.34583378,NA,NA,NA
9939,0.92940312,5.41139624,-0.152430208,75,226,451,14.0666666,0.265020311,0.368687928,255
9941,-5.506408067,3.34854115,1.165670509,NA,NA,1235,14.27083302,NA,NA,NA
9942,1.406199796,3.575805459,-0.048135138,68,237,431,11.0625,NA,NA,454
9943,-0.014414074,5.798898055,-0.094357132,68,214,502,15.20416641,NA,NA,284
9944,-1.572884584,6.873705178,-0.01704304,65,209,522,17.83749962,NA,NA,483
9945,1.14655605,3.20884184,-1.186793664,67,250,466,10.01249981,0.145025402,0.47001186,510
9946,-0.293542923,6.861773503,1.29509107,NA,NA,544,16.91250038,NA,NA,NA
9947,-0.613763062,1.833955243,-0.517902173,65,214,683,11.02916622,0.264116108,0.330698997,452
9948,0.197675364,2.362795154,-0.999308848,67,255,467,10.66666698,0.133279994,0.528680146,438
9949,-4.689854328,-0.088416919,1.957403822,56,333,1274,11.35000038,0.115457103,0.600958705,768
9950,-3.486783203,-3.9418598,1.20946586,61,345,1448,5.050000191,0.201674193,0.646012485,743
9951,4.78416856,-2.390794005,1.364956033,64,310,608,2.700000048,0.105928697,0.746570289,635
9952,4.78416856,-2.390794005,1.364956033,67,303,608,2.729166746,0.105928697,0.746570289,616
9953,5.212213092,-2.284232134,1.89542474,64,302,598,2.616666794,0.152240798,0.549706042,560
9955,6.639509726,-1.53128286,1.750258496,68,390,411,2.329166651,NA,NA,369
9956,6.639509726,-1.53128286,1.750258496,70,396,406,2.466666698,NA,NA,330
9957,5.492305711,-1.103486167,2.056111643,71,308,525,4.695833206,NA,NA,568
9958,5.045254238,-1.471039706,1.010099973,63,338,516,4.304166794,NA,NA,752
9959,5.045254238,-1.471039706,1.010099973,63,338,516,4.304166794,NA,NA,752
9960,7.04601261,-1.229510567,1.58938042,69,286,399,3.424999952,NA,NA,460
9962,-2.173347187,2.781774943,0.257154877,73,251,772,14.33333302,0.133279994,0.528680146,315
9963,-3.041777734,2.714061477,0.85929415,65,242,927,12.3791666,0.133279994,0.528680146,462
9964,-2.950130724,2.235224766,-0.016274829,68,228,890,15.73333359,0.133279994,0.528680146,461
9965,-2.950130724,2.235224766,-0.016274829,63,222,890,14.02499962,0.133279994,0.528680146,485
9966,-1.885116157,2.144594587,-0.324097047,70,286,800,13.8125,0.133279994,0.528680146,421
9968,-3.041777734,2.714061477,0.85929415,72,251,926,14.97500038,0.133279994,0.528680146,374
9969,-1.559956365,4.022213637,0.344703183,69,254,704,15.85416698,NA,NA,446
9970,0.970508197,0.379924637,0.173042792,66,283,565,10.17500019,NA,NA,827
9971,0.851997716,-0.111760536,-0.192894057,66,276,766,9.995833397,0.201674193,0.646012485,701
9972,0.851997716,-0.111760536,-0.192894057,66,276,766,9.995833397,0.201674193,0.646012485,701
9973,0.970508197,0.379924637,0.173042792,65,307,796,11.15000057,NA,NA,782
9974,0.970508197,0.379924637,0.173042792,68,292,647,10.92500019,NA,NA,833
9975,0.970508197,0.379924637,0.173042792,68,292,647,10.92500019,NA,NA,833
9976,1.082233036,0.277599482,-0.401074809,67,297,656,11.24166679,0.201674193,0.646012485,729
9978,1.363685045,-2.325309219,-2.913676858,64,321,622,8.716667175,0.259354115,0.61393708,572
9979,0.970508197,0.379924637,0.173042792,66,279,565,9.162500381,NA,NA,611
9980,-3.161628598,2.632827298,0.432592087,72,241,918,16.54166603,0.133279994,0.528680146,342
9981,-3.406408987,3.760387962,1.279509358,67,230,924,17.15416718,NA,NA,462
9982,-2.666109177,1.629524146,0.027210493,64,222,925,12.95833302,0.133279994,0.528680146,469
9983,-2.761658052,3.559299052,2.057260351,70,284,947,15.65833378,NA,NA,394
9984,-2.761658052,3.559299052,2.057260351,70,284,947,15.65833378,NA,NA,394
9985,0.721852827,0.980792285,-0.81720746,61,300,589,8.387499809,0.109013602,0.523103118,573
9986,0.243421736,1.918457066,-0.263727484,63,275,637,10.00833321,0.133279994,0.528680146,423
9987,0.721852827,0.980792285,-0.81720746,68,254,522,11.9333334,0.109013602,0.523103118,410
9988,0.00409648,-2.647141358,0.403439763,64,238,837,8.574999809,0.2464073,0.516496301,489
9990,1.331220497,1.407204391,2.200011221,63,265,758,12.16250038,0.159026906,0.583333313,578
9991,1.622868377,2.358501952,1.711848514,72,264,626,13.55416679,0.075534217,0.689655185,374
9993,1.014043671,1.673214795,0.953546587,NA,NA,769,5.904166698,NA,NA,NA
9995,-0.475886539,-1.506549981,0.488003233,66,282,826,7.795833588,NA,NA,549
9996,-1.752671735,-2.14696842,0.583478023,57,339,855,8.287500381,NA,NA,609
9997,-0.359433989,-0.72654826,-0.120527675,56,271,735,8.887499809,0.115457103,0.600958705,718
9998,-1.011149868,-1.419938488,0.244122618,64,314,816,8.216666222,NA,NA,483
9999,-0.359433989,-0.72654826,-0.120527675,NA,NA,760,9.116666794,0.115457103,0.600958705,NA
10001,-0.359433989,-0.72654826,-0.120527675,NA,NA,760,9.166666985,0.115457103,0.600958705,NA
10002,-0.359433989,-0.72654826,-0.120527675,61,289,760,8.879166603,0.115457103,0.600958705,788
10004,2.360596897,1.216499057,1.338403565,66,279,558,10.35833359,NA,NA,367
10005,1.164261289,0.287907465,0.84773033,55,256,645,9.866666794,0.132647306,0.746570289,683
10006,-0.138714665,0.648784051,-0.662157891,65,298,619,11.32083321,NA,NA,663
10008,1.800814455,0.577734834,1.235406437,66,291,768,2.700000048,0.456777394,0.19788456,433
10009,1.800814455,0.577734834,1.235406437,66,291,768,2.700000048,0.456777394,0.19788456,433
10010,1.800814455,0.577734834,1.235406437,66,291,768,2.700000048,0.456777394,0.19788456,433
10011,3.593288836,-1.596976713,-0.417082689,71,236,466,7.704166889,0.094991498,0.369552344,405
10012,0.031469829,3.457320875,1.483029365,67,258,696,13.71666718,0.075534217,0.689655185,439
10013,0.316712121,2.701567384,0.736788497,62,247,692,12.4333334,0.159026906,0.583333313,454
10014,-1.255561939,2.957697644,2.220691202,63,255,927,14.0625,0.062926672,NA,534
10015,3.377551875,-1.769529929,-1.915546885,66,226,514,-2.870833397,0.155291706,0.378976703,545
10017,0.845785606,0.562867564,1.031021315,64,253,665,10.82083321,NA,NA,581
10018,0.828025332,1.199414725,1.340233952,65,314,654,11.65416622,NA,NA,475
10020,1.61327577,0.377176931,-0.509547259,70,244,514,8.854166985,NA,NA,525
10022,-1.94899488,-1.15845645,1.115764482,58,253,910,10.78333378,NA,NA,626
10023,-4.483288247,-4.758056121,-0.646800731,NA,NA,1294,NA,NA,NA,NA
10027,-1.94899488,-1.15845645,1.115764482,63,237,910,10.74166679,NA,NA,571
14312,3.471492994,-2.902377068,-0.296930964,NA,NA,593,2.825000048,NA,NA,NA
14313,3.471492994,-2.902377068,-0.296930964,NA,NA,593,2.825000048,NA,NA,NA
14314,2.951551705,-2.668722204,-0.471062564,NA,NA,624,3.133333206,NA,NA,NA
14315,2.951551705,-2.668722204,-0.471062564,NA,NA,624,3.133333206,NA,NA,NA
14318,3.455078088,-2.754758098,-0.394404244,47,677,589,2.637500048,0.723847806,0.784963012,1109
14319,3.455078088,-2.754758098,-0.394404244,47,677,589,2.637500048,0.723847806,0.784963012,1109
15560,6.984541556,-3.678487712,1.846137101,52,478,534,-1.183333278,0.1445999,0.836719394,828
15591,0.41119857,-0.849579112,0.847622408,54,268,845,6.908333302,0.192325905,0.595708787,659
15592,0.41119857,-0.849579112,0.847622408,52,278,845,7.133333683,0.192325905,0.595708787,645
15593,0.41119857,-0.849579112,0.847622408,52,278,845,7.133333683,0.192325905,0.595708787,645
18694,2.473488293,-2.349134294,-0.677854999,NA,NA,630,4.125,NA,NA,NA
18696,2.799702672,-2.496154918,-0.456770376,NA,NA,611,3.583333254,NA,NA,NA
19949,0.41119857,-0.849579112,0.847622408,52,278,845,6.987500191,0.192325905,0.595708787,645
19950,0.41119857,-0.849579112,0.847622408,52,278,845,6.987500191,0.192325905,0.595708787,645
19951,0.41119857,-0.849579112,0.847622408,52,278,845,6.987500191,0.192325905,0.595708787,645