,rice_cec
IRGC_58278,252
IRIS_313-9783,252
IRGC_117281,207
IRGC_25897,186
IRGC_25924,207
IRGC_27513,NA
IRGC_29066,207
IRGC_32565,207
IRGC_6208,207
IRGC_6588,207
IRGC_6590,207
IRGC_66792,177
IRGC_8341,207
IRIS_313-10587,207
IRIS_313-10592,207
IRIS_313-10593,207
IRIS_313-10594,207
IRIS_313-10595,207
IRIS_313-10598,207
IRIS_313-10600,207
IRIS_313-10602,207
IRIS_313-10603,207
IRIS_313-10604,207
IRIS_313-10605,207
IRIS_313-10606,207
IRIS_313-10963,185
IRIS_313-10964,207
IRIS_313-10965,185
IRIS_313-10971,207
IRIS_313-10972,207
IRIS_313-10973,207
IRIS_313-10974,207
IRIS_313-10975,207
IRIS_313-10976,207
IRIS_313-10977,207
IRIS_313-10978,207
IRIS_313-10979,207
IRIS_313-10980,207
IRIS_313-10981,207
IRIS_313-10982,207
IRIS_313-10983,207
IRIS_313-10984,207
IRIS_313-10985,207
IRIS_313-10986,207
IRIS_313-10987,207
IRIS_313-11013,207
IRIS_313-11014,172
IRIS_313-11015,207
IRIS_313-11016,207
IRIS_313-11017,207
IRIS_313-11018,207
IRIS_313-11019,207
IRIS_313-11047,207
IRIS_313-11048,207
IRIS_313-11049,207
IRIS_313-11051,207
IRIS_313-11052,207
IRIS_313-11053,207
IRIS_313-11054,207
IRIS_313-11055,207
IRIS_313-11056,207
IRIS_313-11057,207
IRIS_313-11058,207
IRIS_313-11059,207
IRIS_313-11060,207
IRIS_313-11061,207
IRIS_313-11062,207
IRIS_313-11063,207
IRIS_313-11064,207
IRIS_313-11065,207
IRIS_313-11066,207
IRIS_313-11067,207
IRIS_313-11068,207
IRIS_313-11069,207
IRIS_313-11070,207
IRIS_313-11111,207
IRIS_313-11112,207
IRIS_313-11113,207
IRIS_313-11114,207
IRIS_313-11115,207
IRIS_313-11116,207
IRIS_313-11123,207
IRIS_313-11124,207
IRIS_313-11154,207
IRIS_313-11163,207
IRIS_313-11203,194
IRIS_313-11204,194
IRIS_313-11205,NA
IRIS_313-11206,194
IRIS_313-11207,194
IRIS_313-11208,202
IRIS_313-11209,194
IRIS_313-11210,178
IRIS_313-11211,188
IRIS_313-11212,NA
IRIS_313-11213,NA
IRIS_313-11214,192
IRIS_313-11216,207
IRIS_313-11219,207
IRIS_313-11220,207
IRIS_313-11222,207
IRIS_313-11223,207
IRIS_313-11224,207
IRIS_313-11225,207
IRIS_313-11226,207
IRIS_313-11227,207
IRIS_313-11228,207
IRIS_313-11229,207
IRIS_313-11230,207
IRIS_313-11231,207
IRIS_313-11321,NA
IRIS_313-11322,192
IRIS_313-11323,NA
IRIS_313-11324,NA
IRIS_313-11399,191
IRIS_313-11400,193
IRIS_313-11401,NA
IRIS_313-11402,205
IRIS_313-11404,NA
IRIS_313-11481,182
IRIS_313-11482,175
IRIS_313-11483,208
IRIS_313-11484,179
IRIS_313-11486,182
IRIS_313-11487,NA
IRIS_313-11557,207
IRIS_313-11558,207
IRIS_313-11722,167
IRIS_313-11945,195
IRIS_313-11964,195
IRIS_313-11982,186
IRIS_313-12002,194
IRIS_313-12055,191
IRIS_313-12094,NA
IRIS_313-12141,221
IRIS_313-8252,207
IRIS_313-8283,208
IRIS_313-8349,NA
IRIS_313-8410,181
IRIS_313-8437,191
IRIS_313-8509,199
IRIS_313-8632,178
IRIS_313-8641,207
IRIS_313-8683,168
IRIS_313-8703,207
IRIS_313-8717,172
IRIS_313-8721,201
IRIS_313-8733,NA
IRIS_313-8737,207
IRIS_313-8789,180
IRIS_313-8822,207
IRIS_313-8850,172
IRIS_313-8854,196
IRIS_313-8864,201
IRIS_313-8930,188
IRIS_313-8932,192
IRIS_313-8963,205
IRIS_313-9049,207
IRIS_313-9067,207
IRIS_313-9072,207
IRIS_313-9108,NA
IRIS_313-9139,207
IRIS_313-9174,207
IRIS_313-9218,196
IRIS_313-9262,207
IRIS_313-9271,172
IRIS_313-9325,202
IRIS_313-9368,207
IRIS_313-9391,208
IRIS_313-9397,207
IRIS_313-9422,207
IRIS_313-9445,188
IRIS_313-9594,218
IRIS_313-9606,207
IRIS_313-9617,207
IRIS_313-9626,207
IRIS_313-9661,188
IRIS_313-9682,207
IRIS_313-9696,218
IRGC_32390,205
IRIS_313-11120,176
IRIS_313-11661,256
IRIS_313-11690,236
IRIS_313-11691,221
IRIS_313-11743,210
IRIS_313-12138,238
IRIS_313-8302,221
IRIS_313-8486,240
IRIS_313-8519,244
IRIS_313-8637,208
IRIS_313-8765,210
IRIS_313-8814,217
IRIS_313-8815,235
IRIS_313-8857,229
IRIS_313-9048,229
IRIS_313-9404,193
IRIS_313-9506,193
IRIS_313-9529,257
IRIS_313-9572,240
IRIS_313-11989,NA
IRIS_313-9574,208
IRIS_313-10557,215
IRIS_313-10648,215
IRIS_313-10898,NA
IRIS_313-10899,215
IRIS_313-10900,215
IRIS_313-10901,215
IRIS_313-10902,NA
IRIS_313-10903,169
IRIS_313-10904,NA
IRIS_313-10905,NA
IRIS_313-10906,NA
IRIS_313-10907,NA
IRIS_313-10908,215
IRIS_313-10909,NA
IRIS_313-10910,169
IRIS_313-10911,NA
IRIS_313-10912,NA
IRIS_313-10913,169
IRIS_313-10915,NA
IRIS_313-10916,NA
IRIS_313-11084,NA
IRIS_313-11087,NA
IRIS_313-11088,206
IRIS_313-11089,215
IRIS_313-11935,215
IRIS_313-11936,215
IRIS_313-11997,195
IRIS_313-11998,248
IRIS_313-11999,168
IRIS_313-12000,193
IRIS_313-12036,196
IRIS_313-12037,187
IRIS_313-12038,225
IRIS_313-12039,160
IRIS_313-12040,177
IRIS_313-12041,225
IRIS_313-12042,185
IRIS_313-12043,184
IRIS_313-12044,249
IRIS_313-12058,204
IRIS_313-12096,219
IRIS_313-12097,NA
IRIS_313-12101,NA
IRIS_313-12102,248
IRIS_313-12109,149
IRIS_313-12142,212
IRIS_313-12143,176
IRIS_313-12146,210
IRIS_313-12147,164
IRIS_313-12148,185
IRIS_313-12151,201
IRIS_313-12152,217
IRIS_313-12161,179
IRIS_313-12164,205
IRIS_313-12246,169
IRIS_313-12247,185
IRIS_313-12249,199
IRIS_313-12251,169
IRIS_313-9249,NA
IRGC_117269,189
IRGC_117271,189
IRGC_117277,189
IRGC_117280,189
IRGC_1427,189
IRGC_4541,189
IRGC_4860,189
IRGC_4887,189
IRGC_51400,189
IRGC_53437,189
IRGC_59673,189
IRGC_59849,189
IRGC_59930,189
IRGC_59932,189
IRGC_63544,194
IRGC_63726,194
IRGC_67034,189
IRGC_67096,189
IRGC_68159,243
IRGC_752,189
IRGC_8195,189
IRGC_8266,189
IRIS_313-10129,189
IRIS_313-10177,189
IRIS_313-10211,189
IRIS_313-10221,189
IRIS_313-10228,215
IRIS_313-10239,215
IRIS_313-10450,189
IRIS_313-10453,189
IRIS_313-10497,189
IRIS_313-10502,189
IRIS_313-10503,189
IRIS_313-10504,189
IRIS_313-10558,189
IRIS_313-10559,189
IRIS_313-10560,189
IRIS_313-10561,189
IRIS_313-10562,189
IRIS_313-11038,NA
IRIS_313-11522,198
IRIS_313-11651,189
IRIS_313-11652,189
IRIS_313-11653,189
IRIS_313-11654,189
IRIS_313-11655,189
IRIS_313-11744,243
IRIS_313-11745,243
IRIS_313-11852,NA
IRIS_313-11853,NA
IRIS_313-11947,189
IRIS_313-11948,189
IRIS_313-11949,189
IRIS_313-11950,189
IRIS_313-11951,189
IRIS_313-11952,189
IRIS_313-11953,189
IRIS_313-11954,189
IRIS_313-11955,189
IRIS_313-11965,189
IRIS_313-11966,189
IRIS_313-11967,189
IRIS_313-11968,189
IRIS_313-12007,189
IRIS_313-12009,189
IRIS_313-12010,189
IRIS_313-12011,189
IRIS_313-12012,189
IRIS_313-12059,198
IRIS_313-12060,198
IRIS_313-12061,198
IRIS_313-12273,NA
IRIS_313-12275,215
IRIS_313-8380,189
IRIS_313-8645,189
IRIS_313-9017,189
IRIS_313-9204,189
IRIS_313-9324,189
IRIS_313-9372,189
IRIS_313-9469,189
IRIS_313-9555,189
IRIS_313-9730,243
IRIS_313-10614,NA
IRGC_117267,283
IRGC_117398,283
IRGC_117617,167
IRGC_12331,203
IRGC_12386,203
IRGC_12894,283
IRGC_13746,177
IRGC_177,283
IRGC_32559,283
IRGC_32561,283
IRGC_34962,161
IRGC_3697,283
IRGC_42469,159
IRGC_46202,283
IRGC_46531,283
IRGC_46768,283
IRGC_53931,283
IRGC_5999,283
IRGC_6264,283
IRGC_6274,283
IRGC_6298,283
IRGC_6307,283
IRGC_6331,283
IRGC_72479,283
IRGC_74719,427
IRGC_74777,232
IRGC_77530,271
IRGC_7919,283
IRGC_8896,283
IRGC_9062,283
IRGC_9069,283
IRGC_9070,283
IRGC_9091,283
IRGC_9175,283
IRGC_9177,283
IRGC_9179,283
IRIS_313-10150,283
IRIS_313-10628,283
IRIS_313-10664,210
IRIS_313-10666,159
IRIS_313-10667,203
IRIS_313-10668,203
IRIS_313-10670,203
IRIS_313-10671,NA
IRIS_313-10673,NA
IRIS_313-10674,NA
IRIS_313-10675,NA
IRIS_313-10676,NA
IRIS_313-10845,NA
IRIS_313-10847,210
IRIS_313-10848,221
IRIS_313-10849,203
IRIS_313-10850,203
IRIS_313-10851,203
IRIS_313-10852,203
IRIS_313-10853,203
IRIS_313-10854,203
IRIS_313-10855,203
IRIS_313-10856,NA
IRIS_313-10857,NA
IRIS_313-10858,NA
IRIS_313-10859,NA
IRIS_313-10861,203
IRIS_313-10862,203
IRIS_313-10863,179
IRIS_313-10864,203
IRIS_313-10865,210
IRIS_313-10866,210
IRIS_313-10867,180
IRIS_313-10868,180
IRIS_313-10869,159
IRIS_313-10870,159
IRIS_313-11041,304
IRIS_313-11042,302
IRIS_313-11164,182
IRIS_313-11166,161
IRIS_313-11167,NA
IRIS_313-11169,197
IRIS_313-11360,283
IRIS_313-11371,283
IRIS_313-11403,304
IRIS_313-11414,283
IRIS_313-11442,283
IRIS_313-11443,283
IRIS_313-11445,154
IRIS_313-11446,177
IRIS_313-11447,177
IRIS_313-11448,NA
IRIS_313-11449,NA
IRIS_313-11451,360
IRIS_313-11452,354
IRIS_313-11453,NA
IRIS_313-11454,NA
IRIS_313-11455,NA
IRIS_313-11456,NA
IRIS_313-11458,283
IRIS_313-11460,283
IRIS_313-11461,283
IRIS_313-11462,213
IRIS_313-11489,146
IRIS_313-11490,217
IRIS_313-11492,283
IRIS_313-11493,178
IRIS_313-11494,221
IRIS_313-11505,283
IRIS_313-11506,283
IRIS_313-11595,369
IRIS_313-11596,244
IRIS_313-11597,404
IRIS_313-11598,394
IRIS_313-11599,348
IRIS_313-11600,380
IRIS_313-11602,420
IRIS_313-11603,344
IRIS_313-11604,390
IRIS_313-11606,404
IRIS_313-11607,404
IRIS_313-11616,201
IRIS_313-11617,201
IRIS_313-11618,201
IRIS_313-11619,201
IRIS_313-11620,201
IRIS_313-11621,201
IRIS_313-11636,283
IRIS_313-11638,283
IRIS_313-11639,283
IRIS_313-11640,283
IRIS_313-11641,283
IRIS_313-11642,283
IRIS_313-11643,283
IRIS_313-11644,283
IRIS_313-11645,283
IRIS_313-11646,283
IRIS_313-11647,283
IRIS_313-11648,283
IRIS_313-11650,283
IRIS_313-11712,283
IRIS_313-11737,369
IRIS_313-11738,350
IRIS_313-11742,283
IRIS_313-11821,283
IRIS_313-11822,283
IRIS_313-11823,283
IRIS_313-11824,283
IRIS_313-11825,283
IRIS_313-11826,283
IRIS_313-11827,283
IRIS_313-11828,283
IRIS_313-11917,370
IRIS_313-11918,394
IRIS_313-11919,370
IRIS_313-11969,201
IRIS_313-12013,283
IRIS_313-12052,177
IRIS_313-7736,283
IRIS_313-7780,283
IRIS_313-8265,283
IRIS_313-8303,274
IRIS_313-8305,283
IRIS_313-8386,NA
IRIS_313-8435,201
IRIS_313-8498,203
IRIS_313-8530,283
IRIS_313-8568,354
IRIS_313-8614,283
IRIS_313-8631,121
IRIS_313-8704,211
IRIS_313-8727,283
IRIS_313-8731,370
IRIS_313-8754,223
IRIS_313-8757,404
IRIS_313-8796,370
IRIS_313-8813,NA
IRIS_313-8920,404
IRIS_313-8924,NA
IRIS_313-8986,NA
IRIS_313-8988,444
IRIS_313-9137,203
IRIS_313-9176,203
IRIS_313-9201,210
IRIS_313-9258,274
IRIS_313-9313,NA
IRIS_313-9360,283
IRIS_313-9384,231
IRIS_313-9392,180
IRIS_313-9400,283
IRIS_313-9403,162
IRIS_313-9424,NA
IRIS_313-9484,427
IRIS_313-9492,283
IRIS_313-9516,283
IRIS_313-9547,274
IRIS_313-9557,177
IRIS_313-9605,201
IRIS_313-9609,NA
IRIS_313-9610,316
IRIS_313-9611,NA
IRIS_313-9629,283
IRGC_122298,226
IRGC_14413,265
IRGC_19972,222
IRGC_27129,222
IRGC_35834,207
IRGC_43322,248
IRGC_43369,248
IRGC_43372,190
IRGC_43394,NA
IRGC_43400,199
IRGC_43540,199
IRGC_54333,154
IRGC_66640,208
IRGC_8260,222
IRGC_8261,222
IRGC_9147,222
IRIS_313-10152,186
IRIS_313-10689,206
IRIS_313-10690,257
IRIS_313-10692,147
IRIS_313-10693,245
IRIS_313-10738,222
IRIS_313-10739,222
IRIS_313-10740,222
IRIS_313-10741,222
IRIS_313-10742,222
IRIS_313-10743,222
IRIS_313-10744,222
IRIS_313-10745,222
IRIS_313-10746,222
IRIS_313-10747,222
IRIS_313-10758,217
IRIS_313-10759,NA
IRIS_313-10760,177
IRIS_313-10761,207
IRIS_313-10762,196
IRIS_313-10765,207
IRIS_313-10766,207
IRIS_313-10767,229
IRIS_313-10768,204
IRIS_313-10769,204
IRIS_313-10770,222
IRIS_313-10771,217
IRIS_313-10772,NA
IRIS_313-10773,199
IRIS_313-10774,207
IRIS_313-10775,207
IRIS_313-10776,217
IRIS_313-10777,207
IRIS_313-10778,204
IRIS_313-10779,196
IRIS_313-10780,229
IRIS_313-10781,NA
IRIS_313-10782,207
IRIS_313-10783,207
IRIS_313-10784,NA
IRIS_313-10785,NA
IRIS_313-10786,206
IRIS_313-10787,204
IRIS_313-10788,207
IRIS_313-10789,NA
IRIS_313-10790,217
IRIS_313-10791,207
IRIS_313-10792,119
IRIS_313-10793,NA
IRIS_313-10794,229
IRIS_313-10795,NA
IRIS_313-10796,NA
IRIS_313-10797,196
IRIS_313-10798,210
IRIS_313-10799,143
IRIS_313-10800,NA
IRIS_313-10801,193
IRIS_313-10802,207
IRIS_313-10803,150
IRIS_313-10804,204
IRIS_313-10805,177
IRIS_313-10806,204
IRIS_313-10807,174
IRIS_313-10808,NA
IRIS_313-10809,NA
IRIS_313-10810,207
IRIS_313-10811,207
IRIS_313-10812,229
IRIS_313-10813,204
IRIS_313-10814,151
IRIS_313-10815,175
IRIS_313-10816,229
IRIS_313-10817,NA
IRIS_313-10818,196
IRIS_313-10819,207
IRIS_313-10820,207
IRIS_313-10821,207
IRIS_313-10822,199
IRIS_313-10823,196
IRIS_313-10824,222
IRIS_313-10841,222
IRIS_313-10842,222
IRIS_313-10844,222
IRIS_313-10935,151
IRIS_313-10936,248
IRIS_313-10937,160
IRIS_313-10938,200
IRIS_313-10940,200
IRIS_313-10941,200
IRIS_313-10942,199
IRIS_313-10943,278
IRIS_313-10944,169
IRIS_313-10945,222
IRIS_313-10946,222
IRIS_313-10950,222
IRIS_313-10951,151
IRIS_313-10952,248
IRIS_313-10953,231
IRIS_313-10954,299
IRIS_313-10955,265
IRIS_313-10956,151
IRIS_313-10957,248
IRIS_313-10958,248
IRIS_313-10959,222
IRIS_313-10960,196
IRIS_313-10961,196
IRIS_313-10962,196
IRIS_313-10995,265
IRIS_313-10996,224
IRIS_313-10997,222
IRIS_313-10998,222
IRIS_313-10999,NA
IRIS_313-11000,222
IRIS_313-11001,162
IRIS_313-11003,226
IRIS_313-11004,226
IRIS_313-11005,168
IRIS_313-11006,168
IRIS_313-11007,194
IRIS_313-11008,238
IRIS_313-11009,177
IRIS_313-11010,200
IRIS_313-11011,222
IRIS_313-11012,222
IRIS_313-11117,217
IRIS_313-11162,172
IRIS_313-11177,NA
IRIS_313-11178,199
IRIS_313-11179,151
IRIS_313-11180,199
IRIS_313-11181,151
IRIS_313-11182,222
IRIS_313-11183,NA
IRIS_313-11311,190
IRIS_313-11312,184
IRIS_313-11313,248
IRIS_313-11314,184
IRIS_313-11315,248
IRIS_313-11316,184
IRIS_313-11317,151
IRIS_313-11318,177
IRIS_313-11319,243
IRIS_313-11320,232
IRIS_313-11394,NA
IRIS_313-11395,NA
IRIS_313-11397,196
IRIS_313-11398,NA
IRIS_313-11495,176
IRIS_313-11496,179
IRIS_313-11497,182
IRIS_313-11498,205
IRIS_313-11499,147
IRIS_313-11500,155
IRIS_313-11717,NA
IRIS_313-11970,265
IRIS_313-11971,225
IRIS_313-12027,217
IRIS_313-12045,208
IRIS_313-12046,208
IRIS_313-12047,NA
IRIS_313-12048,NA
IRIS_313-12068,208
IRIS_313-12069,183
IRIS_313-7883,250
IRIS_313-7885,190
IRIS_313-8291,202
IRIS_313-8314,207
IRIS_313-8324,222
IRIS_313-8368,207
IRIS_313-8436,196
IRIS_313-8457,266
IRIS_313-8493,259
IRIS_313-8536,184
IRIS_313-8608,NA
IRIS_313-8643,175
IRIS_313-8664,198
IRIS_313-8713,NA
IRIS_313-8725,251
IRIS_313-8744,207
IRIS_313-8767,202
IRIS_313-8812,172
IRIS_313-8831,231
IRIS_313-8833,151
IRIS_313-8865,253
IRIS_313-8922,248
IRIS_313-8956,222
IRIS_313-8978,247
IRIS_313-8998,208
IRIS_313-9005,222
IRIS_313-9054,200
IRIS_313-9097,239
IRIS_313-9098,304
IRIS_313-9117,204
IRIS_313-9129,222
IRIS_313-9188,265
IRIS_313-9208,199
IRIS_313-9239,232
IRIS_313-9242,175
IRIS_313-9251,184
IRIS_313-9273,222
IRIS_313-9301,155
IRIS_313-9310,304
IRIS_313-9314,177
IRIS_313-9320,222
IRIS_313-9405,190
IRIS_313-9470,198
IRIS_313-9590,141
IRIS_313-9691,NA
IRGC_12731,184
IRGC_14779,184
IRGC_40252,184
IRGC_410,184
IRGC_8191,184
IRGC_8257,184
IRIS_313-10071,184
IRIS_313-10073,184
IRIS_313-10074,184
IRIS_313-10075,184
IRIS_313-10076,184
IRIS_313-10077,184
IRIS_313-10078,184
IRIS_313-10079,184
IRIS_313-10080,184
IRIS_313-10082,184
IRIS_313-10469,184
IRIS_313-10569,184
IRIS_313-10642,184
IRIS_313-11725,184
IRIS_313-8755,184
IRIS_313-9002,184
IRIS_313-9081,184
IRIS_313-9800,184
IRIS_313-9884,184
IRIS_313-10651,NA
IRIS_313-10652,NA
IRIS_313-10653,202
IRIS_313-10654,NA
IRIS_313-10655,163
IRIS_313-10656,163
IRIS_313-10657,151
IRIS_313-10659,151
IRIS_313-10660,151
IRIS_313-10679,188
IRIS_313-10680,229
IRIS_313-10681,110
IRIS_313-10682,164
IRIS_313-10683,144
IRIS_313-10921,NA
IRIS_313-11071,178
IRIS_313-11072,169
IRIS_313-11073,205
IRIS_313-11074,NA
IRIS_313-11075,NA
IRIS_313-11076,168
IRIS_313-11077,169
IRIS_313-11078,174
IRIS_313-11079,169
IRIS_313-11080,NA
IRIS_313-11081,169
IRIS_313-11082,169
IRIS_313-11083,151
IRIS_313-11085,199
IRIS_313-11086,NA
IRIS_313-11090,NA
IRIS_313-11091,151
IRIS_313-11092,178
IRIS_313-11093,178
IRIS_313-11094,NA
IRIS_313-11095,151
IRIS_313-11991,202
IRIS_313-11992,194
IRIS_313-12028,202
IRIS_313-12029,NA
IRIS_313-12049,146
IRIS_313-12071,169
IRIS_313-12076,162
IRIS_313-12077,205
IRIS_313-12121,196
IRIS_313-12127,144
IRIS_313-12128,144
IRIS_313-12129,NA
IRIS_313-12130,191
IRIS_313-12131,129
IRIS_313-12133,159
IRIS_313-12134,196
IRIS_313-12190,191
IRIS_313-12193,NA
IRIS_313-12194,196
IRIS_313-12207,191
IRIS_313-12220,127
IRIS_313-12221,127
IRIS_313-12222,144
IRIS_313-12224,127
IRIS_313-12225,159
IRIS_313-12226,194
IRIS_313-12227,144
IRIS_313-12228,178
IRIS_313-12229,194
IRIS_313-12231,127
IRIS_313-12242,225
IRIS_313-12252,186
IRIS_313-12254,186
IRIS_313-12257,192
IRIS_313-12258,191
IRIS_313-12259,195
IRIS_313-12260,159
IRIS_313-12261,171
IRIS_313-12262,192
IRIS_313-12263,172
IRIS_313-12265,186
IRIS_313-12297,171
IRIS_313-12299,138
IRIS_313-12300,211
IRIS_313-12301,225
IRIS_313-12302,223
IRIS_313-12303,NA
IRIS_313-12305,148
IRIS_313-12307,197
IRIS_313-12308,159
IRIS_313-12309,151
IRIS_313-12311,191
IRIS_313-12312,204
IRIS_313-12313,171
IRIS_313-12321,157
IRIS_313-12329,149
IRIS_313-12332,173
IRIS_313-12334,159
IRIS_313-12336,201
IRIS_313-12337,191
IRIS_313-12341,205
IRIS_313-12342,178
IRIS_313-12344,203
IRIS_313-12346,158
IRIS_313-12347,168
IRIS_313-12348,194
IRIS_313-12349,188
IRIS_313-12350,213
IRIS_313-12352,197
IRIS_313-12353,213
IRIS_313-12354,207
IRIS_313-12355,209
IRIS_313-8638,NA
IRIS_313-9198,178
IRGC_31,177
IRGC_44076,204
IRGC_71494,245
IRGC_71524,248
IRGC_71528,282
IRGC_71589,246
IRGC_71598,212
IRIS_313-10428,177
IRIS_313-10684,225
IRIS_313-10687,NA
IRIS_313-10688,177
IRIS_313-10694,177
IRIS_313-10695,177
IRIS_313-10697,177
IRIS_313-10698,177
IRIS_313-10699,177
IRIS_313-10700,177
IRIS_313-10701,177
IRIS_313-10702,177
IRIS_313-10703,177
IRIS_313-10704,207
IRIS_313-10705,177
IRIS_313-10706,177
IRIS_313-10707,177
IRIS_313-11328,150
IRIS_313-11329,204
IRIS_313-11848,259
IRIS_313-11849,177
IRIS_313-11850,177
IRIS_313-12005,177
IRIS_313-12006,177
IRIS_313-12030,177
IRIS_313-12070,225
IRIS_313-12108,222
IRIS_313-12135,222
IRIS_313-12285,177
IRIS_313-8279,230
IRIS_313-8312,314
IRIS_313-8316,177
IRIS_313-8407,177
IRIS_313-8439,177
IRIS_313-8468,177
IRIS_313-8492,262
IRIS_313-8557,177
IRIS_313-8591,177
IRIS_313-8626,204
IRIS_313-8723,177
IRIS_313-8781,177
IRIS_313-8811,273
IRIS_313-8883,247
IRIS_313-8894,255
IRIS_313-8987,214
IRIS_313-9050,230
IRIS_313-9070,177
IRIS_313-9101,183
IRIS_313-9102,288
IRIS_313-9187,255
IRIS_313-9210,177
IRIS_313-9375,219
IRIS_313-9558,202
IRIS_313-9582,222
IRIS_313-9694,184
IRIS_313-9699,177
IRGC_33130,218
IRGC_33888,218
IRIS_313-11195,218
IRIS_313-11405,218
IRIS_313-11541,231
IRIS_313-11542,242
IRIS_313-11543,235
IRIS_313-11544,242
IRIS_313-11545,207
IRIS_313-11546,207
IRIS_313-11547,242
IRIS_313-11548,207
IRIS_313-11549,207
IRIS_313-11816,218
IRIS_313-11817,218
IRIS_313-11818,218
IRIS_313-11819,218
IRIS_313-11820,218
IRIS_313-11993,235
IRIS_313-12050,177
IRIS_313-12074,235
IRIS_313-12266,224
IRIS_313-12268,219
IRIS_313-12269,226
IRIS_313-12270,219
IRIS_313-12286,NA
IRIS_313-12287,NA
IRIS_313-12288,NA
IRIS_313-12289,120
IRIS_313-12290,201
IRIS_313-12291,178
IRIS_313-12292,NA
IRIS_313-12296,231
IRIS_313-8659,207
IRIS_313-8751,295
IRIS_313-8793,242
IRIS_313-9182,218
IRGC_61953,243
IRIS_313-10007,154
IRIS_313-10924,243
IRIS_313-10925,243
IRIS_313-10926,243
IRIS_313-10927,243
IRIS_313-11561,153
IRIS_313-11563,166
IRIS_313-11564,165
IRIS_313-11565,146
IRIS_313-11566,150
IRIS_313-11567,162
IRIS_313-11568,NA
IRIS_313-11624,214
IRIS_313-11625,214
IRIS_313-11626,245
IRIS_313-11627,239
IRIS_313-11629,208
IRIS_313-11630,256
IRIS_313-11632,194
IRIS_313-11671,167
IRIS_313-11672,284
IRIS_313-11943,243
IRIS_313-11944,243
IRIS_313-12093,243
IRIS_313-12139,238
IRIS_313-12180,228
IRIS_313-12182,175
IRIS_313-12183,274
IRIS_313-7933,NA
IRIS_313-9698,204
IRGC_27798,200
IRGC_27819,200
IRGC_27869,200
IRGC_28134,200
IRGC_38698,209
IRGC_67019,160
IRGC_73118,199
IRGC_73124,164
IRGC_73126,164
IRIS_313-11020,200
IRIS_313-11021,200
IRIS_313-11022,200
IRIS_313-11023,200
IRIS_313-11024,200
IRIS_313-11025,200
IRIS_313-11026,200
IRIS_313-11027,200
IRIS_313-11028,160
IRIS_313-11029,200
IRIS_313-11030,200
IRIS_313-11031,200
IRIS_313-11032,200
IRIS_313-11033,163
IRIS_313-11034,200
IRIS_313-11035,163
IRIS_313-11036,200
IRIS_313-11037,200
IRIS_313-11829,180
IRIS_313-11888,170
IRIS_313-11889,148
IRIS_313-8390,200
IRIS_313-8398,200
IRIS_313-9283,164
IRIS_313-9449,176
IRIS_313-9601,173
IRIS_313-9695,199
IRGC_121705,210
IRGC_23364,258
IRGC_26872,191
IRGC_328,212
IRGC_3849,210
IRGC_4020,210
IRGC_44455,227
IRGC_44513,217
IRGC_44600,280
IRGC_5423,210
IRGC_55418,258
IRGC_67428,210
IRGC_67429,270
IRGC_67431,210
IRGC_74606,215
IRGC_8182,210
IRGC_8244,210
IRGC_8245,210
IRGC_9804,210
IRIS_313-10433,210
IRIS_313-10489,210
IRIS_313-10510,210
IRIS_313-10511,210
IRIS_313-10514,210
IRIS_313-10577,246
IRIS_313-10578,217
IRIS_313-10580,217
IRIS_313-10581,172
IRIS_313-10582,264
IRIS_313-10644,196
IRIS_313-10645,196
IRIS_313-10827,202
IRIS_313-10828,212
IRIS_313-10829,212
IRIS_313-10830,220
IRIS_313-10831,212
IRIS_313-10832,212
IRIS_313-10917,216
IRIS_313-10918,216
IRIS_313-10919,216
IRIS_313-10920,216
IRIS_313-10931,212
IRIS_313-10990,213
IRIS_313-10991,NA
IRIS_313-10992,295
IRIS_313-10993,248
IRIS_313-10994,248
IRIS_313-11097,NA
IRIS_313-11196,271
IRIS_313-11234,316
IRIS_313-11330,214
IRIS_313-11331,310
IRIS_313-11334,310
IRIS_313-11335,192
IRIS_313-11336,212
IRIS_313-11337,165
IRIS_313-11338,199
IRIS_313-11339,210
IRIS_313-11340,191
IRIS_313-11341,310
IRIS_313-11342,251
IRIS_313-11343,288
IRIS_313-11344,347
IRIS_313-11345,310
IRIS_313-11346,268
IRIS_313-11347,NA
IRIS_313-11377,217
IRIS_313-11379,135
IRIS_313-11380,195
IRIS_313-11381,206
IRIS_313-11424,203
IRIS_313-11441,192
IRIS_313-11463,208
IRIS_313-11464,159
IRIS_313-11465,295
IRIS_313-11467,191
IRIS_313-11471,187
IRIS_313-11472,200
IRIS_313-11473,215
IRIS_313-11485,NA
IRIS_313-11511,281
IRIS_313-11512,258
IRIS_313-11532,191
IRIS_313-11673,202
IRIS_313-11736,262
IRIS_313-11788,NA
IRIS_313-11851,216
IRIS_313-11913,180
IRIS_313-11928,212
IRIS_313-11929,212
IRIS_313-11934,232
IRIS_313-11959,182
IRIS_313-11994,220
IRIS_313-11995,220
IRIS_313-11996,218
IRIS_313-12051,210
IRIS_313-12066,210
IRIS_313-12067,210
IRIS_313-12073,220
IRIS_313-12080,210
IRIS_313-12081,210
IRIS_313-12244,NA
IRIS_313-12271,174
IRIS_313-12272,201
IRIS_313-8292,210
IRIS_313-8356,182
IRIS_313-8383,210
IRIS_313-8431,203
IRIS_313-8567,295
IRIS_313-8594,215
IRIS_313-8948,228
IRIS_313-9389,NA
IRIS_313-9423,270
IRIS_313-9505,210
IRIS_313-9616,262
IRIS_313-9897,NA
IRIS_313-9928,276
IRIS_313-9929,200
IRGC_117276,158
IRIS_313-10065,158
IRIS_313-10067,158
IRIS_313-10092,178
IRIS_313-10093,216
IRIS_313-10094,187
IRIS_313-10096,167
IRIS_313-10097,216
IRIS_313-10124,NA
IRIS_313-10837,158
IRIS_313-10838,158
IRIS_313-10839,158
IRIS_313-10840,158
IRIS_313-11973,170
IRIS_313-12217,158
IRIS_313-9379,158
IRIS_313-9886,158
IRIS_313-9887,158
IRIS_313-9890,158
IRIS_313-9891,158
IRIS_313-9974,158
IRIS_313-9976,158
IRGC_47383,NA
IRGC_51064,180
IRGC_8952,NA
IRIS_313-10020,203
IRIS_313-10298,185
IRIS_313-10609,NA
IRIS_313-10610,155
IRIS_313-10661,159
IRIS_313-10662,NA
IRIS_313-10715,NA
IRIS_313-10716,NA
IRIS_313-10717,269
IRIS_313-10718,NA
IRIS_313-10719,NA
IRIS_313-10720,198
IRIS_313-10721,198
IRIS_313-10722,300
IRIS_313-11110,NA
IRIS_313-11191,NA
IRIS_313-11382,NA
IRIS_313-11741,246
IRIS_313-11916,263
IRIS_313-8244,155
IRIS_313-8342,214
IRIS_313-8699,169
IRIS_313-8783,NA
IRIS_313-8925,300
IRIS_313-8968,NA
IRIS_313-9039,NA
IRIS_313-9256,NA
IRIS_313-9636,NA
IRIS_313-9809,269
IRIS_313-9831,NA
IRIS_313-9832,NA
IRIS_313-9861,269
IRIS_313-9862,269
IRIS_313-9867,NA
IRIS_313-9917,185
IRIS_313-9949,139
IRIS_313-9968,221
IRIS_313-9969,NA
IRIS_313-9970,NA
IRGC_10430,216
IRGC_117279,216
IRGC_42576,216
IRGC_5508,216
IRGC_65293,216
IRGC_8196,216
IRGC_8238,216
IRGC_8242,216
IRGC_8267,216
IRGC_8268,216
IRGC_8269,216
IRIS_313-10429,216
IRIS_313-10515,216
IRIS_313-10631,216
IRIS_313-11692,216
IRIS_313-11693,216
IRIS_313-11694,216
IRIS_313-11695,216
IRIS_313-11698,216
IRIS_313-11981,216
IRIS_313-8743,216
IRIS_313-9701,216
IRIS_313-9702,216
IRIS_313-9758,216
IRGC_24224,190
IRGC_27716,NA
IRGC_27748,248
IRGC_27762,190
IRGC_30238,190
IRGC_40673,206
IRGC_78253,226
IRGC_78257,181
IRGC_78267,166
IRIS_313-10134,190
IRIS_313-10176,175
IRIS_313-10650,144
IRIS_313-10757,190
IRIS_313-10923,190
IRIS_313-10928,190
IRIS_313-11248,190
IRIS_313-11327,149
IRIS_313-11386,190
IRIS_313-11387,190
IRIS_313-11388,174
IRIS_313-11389,NA
IRIS_313-11390,NA
IRIS_313-11391,NA
IRIS_313-11392,NA
IRIS_313-11393,NA
IRIS_313-11508,254
IRIS_313-11509,190
IRIS_313-11530,190
IRIS_313-11534,194
IRIS_313-11535,160
IRIS_313-11608,192
IRIS_313-11609,190
IRIS_313-11610,192
IRIS_313-11611,128
IRIS_313-11635,157
IRIS_313-11674,NA
IRIS_313-11676,117
IRIS_313-11677,196
IRIS_313-11678,186
IRIS_313-11679,206
IRIS_313-11680,NA
IRIS_313-11681,206
IRIS_313-11682,186
IRIS_313-11683,NA
IRIS_313-11684,NA
IRIS_313-11685,196
IRIS_313-11686,190
IRIS_313-11687,160
IRIS_313-11688,197
IRIS_313-11700,NA
IRIS_313-11704,NA
IRIS_313-11705,NA
IRIS_313-11706,220
IRIS_313-11707,NA
IRIS_313-11708,NA
IRIS_313-11709,112
IRIS_313-11710,NA
IRIS_313-11711,132
IRIS_313-11719,190
IRIS_313-11720,190
IRIS_313-11721,190
IRIS_313-11831,190
IRIS_313-11832,NA
IRIS_313-11833,170
IRIS_313-11834,NA
IRIS_313-11835,NA
IRIS_313-11836,194
IRIS_313-11837,150
IRIS_313-11838,NA
IRIS_313-11839,NA
IRIS_313-11840,170
IRIS_313-11841,194
IRIS_313-11842,NA
IRIS_313-11843,181
IRIS_313-11844,NA
IRIS_313-11845,209
IRIS_313-11846,NA
IRIS_313-11897,190
IRIS_313-11920,150
IRIS_313-11921,197
IRIS_313-11922,NA
IRIS_313-11923,253
IRIS_313-11924,NA
IRIS_313-11925,195
IRIS_313-11926,NA
IRIS_313-11927,194
IRIS_313-11957,190
IRIS_313-11958,190
IRIS_313-11961,138
IRIS_313-11962,220
IRIS_313-8466,179
IRIS_313-8474,158
IRIS_313-8485,149
IRIS_313-8565,189
IRIS_313-8580,190
IRIS_313-8586,NA
IRIS_313-8599,190
IRIS_313-8674,NA
IRIS_313-8679,NA
IRIS_313-8702,197
IRIS_313-8722,82
IRIS_313-8732,190
IRIS_313-8785,NA
IRIS_313-8870,112
IRIS_313-8872,184
IRIS_313-8884,NA
IRIS_313-8911,190
IRIS_313-8980,82
IRIS_313-9006,NA
IRIS_313-9019,130
IRIS_313-9020,260
IRIS_313-9032,190
IRIS_313-9062,NA
IRIS_313-9112,190
IRIS_313-9115,190
IRIS_313-9116,190
IRIS_313-9119,190
IRIS_313-9121,NA
IRIS_313-9123,NA
IRIS_313-9209,152
IRIS_313-9281,166
IRIS_313-9288,NA
IRIS_313-9302,190
IRIS_313-9357,190
IRIS_313-9406,181
IRIS_313-9415,197
IRIS_313-9451,190
IRIS_313-9567,190
IRIS_313-9575,NA
IRIS_313-9600,194
IRIS_313-9669,160
IRIS_313-9697,166
IRGC_16800,223
IRGC_16872,223
IRGC_40748,209
IRGC_56036,NA
IRGC_8227,223
IRGC_8228,223
IRGC_8231,223
IRGC_8234,223
IRIS_313-10554,223
IRIS_313-10555,223
IRIS_313-10556,223
IRIS_313-10748,223
IRIS_313-10749,223
IRIS_313-10750,223
IRIS_313-10751,223
IRIS_313-10755,223
IRIS_313-10970,223
IRIS_313-11118,223
IRIS_313-11119,223
IRIS_313-11383,223
IRIS_313-11384,223
IRIS_313-11521,223
IRIS_313-11594,223
IRIS_313-11893,163
IRIS_313-11894,176
IRIS_313-11895,223
IRIS_313-11896,223
IRIS_313-11984,199
IRIS_313-12078,223
IRIS_313-12210,203
IRIS_313-8341,223
IRIS_313-8409,223
IRIS_313-8578,231
IRIS_313-8735,191
IRIS_313-9131,223
IRIS_313-9317,199
IRIS_313-9429,223
IRIS_313-9637,223