,AT_PC1,AT_PC2,AT_PC3
88,-1.628343453,1.59239929,-1.50320777
108,-5.114514384,-0.024134051,-0.53828149
139,-5.114514384,-0.024134051,-0.53828149
159,-1.752342906,-0.848116561,-0.994354263
265,-3.855294212,1.551423926,0.425032897
350,-0.951273401,-0.031762731,0.023947604
351,-0.951273401,-0.031762731,0.023947604
403,1.454573012,-0.310823428,-0.584246282
410,1.421670975,-0.239276643,-0.657666545
424,1.454573012,-0.310823428,-0.584246282
428,1.454573012,-0.310823428,-0.584246282
430,0.244960264,-0.777332734,2.021846672
470,1.775761181,-0.680667047,4.042834367
476,1.775761181,-0.680667047,4.042834367
484,1.775761181,-0.680667047,4.042834367
504,1.775761181,-0.680667047,4.042834367
506,1.775761181,-0.680667047,4.042834367
531,1.775761181,-0.680667047,4.042834367
544,-1.878678299,-1.432686238,2.654220533
546,-1.878678299,-1.432686238,2.654220533
628,-1.938931673,-1.209635472,2.09565589
630,-1.938931673,-1.209635472,2.09565589
680,-1.887394016,-1.420761916,2.609733734
681,-1.887394016,-1.420761916,2.609733734
685,-1.830989335,-1.359623793,2.622366373
687,-1.830989335,-1.359623793,2.622366373
728,-1.830989335,-1.359623793,2.622366373
742,-1.830989335,-1.359623793,2.622366373
763,6.493240387,-4.733204434,-0.229379713
765,5.85667157,-4.784949697,0.274609976
766,4.945306418,-4.777963968,-0.312452176
768,5.422631675,-2.587437756,-1.121537384
772,5.613157747,-0.595208103,-2.203648841
801,-1.524302429,-0.520714943,4.771873013
853,1.145667937,-1.330261699,3.310543801
854,1.145667937,-1.330261699,3.310543801
867,1.219642081,-1.282212241,3.516532959
868,1.219642081,-1.282212241,3.516532959
870,1.219642081,-1.282212241,3.516532959
915,-2.057465244,-2.066318719,3.522213112
932,-1.581770454,-1.657800724,3.091072103
991,-0.334953931,-0.55630426,-2.056020988
992,-0.334953931,-0.55630426,-2.056020988
997,-0.334953931,-0.55630426,-2.056020988
1002,-0.334953931,-0.55630426,-2.056020988
1006,-0.334953931,-0.55630426,-2.056020988
1061,-0.69112451,-1.474807475,-1.98960835
1062,-0.69112451,-1.474807475,-1.98960835
1063,-0.69112451,-1.474807475,-1.98960835
1066,-0.69112451,-1.474807475,-1.98960835
1070,-0.69112451,-1.474807475,-1.98960835
1158,1.113422276,-0.572058695,-2.102478014
1166,1.113422276,-0.572058695,-2.102478014
1254,1.972801432,-0.789396607,-1.473607591
1257,1.972801432,-0.789396607,-1.473607591
1313,2.022804581,-0.809882303,-1.245073641
1317,2.022804581,-0.809882303,-1.245073641
1552,1.257068627,-2.70106315,-1.30820902
1612,1.152184718,-1.219579722,2.949899601
1622,1.152184718,-1.219579722,2.949899601
1651,1.477687668,-1.060441413,1.818472616
1652,1.477687668,-1.060441413,1.818472616
1676,1.152184718,-1.219579722,2.949899601
1684,1.152184718,-1.219579722,2.949899601
1739,1.852600715,-0.883356679,3.224328015
1741,1.852600715,-0.883356679,3.224328015
1756,1.026600744,-1.035525933,2.269295446
1757,1.026600744,-1.035525933,2.269295446
1793,0.739755766,-1.16205607,2.481657049
1797,0.739755766,-1.16205607,2.481657049
1819,1.145667937,-1.330261699,3.310543801
1820,1.145667937,-1.330261699,3.310543801
1829,0.860454431,-1.106424525,2.359853388
1834,0.860454431,-1.106424525,2.359853388
1835,0.860454431,-1.106424525,2.359853388
1851,1.785039171,-1.159920913,2.524069967
1852,1.785039171,-1.159920913,2.524069967
1853,1.785039171,-1.159920913,2.524069967
1872,1.785039171,-1.159920913,2.524069967
1890,1.785039171,-1.159920913,2.524069967
1925,1.785039171,-1.159920913,2.524069967
1942,1.785039171,-1.159920913,2.524069967
1943,1.785039171,-1.159920913,2.524069967
1954,1.785039171,-1.159920913,2.524069967
2016,1.785039171,-1.159920913,2.524069967
2017,1.785039171,-1.159920913,2.524069967
2031,1.233951782,-1.045988852,3.047292279
2053,1.233951782,-1.045988852,3.047292279
2057,1.233951782,-1.045988852,3.047292279
2081,1.097217602,-0.899065381,1.437631376
2091,1.097217602,-0.899065381,1.437631376
2106,1.715727399,-0.881345363,2.388470986
2108,1.715727399,-0.881345363,2.388470986
2141,1.715727399,-0.881345363,2.388470986
2159,1.233951782,-1.045988852,3.047292279
2166,1.233951782,-1.045988852,3.047292279
2171,1.233951782,-1.045988852,3.047292279
2191,1.654595871,-1.256508178,2.184016564
2202,1.654595871,-1.256508178,2.184016564
2212,1.654595871,-1.256508178,2.184016564
2239,1.026600744,-1.035525933,2.269295446
2240,1.026600744,-1.035525933,2.269295446
2276,1.701067507,-1.225556076,2.264519922
2278,1.701067507,-1.225556076,2.264519922
2285,1.701067507,-1.225556076,2.264519922
2286,1.701067507,-1.225556076,2.264519922
2317,0.860454431,-1.106424525,2.359853388
2370,1.152184718,-1.219579722,2.949899601
2412,1.152184718,-1.219579722,2.949899601
4779,-5.00826602,-1.023429643,-1.154395913
4807,-5.00826602,-1.023429643,-1.154395913
4826,-5.00826602,-1.023429643,-1.154395913
4840,-5.00826602,-1.023429643,-1.154395913
4857,-4.972733922,-0.71629355,-1.293978464
4884,-4.972733922,-0.71629355,-1.293978464
4900,-4.942847612,-0.762879401,-1.350699294
4939,-5.193881118,-1.075838832,-1.021291126
4958,-5.056086441,-0.928293475,-0.929541931
5023,-1.863415306,0.252525786,-2.284311132
5104,-1.863415306,0.252525786,-2.284311132
5151,-1.682608536,-0.0010395,-2.479286194
5165,-1.804935065,0.421718472,-2.307846893
5210,-2.312383329,0.391718274,-2.142990428
5236,-1.804935065,0.421718472,-2.307846893
5249,-2.312383329,0.391718274,-2.142990428
5253,-2.318677465,0.466700704,-1.925311571
5276,-1.681996361,0.223087231,-2.454054592
5279,-1.681996361,0.223087231,-2.454054592
5349,-2.684077993,0.240281359,-1.830789666
5353,-8.261488174,-4.970688884,2.451600831
5395,-8.261488174,-4.970688884,2.451600831
5486,-7.310537729,-4.272788806,1.300779005
5577,-4.514409236,-1.558427562,-1.097458315
5644,-8.261488174,-4.970688884,2.451600831
5651,-8.261488174,-4.970688884,2.451600831
5717,-7.310537729,-4.272788806,1.300779005
5718,-5.954279617,-4.236591618,0.260961034
5720,-3.947172412,-1.787247209,-1.383003602
5726,-1.681996361,0.223087231,-2.454054592
5741,-8.186959096,-5.072170736,1.878294209
5748,-6.231263682,-2.570580068,0.269895115
5757,-6.685923486,-4.371015101,0.907735313
5768,-1.649704931,-0.150021308,-3.048752351
5772,-6.615424476,-3.95239352,1.005118797
5776,-1.500403119,0.15577132,-2.841211344
5779,-4.568581244,-1.231854626,-0.80813451
5784,-9.003545407,-4.614931434,2.406989757
5798,-4.161803225,-1.750661787,-1.160039511
5800,-12.15257596,-6.692889409,5.486031564
5811,-3.482648051,-1.041781969,-1.5866969
5822,-11.4173236,-6.067279038,4.132987131
5830,0.199554303,-0.869900305,-2.588531664
5831,0.199554303,-0.869900305,-2.588531664
5832,0.199554303,-0.869900305,-2.588531664
5836,-0.996894777,-1.588967034,-1.627711279
5837,1.454573012,-0.310823428,-0.584246282
5856,2.74951788,-2.298170952,-0.790573157
5860,1.135017873,-2.788357338,-1.236865525
5865,-0.69112451,-1.474807475,-1.98960835
5867,-0.69112451,-1.474807475,-1.98960835
5874,1.454573012,-0.310823428,-0.584246282
5890,1.454573012,-0.310823428,-0.584246282
5893,1.454573012,-0.310823428,-0.584246282
5907,1.454573012,-0.310823428,-0.584246282
5921,1.454573012,-0.310823428,-0.584246282
5950,1.454573012,-0.310823428,-0.584246282
5984,1.454573012,-0.310823428,-0.584246282
5993,1.454573012,-0.310823428,-0.584246282
6008,1.69916006,0.590008092,-0.347196757
6009,1.130859361,-2.600495632,-1.111635761
6010,1.130859361,-2.600495632,-1.111635761
6011,1.130859361,-2.600495632,-1.111635761
6012,1.130859361,-2.600495632,-1.111635761
6013,1.130859361,-2.600495632,-1.111635761
6016,1.046234165,-2.535165999,-1.322789605
6017,1.046234165,-2.535165999,-1.322789605
6019,0.576258241,-0.512539011,-1.935494089
6020,0.576258241,-0.512539011,-1.935494089
6021,0.576258241,-0.512539011,-1.935494089
6022,0.576258241,-0.512539011,-1.935494089
6023,-0.377099302,-1.180117198,-1.786390083
6024,-0.377099302,-1.180117198,-1.786390083
6025,1.584173612,-2.678532387,-1.379755514
6030,0.910523761,-2.507867832,-1.33456046
6034,-0.877108776,-1.517470543,-1.582368622
6035,-0.877108776,-1.517470543,-1.582368622
6036,-0.877108776,-1.517470543,-1.582368622
6038,-0.877108776,-1.517470543,-1.582368622
6039,-0.877108776,-1.517470543,-1.582368622
6040,-0.390893647,-1.288689392,-1.868596184
6041,0.418724085,-0.523973322,-2.358274489
6042,-0.351322916,-1.333786823,-1.734581369
6043,1.135017873,-2.788357338,-1.236865525
6046,1.135017873,-2.788357338,-1.236865525
6064,1.130859361,-2.600495632,-1.111635761
6069,1.130859361,-2.600495632,-1.111635761
6070,1.046234165,-2.535165999,-1.322789605
6071,1.046234165,-2.535165999,-1.322789605
6073,0.609239579,-0.375026297,-2.939061748
6074,0.560395415,-0.806035398,-2.527516872
6076,-0.377099302,-1.180117198,-1.786390083
6077,-0.377099302,-1.180117198,-1.786390083
6085,-0.079319424,-0.862683961,-2.030104443
6086,-0.520703611,-2.081521332,-1.331524209
6087,0.560395415,-0.806035398,-2.527516872
6088,0.560395415,-0.806035398,-2.527516872
6090,-0.008697024,-0.85162627,-2.195399019
6091,-0.008697024,-0.85162627,-2.195399019
6092,-0.008697024,-0.85162627,-2.195399019
6094,-0.008697024,-0.85162627,-2.195399019
6095,-0.008697024,-0.85162627,-2.195399019
6096,-0.008697024,-0.85162627,-2.195399019
6097,-0.008697024,-0.85162627,-2.195399019
6098,-0.008697024,-0.85162627,-2.195399019
6099,-0.008697024,-0.85162627,-2.195399019
6100,-0.008697024,-0.85162627,-2.195399019
6101,-0.008697024,-0.85162627,-2.195399019
6102,-0.008697024,-0.85162627,-2.195399019
6104,-0.079319424,-0.862683961,-2.030104443
6105,0.199607796,-0.597874483,-2.267770384
6106,0.199607796,-0.597874483,-2.267770384
6107,0.199607796,-0.597874483,-2.267770384
6108,0.199607796,-0.597874483,-2.267770384
6109,0.199607796,-0.597874483,-2.267770384
6111,0.199607796,-0.597874483,-2.267770384
6112,0.199607796,-0.597874483,-2.267770384
6113,0.199607796,-0.597874483,-2.267770384
6114,0.199607796,-0.597874483,-2.267770384
6115,0.199607796,-0.597874483,-2.267770384
6118,-0.079319424,-0.862683961,-2.030104443
6119,-0.079319424,-0.862683961,-2.030104443
6122,-0.920783629,-1.597318429,-1.628507847
6123,-0.920783629,-1.597318429,-1.628507847
6124,-0.920783629,-1.597318429,-1.628507847
6125,-0.920783629,-1.597318429,-1.628507847
6126,-0.920783629,-1.597318429,-1.628507847
6128,-0.920783629,-1.597318429,-1.628507847
6131,-0.920783629,-1.597318429,-1.628507847
6132,-0.920783629,-1.597318429,-1.628507847
6133,-0.920783629,-1.597318429,-1.628507847
6134,-0.920783629,-1.597318429,-1.628507847
6136,-0.996894777,-1.588967034,-1.627711279
6137,-0.996894777,-1.588967034,-1.627711279
6138,-0.996894777,-1.588967034,-1.627711279
6140,-0.996894777,-1.588967034,-1.627711279
6141,-0.996894777,-1.588967034,-1.627711279
6142,-0.996894777,-1.588967034,-1.627711279
6145,-0.996894777,-1.588967034,-1.627711279
6148,-0.996894777,-1.588967034,-1.627711279
6149,-0.996894777,-1.588967034,-1.627711279
6150,-0.996894777,-1.588967034,-1.627711279
6151,-0.008697024,-0.85162627,-2.195399019
6153,1.584173612,-2.678532387,-1.379755514
6154,1.584173612,-2.678532387,-1.379755514
6163,1.584173612,-2.678532387,-1.379755514
6166,1.584173612,-2.678532387,-1.379755514
6169,1.046234165,-2.535165999,-1.322789605
6172,1.046234165,-2.535165999,-1.322789605
6173,1.046234165,-2.535165999,-1.322789605
6174,1.584173612,-2.678532387,-1.379755514
6177,1.584173612,-2.678532387,-1.379755514
6180,1.584173612,-2.678532387,-1.379755514
6184,1.046234165,-2.535165999,-1.322789605
6188,-0.69112451,-1.474807475,-1.98960835
6189,-0.69112451,-1.474807475,-1.98960835
6191,-0.69112451,-1.474807475,-1.98960835
6192,-0.69112451,-1.474807475,-1.98960835
6193,-0.69112451,-1.474807475,-1.98960835
6194,-0.69112451,-1.474807475,-1.98960835
6195,-0.69112451,-1.474807475,-1.98960835
6198,-0.69112451,-1.474807475,-1.98960835
6201,-0.69112451,-1.474807475,-1.98960835
6202,-0.69112451,-1.474807475,-1.98960835
6203,-0.69112451,-1.474807475,-1.98960835
6209,1.130859361,-2.600495632,-1.111635761
6210,1.130859361,-2.600495632,-1.111635761
6214,1.258944859,-2.798120333,-1.110962496
6216,1.258944859,-2.798120333,-1.110962496
6217,1.258944859,-2.798120333,-1.110962496
6218,1.258944859,-2.798120333,-1.110962496
6220,0.910523761,-2.507867832,-1.33456046
6221,0.910523761,-2.507867832,-1.33456046
6231,1.130859361,-2.600495632,-1.111635761
6235,1.046234165,-2.535165999,-1.322789605
6237,1.046234165,-2.535165999,-1.322789605
6238,1.046234165,-2.535165999,-1.322789605
6240,1.046234165,-2.535165999,-1.322789605
6241,1.046234165,-2.535165999,-1.322789605
6242,-0.079319424,-0.862683961,-2.030104443
6243,-0.877260532,-1.561344526,-1.81426561
6244,1.046234165,-2.535165999,-1.322789605
6252,-0.018507754,-0.784371273,-2.529092826
6255,-0.018507754,-0.784371273,-2.529092826
6258,-0.018507754,-0.784371273,-2.529092826
6268,-0.018507754,-0.784371273,-2.529092826
6276,-0.018507754,-0.784371273,-2.529092826
6284,-0.018507754,-0.784371273,-2.529092826
6296,1.61327577,0.377176931,-0.509547259
6390,1.61327577,0.377176931,-0.509547259
6396,1.61327577,0.377176931,-0.509547259
6413,-0.351322916,-1.333786823,-1.734581369
6424,1.454573012,-0.310823428,-0.584246282
6434,1.454573012,-0.310823428,-0.584246282
6445,1.454573012,-0.310823428,-0.584246282
6680,-1.06668265,-0.201557671,-1.202823631
6739,-1.537053301,-2.174063896,2.799505888
6740,-1.537053301,-2.174063896,2.799505888
6744,-1.537053301,-2.174063896,2.799505888
6749,1.320883847,-1.765137627,2.731380878
6750,1.320883847,-1.765137627,2.731380878
6805,-1.581770454,-1.657800724,3.091072103
6806,-1.581770454,-1.657800724,3.091072103
6814,1.545931628,-1.049824434,3.825238435
6830,7.646961468,-0.604769953,0.933487388
6897,-2.844334643,0.989241069,0.113822885
6898,-1.816177389,-0.328158557,-1.224517437
6900,1.968916366,-2.493829659,-0.77057034
6901,1.968916366,-2.493829659,-0.77057034
6903,1.454573012,-0.310823428,-0.584246282
6904,1.61327577,0.377176931,-0.509547259
6907,-1.541087483,0.701241993,-2.334228737
6908,-1.541087483,0.701241993,-2.334228737
6909,0.620899938,0.661258796,4.679977957
6911,-3.954750984,10.10560807,-0.943424363
6913,1.130859361,-2.600495632,-1.111635761
6915,-3.374917188,-2.705866317,-0.348806308
6917,1.258944859,-2.798120333,-1.110962496
6918,1.258944859,-2.798120333,-1.110962496
6919,-0.525603558,-0.820795365,-1.019840331
6920,-0.512114021,-0.745116661,-1.116205985
6922,-0.525603558,-0.820795365,-1.019840331
6923,-1.541087483,0.701241993,-2.334228737
6924,-1.541087483,0.701241993,-2.334228737
6926,2.541289258,-1.261464017,2.314306434
6927,1.545931628,-1.049824434,3.825238435
6929,1.890172722,5.925807199,2.153986136
6931,7.646961468,-0.604769953,0.933487388
6932,1.408271884,0.073070335,-1.007487963
6933,-1.742692617,2.954365907,0.284669833
6938,2.582010391,-2.037395232,0.702185714
6940,-0.55143994,-0.902837556,-0.990692532
6943,-1.541087483,0.701241993,-2.334228737
6944,-1.541087483,0.701241993,-2.334228737
6945,-2.147368337,-0.582126544,-1.320868904
6951,1.421670975,-0.239276643,-0.657666545
6956,1.421670975,-0.239276643,-0.657666545
6957,1.421670975,-0.239276643,-0.657666545
6958,-0.151397182,1.790238855,-0.070789408
6959,-2.493940632,1.002407437,-1.616640755
6960,-2.493940632,1.002407437,-1.616640755
6961,1.246682099,7.173181201,1.020303175
6963,1.890172722,5.925807199,2.153986136
6966,-1.541087483,0.701241993,-2.334228737
6967,-1.541087483,0.701241993,-2.334228737
6968,1.20284956,-2.131681665,-1.242591041
6969,1.20284956,-2.131681665,-1.242591041
6970,-1.522529707,3.137345707,0.130091166
6971,-1.522529707,3.137345707,0.130091166
6973,-0.351322916,-1.333786823,-1.734581369
6974,-0.351322916,-1.333786823,-1.734581369
6975,0.066910408,-0.926800239,0.984193018
6976,0.066910408,-0.926800239,0.984193018
6979,-3.79806479,-3.793185361,2.815767686
6981,2.386148559,-1.273884328,0.419600168
6982,-1.284238045,-1.243372815,-0.690100269
6984,1.454573012,-0.310823428,-0.584246282
6986,-2.663600312,-1.178937115,-2.350087734
6987,-1.880038571,-0.882982249,0.956744334
6989,-7.292942267,-4.860981091,1.451967638
6990,-1.823613406,-1.05474926,-1.522225445
6992,-1.866003924,-1.600638205,-0.673116824
6997,-1.427811351,-0.189820405,-1.496849115
7000,-0.647699437,-1.359352926,-0.958480255
7002,-1.134348356,-0.203293771,-1.124343858
7003,-2.951594042,-3.060988079,1.301615808
7008,-1.78061486,-0.49941769,-1.384346117
7013,0.689090634,0.164497485,-1.137724986
7014,-10.83135288,-6.514342328,4.316903872
7025,0.560302002,1.78789837,1.024674192
7026,-8.037379247,-4.914614514,2.109711198
7028,-2.287634518,-1.498806079,-0.479952073
7031,-0.251567445,0.036419703,-0.63843804
7033,-0.578752221,4.294704936,2.235889841
7036,-2.184476893,-1.70486605,-0.422095982
7058,-5.425157636,-1.519085298,-0.702244596
7061,-3.947172412,-1.787247209,-1.383003602
7062,-0.55143994,-0.902837556,-0.990692532
7063,-1.815310638,8.493388386,-3.993580514
7064,-1.681996361,0.223087231,-2.454054592
7067,-1.022523721,5.56364756,0.174531223
7068,-0.350707433,5.259051699,-0.557278402
7071,-0.668857744,0.979247897,-1.725975904
7072,2.893594248,-2.210831213,0.353513937
7077,-4.570634294,3.460113539,2.068329966
7081,-4.085632214,4.650817557,1.533774199
7092,-0.724488366,0.466457332,-1.697300856
7094,0.018971142,0.365759806,-0.667618909
7096,-0.762086497,0.153765203,0.035092398
7102,-2.038934611,-1.774663158,-0.559871109
7103,1.454573012,-0.310823428,-0.584246282
7106,0.366461495,-0.144521969,-0.188049713
7107,-1.910479721,-0.281411194,-3.414452745
7109,-1.863415306,0.252525786,-2.284311132
7111,-1.838109102,-0.559599659,-2.878669197
7117,-1.526735289,-1.608717486,-1.391337371
7119,0.018971142,0.365759806,-0.667618909
7120,0.018971142,0.365759806,-0.667618909
7125,-0.231970364,-0.62140253,0.017484877
7126,1.58734114,-2.139522185,-0.948005209
7127,1.747913333,-1.918729477,-0.254395626
7130,-0.777419585,0.803798835,-0.438290006
7133,-0.251567445,0.036419703,-0.63843804
7138,-0.29302965,-0.18021479,-0.850484588
7143,-1.147467729,-0.14453609,-1.059170282
7147,-0.147552399,-0.335739266,-1.014935875
7158,0.244960264,-0.777332734,2.021846672
7160,2.137809302,-0.947925765,2.866211616
7161,-0.223447379,-0.566223586,-1.128061359
7162,-1.151275732,-1.201290815,-0.799717125
7163,-0.196212657,-0.048694409,-0.992320237
7164,-0.025596471,-0.706333809,-2.494643689
7165,-3.504982325,-2.649796436,-0.006055104
7169,-1.301635436,-1.544996933,-1.009729344
7177,0.834785943,-1.089626232,-0.253994795
7181,0.33348492,-0.234127555,-0.803994668
7183,7.881693565,-3.264473614,-3.899410173
7186,1.708513078,-1.143980861,-0.492854899
7192,-7.994420095,-3.612611062,1.131158714
7199,-1.161201618,-0.171180703,-0.703559487
7202,-0.653311321,-0.913347185,-0.876518982
7203,-1.316068936,-2.315681775,0.513097725
7207,-4.329954524,-2.619933382,7.816550624
7208,-6.233522641,-2.958008504,0.358195646
7209,1.408271884,0.073070335,-1.007487963
7213,1.408271884,0.073070335,-1.007487963
7217,-1.826068098,0.969918313,-1.708613459
7218,-2.241113255,-0.794711304,-1.093344382
7223,-0.29302965,-0.18021479,-0.850484588
7231,-0.29302965,-0.18021479,-0.850484588
7244,-0.122204897,-0.108877639,-0.993438369
7248,-2.641632415,-1.930578881,2.033590555
7250,-0.634533765,-1.05742371,-0.916734282
7255,1.421655723,-0.687535401,0.112415361
7258,-0.641836895,-1.028205514,-0.962148999
7268,0.196126898,-0.159509925,-1.274412122
7276,-0.653311321,-0.913347185,-0.876518982
7280,-0.918173795,-0.785999486,-1.237291403
7282,-0.29302965,-0.18021479,-0.850484588
7287,-0.79087143,-0.790051317,-1.538821349
7288,-10.26241333,-8.423370019,5.771738576
7296,2.093486803,-2.390827823,0.062218679
7298,-1.349387948,-4.271737914,-0.041565197
7305,-0.223447379,-0.566223586,-1.128061359
7306,-6.443621403,-0.870532791,2.776971162
7307,-4.108277934,0.520630173,-0.981768517
7314,-5.559919727,-2.617122062,-0.095134052
7316,-1.714994189,-0.437374317,-1.47758732
7319,-0.350707433,5.259051699,-0.557278402
7320,-2.280530917,0.570772015,-1.838871124
7322,2.649018221,-2.147068324,0.216194872
7323,3.153203516,-0.32905814,0.501487681
7327,-1.167776909,3.710317614,-0.335492188
7328,-1.167776909,3.710317614,-0.335492188
7332,-6.423239355,0.207994014,3.81394624
7333,0.416163277,-1.248564526,-0.114753518
7337,-3.029599553,-2.016196781,0.084962193
7342,-2.878863386,-0.401775922,-2.175382661
7343,0.697759427,0.184871217,-1.147119524
7344,-1.713091511,-2.193154075,1.729385836
7346,0.844884321,0.779799026,-0.814705452
7347,2.889075408,-2.095535305,0.564825925
7349,1.052681463,-0.3932373,-0.191691101
7350,-4.004418741,2.169589554,1.888073544
7353,-2.233000513,-0.759108617,-1.207179117
7354,0.075723408,-1.35244006,-1.630472493
7356,1.906748291,-0.546092207,3.293044344
7358,1.906748291,-0.546092207,3.293044344
7359,1.906748291,-0.546092207,3.293044344
7372,-3.625244148,-5.233132882,2.3376285
7373,-5.292408283,-3.771533602,8.881763839
7377,2.137809302,-0.947925765,2.866211616
7378,-1.94899488,-1.15845645,1.115764482
7382,-1.772487058,-0.387289986,-1.310826009
7383,-6.443621403,-0.870532791,2.776971162
7384,-1.890230543,-0.526026361,-1.205302306
7387,-4.684842512,-2.421437997,-0.766608995
7394,2.010820239,0.269637382,-0.670658663
7396,2.386148559,-1.273884328,0.419600168
7404,-0.280713663,-0.323937386,-0.811684932
7411,-2.306476186,-3.139185941,2.110775631
7413,1.714462528,-1.583294932,-0.303567415
7415,-0.001117292,-0.251235741,-0.718284645
7416,-1.773602994,3.485351189,2.351950173
7417,-2.239732778,-2.331388124,2.00082619
7418,-2.239732778,-2.331388124,2.00082619
7419,-0.55143994,-0.902837556,-0.990692532
7424,1.61327577,0.377176931,-0.509547259
7430,-1.409001208,-0.600808067,-0.739723344
7461,0.834785943,-1.089626232,-0.253994795
7475,-0.645357244,-2.261490149,4.124308718
7477,-2.254398855,-2.018716343,3.162700864
7514,1.271967044,-1.215637475,3.736773002
7515,1.271967044,-1.215637475,3.736773002
7516,-0.018507754,-0.784371273,-2.529092826
7517,-0.018507754,-0.784371273,-2.529092826
7520,1.067836714,-0.885282611,-0.595959897
7521,1.067836714,-0.885282611,-0.595959897
7523,1.273913502,-1.116396926,3.23138438
7525,0.860454431,-1.106424525,2.359853388
7529,0.860454431,-1.106424525,2.359853388
7530,0.860454431,-1.106424525,2.359853388
7566,1.233951782,-1.045988852,3.047292279
7568,1.233951782,-1.045988852,3.047292279
7717,1.545931628,-1.049824434,3.825238435
7757,1.545931628,-1.049824434,3.825238435
7767,1.545931628,-1.049824434,3.825238435
7917,1.273913502,-1.116396926,3.23138438
7947,1.273913502,-1.116396926,3.23138438
8037,1.480322747,-1.123873002,3.950355132
8057,1.480322747,-1.123873002,3.950355132
8077,1.480322747,-1.123873002,3.950355132
8132,0.860454431,-1.106424525,2.359853388
8171,0.860454431,-1.106424525,2.359853388
8214,-1.012091475,0.647291078,-2.011818625
8222,0.418724085,-0.523973322,-2.358274489
8227,1.397523774,-2.753590887,-1.199650777
8230,1.113422276,-0.572058695,-2.102478014
8231,0.199554303,-0.869900305,-2.588531664
8233,1.629157436,-0.915990831,3.743478936
8234,0.199554303,-0.869900305,-2.588531664
8235,0.915042415,0.154381461,0.858550757
8236,1.356719029,-0.500823813,-0.587456044
8237,0.199607796,-0.597874483,-2.267770384
8238,-2.684077993,0.240281359,-1.830789666
8239,-1.476008782,-0.507245793,-0.341585388
8240,-0.079319424,-0.862683961,-2.030104443
8241,-0.877260532,-1.561344526,-1.81426561
8242,0.609239579,-0.375026297,-2.939061748
8243,-2.050307567,2.810914839,1.848559786
8244,-0.63332231,0.63794345,-1.52063265
8246,-2.906425677,0.813158354,5.834662865
8247,-0.877108776,-1.517470543,-1.582368622
8249,1.067606921,-1.012774932,-0.786416859
8256,-0.945611999,-2.098144625,-0.800954012
8258,-0.945611999,-2.098144625,-0.800954012
8259,-0.945611999,-2.098144625,-0.800954012
8264,-1.666530281,3.206737523,0.582142291
8283,-0.69112451,-1.474807475,-1.98960835
8284,1.454573012,-0.310823428,-0.584246282
8285,1.454573012,-0.310823428,-0.584246282
8290,0.018971142,0.365759806,-0.667618909
8297,-2.401748007,-1.56166178,1.131570988
8306,-0.877108776,-1.517470543,-1.582368622
8307,-0.877108776,-1.517470543,-1.582368622
8311,-3.119097924,-5.443965907,1.861824612
8312,-0.985554699,-0.597684331,-0.337408985
8326,0.418724085,-0.523973322,-2.358274489
8334,-0.079319424,-0.862683961,-2.030104443
8335,-0.079319424,-0.862683961,-2.030104443
8337,-1.639215466,0.366425655,1.32777211
8343,-1.279880478,1.62305839,-0.91618929
8351,1.405925897,-1.481470329,-1.208202624
8354,5.095200197,-2.863663302,1.177576846
8357,-1.229629213,3.758024495,0.151238669
8365,1.743537647,0.763108064,-0.167289076
8366,-0.641836895,-1.028205514,-0.962148999
8369,-0.377099302,-1.180117198,-1.786390083
8376,1.397523774,-2.753590887,-1.199650777
8386,-0.520703611,-2.081521332,-1.331524209
8387,1.727358578,-0.887595865,-1.364401975
8419,1.714462528,-1.583294932,-0.303567415
8420,0.129915261,0.421768684,-0.838881839
8422,0.576258241,-0.512539011,-1.935494089
8424,7.881693565,-3.264473614,-3.899410173
8426,-0.351322916,-1.333786823,-1.734581369
8427,-0.351322916,-1.333786823,-1.734581369
8464,1.137119747,-1.178510788,3.146982983
8483,1.137119747,-1.178510788,3.146982983
8699,1.273913502,-1.116396926,3.23138438
8723,1.273913502,-1.116396926,3.23138438
9027,0.860454431,-1.106424525,2.359853388
9057,-0.351322916,-1.333786823,-1.734581369
9058,1.108353734,-0.780331374,-1.263271152
9067,-1.255561939,2.957697644,2.220691202
9069,-1.255561939,2.957697644,2.220691202
9070,-1.255561939,2.957697644,2.220691202
9075,0.316712121,2.701567384,0.736788497
9078,0.316712121,2.701567384,0.736788497
9079,0.316712121,2.701567384,0.736788497
9081,0.316712121,2.701567384,0.736788497
9084,0.316712121,2.701567384,0.736788497
9085,0.316712121,2.701567384,0.736788497
9089,-0.833951159,3.440819419,1.900562006
9091,-0.833951159,3.440819419,1.900562006
9095,0.031469829,3.457320875,1.483029365
9099,0.031469829,3.457320875,1.483029365
9100,1.331220497,1.407204391,2.200011221
9102,1.331220497,1.407204391,2.200011221
9103,1.331220497,1.407204391,2.200011221
9104,1.331220497,1.407204391,2.200011221
9105,1.331220497,1.407204391,2.200011221
9106,1.331220497,1.407204391,2.200011221
9111,1.331220497,1.407204391,2.200011221
9113,1.331220497,1.407204391,2.200011221
9114,1.331220497,1.407204391,2.200011221
9115,1.331220497,1.407204391,2.200011221
9121,0.00409648,-2.647141358,0.403439763
9125,4.23119897,1.424765549,0.297264608
9128,3.593288836,-1.596976713,-0.417082689
9130,3.593288836,-1.596976713,-0.417082689
9131,3.593288836,-1.596976713,-0.417082689
9133,3.593288836,-1.596976713,-0.417082689
9134,3.593288836,-1.596976713,-0.417082689
9298,-2.485611622,-0.880255717,-2.820006296
9312,-10.56282635,-5.880902261,4.034212958
9314,-3.586382089,-1.456757433,-2.350464835
9321,1.046234165,-2.535165999,-1.322789605
9323,1.046234165,-2.535165999,-1.322789605
9332,1.046234165,-2.535165999,-1.322789605
9336,1.046234165,-2.535165999,-1.322789605
9339,0.946434586,-1.597018094,-1.415542017
9343,0.848255292,-0.521919662,-2.955010059
9352,1.131929642,-0.542649136,-1.370116497
9353,1.131929642,-0.542649136,-1.370116497
9363,1.046234165,-2.535165999,-1.322789605
9369,0.849567635,-1.703460809,-1.35883118
9370,0.849567635,-1.703460809,-1.35883118
9371,1.258944859,-2.798120333,-1.110962496
9380,-0.377099302,-1.180117198,-1.786390083
9381,-0.104104332,-0.838672336,-2.275908713
9382,-0.104104332,-0.838672336,-2.275908713
9383,-0.104104332,-0.838672336,-2.275908713
9386,0.910523761,-2.507867832,-1.33456046
9388,0.910523761,-2.507867832,-1.33456046
9390,1.481646655,-0.471613035,-1.295663217
9391,1.481646655,-0.471613035,-1.295663217
9392,1.481646655,-0.471613035,-1.295663217
9394,1.316006385,-0.363447261,-2.200613509
9395,1.090204291,-1.368191932,-1.442848085
9399,-0.091558057,-0.824072744,-1.975009072
9402,1.03128634,-1.539231953,-1.449532545
9404,-0.377099302,-1.180117198,-1.786390083
9405,-0.377099302,-1.180117198,-1.786390083
9407,-0.377099302,-1.180117198,-1.786390083
9408,-0.351322916,-1.333786823,-1.734581369
9409,0.576258241,-0.512539011,-1.935494089
9412,1.40203035,-0.533334085,-1.268353208
9413,1.40203035,-0.533334085,-1.268353208
9416,0.818772273,-0.590364223,-2.761411678
9421,0.903031987,-0.145359491,-2.380338559
9427,1.046234165,-2.535165999,-1.322789605
9433,1.130859361,-2.600495632,-1.111635761
9436,0.418724085,-0.523973322,-2.358274489
9437,0.418724085,-0.523973322,-2.358274489
9442,-0.018507754,-0.784371273,-2.529092826
9450,0.792746616,-0.512000378,-2.558709169
9451,0.792746616,-0.512000378,-2.558709169
9452,0.792746616,-0.512000378,-2.558709169
9453,0.288308323,-0.691488861,-2.575406342
9454,0.288308323,-0.691488861,-2.575406342
9455,0.288308323,-0.691488861,-2.575406342
9470,0.560258148,-1.926372121,-1.170029644
9471,-0.351322916,-1.333786823,-1.734581369
9476,-0.018507754,-0.784371273,-2.529092826
9481,-0.091558057,-0.824072744,-1.975009072
9503,-2.485611622,-0.880255717,-2.820006296
9506,-3.091619395,4.532402872,1.817541606
9507,-1.096111377,6.634643931,0.264186419
9508,-2.177068931,4.846597073,1.004905216
9509,-1.653623676,5.420522009,0.53620463
9510,-1.46999167,5.927588275,0.285968142
9511,-1.812650974,6.101582077,0.619429555
9512,-1.306330277,6.764050428,0.667061853
9513,1.25199178,6.172550799,0.793546586
9514,0.790344643,5.77248616,0.254354947
9515,-1.029446449,6.03310473,0.756371999
9517,-7.417646929,0.960016952,5.22364938
9518,0.79897883,4.274542446,-0.590092376
9519,-1.579696285,1.262972636,0.18001777
9520,1.462750295,4.220786514,-0.989282417
9521,-1.038776442,3.195563957,0.1648669
9522,-2.224929699,5.501063382,0.923033074
9523,1.552954413,5.484696847,0.461937611
9524,-1.315936705,1.733571132,-0.358464205
9525,-2.288784478,-0.827171063,0.786781439
9526,-1.742692617,2.954365907,0.284669833
9527,-1.515654603,2.767761658,0.260731718
9528,1.630519034,3.752830749,0.478387592
9529,0.321298514,5.256956366,0.086778456
9530,0.588714252,6.431619495,0.947537057
9531,1.171977849,4.431532086,-1.024442815
9532,0.697840402,3.83917967,-1.215372429
9533,1.057032449,3.858208044,-1.198652264
9534,1.291860444,5.868853224,-0.702275146
9535,-0.89764835,3.83166029,-0.869616569
9536,0.684724921,3.462509528,-0.026819429
9537,-0.933148699,5.825040822,1.402330297
9539,-2.793652186,3.096030908,0.714850012
9540,-1.725521253,0.802632178,0.279692815
9541,-0.350018703,6.209837579,1.741034223
9542,-0.71305996,1.458306292,-0.900944909
9543,-2.005742003,5.202463604,1.081687311
9544,0.277268222,5.68170214,0.016879835
9545,-0.256537371,5.640355093,0.76665139
9546,0.864282272,3.398295145,0.396989255
9547,-1.983286972,2.461249921,0.538696103
9548,-0.374056835,1.975013964,-0.879575897
9549,0.775495,3.680697992,-0.836186548
9550,-3.160065029,-1.073100724,-0.171645074
9551,-1.059132675,2.985383168,0.199274315
9552,1.227486005,3.68352724,-1.179070947
9553,0.782479679,4.318894933,-0.95927399
9554,1.621624818,6.264498669,1.073265649
9555,1.263945282,5.412434888,0.079571972
9556,0.844590281,4.756938935,-0.348982307
9557,-2.002243673,-1.082026804,0.860615756
9558,-0.301225835,4.035666244,-0.393505198
9559,0.233285589,7.261264893,1.31013213
9560,-0.624478921,6.270823972,1.984116025
9561,0.793643753,3.491310785,-1.133148038
9562,-0.880881542,1.431927919,0.298511466
9564,0.73557019,2.404679392,0.202714534
9565,-2.902686484,0.07059937,-0.125809042
9567,-2.612208232,-1.954183472,0.383227105
9568,-3.28274852,-3.459391429,0.894585557
9569,-4.209328286,-1.113485016,1.341401976
9571,-3.884710581,0.649204142,0.035840887
9573,-1.385019314,3.036770578,0.138963546
9574,1.711334248,6.25740313,1.054802072
9576,0.514903783,2.752119465,-1.237957506
9577,-3.713133864,-3.690403227,0.804743345
9578,-3.293181285,0.338368369,1.221704553
9579,1.246682099,7.173181201,1.020303175
9581,-1.83964493,0.400622208,-0.70988934
9582,1.397774833,3.994513286,-0.278472985
9583,0.269329809,2.408567082,0.649185737
9584,0.863307516,3.131711294,-1.213800524
9585,-6.059968524,0.804909499,1.545584123
9586,0.748824025,2.946382873,-1.187889404
9587,1.094402036,4.062814585,-0.320892228
9588,0.094739026,2.071514882,0.546055698
9589,1.244613169,3.630073458,-0.808145364
9590,-3.742186813,1.359647098,-0.789413912
9591,-2.264169181,1.741124669,-0.511210249
9592,0.015397649,3.770448848,-0.710093527
9593,-0.544619293,1.105662619,-1.041004794
9594,-0.356537423,1.211890018,0.248682211
9595,0.913062969,4.339756904,-1.137873721
9596,-7.833290448,0.957065353,5.47947019
9597,-0.072722188,2.099139983,-1.092911997
9598,-1.826883726,2.783472779,0.783091473
9599,-1.732639649,1.229528364,0.045825087
9600,-0.465716897,5.644210392,0.38490163
9601,0.589140933,3.577655087,-0.697086736
9602,1.154317641,5.353394469,-0.503203027
9606,0.92940312,5.41139624,-0.152430208
9607,5.296820991,-1.744314394,1.58063666
9608,7.785334063,-1.301635476,1.461556756
9609,8.019772177,-1.40209958,1.49274964
9610,5.432100332,-1.627474741,1.782245188
9611,5.432100332,-1.627474741,1.782245188
9612,5.432100332,-1.627474741,1.782245188
9613,5.899631023,-1.712263394,1.377366053
9615,5.291990548,-1.107877252,1.747389819
9616,5.432100332,-1.627474741,1.782245188
9617,7.785334063,-1.301635476,1.461556756
9619,7.754174779,-0.496621814,1.91065476
9620,7.990637672,-0.683269065,1.932105059
9621,7.754174779,-0.496621814,1.91065476
9622,6.312323178,-1.947605635,2.677965886
9624,7.758275214,-1.429034705,1.563395759
9625,4.78416856,-2.390794005,1.364956033
9626,5.166154562,-2.201884665,1.697785634
9627,4.78416856,-2.390794005,1.364956033
9628,4.78416856,-2.390794005,1.364956033
9629,5.477438377,-1.957133949,2.032715663
9630,5.71510869,-1.873361218,2.052779466
9631,7.531102572,-1.074002463,1.639248991
9632,7.48782137,-1.039561767,1.609819092
9633,7.531102572,-1.074002463,1.639248991
9634,7.678445491,-1.780867013,1.410226912
9635,7.472914015,-1.066772488,1.483463613
9636,7.48782137,-1.039561767,1.609819092
9637,7.483433878,-1.187011074,1.732472907
9638,7.483433878,-1.187011074,1.732472907
9639,7.585703637,-1.520603159,1.421983641
9640,7.751905073,-0.736854023,1.87888982
9641,7.751905073,-0.736854023,1.87888982
9642,7.751905073,-0.736854023,1.87888982
9643,7.696577834,-0.691311048,1.682292214
9644,0.463627596,0.639514334,1.40398299
9645,0.72681997,0.768886569,1.273634845
9646,-3.132275669,2.34523349,0.554388658
9647,-1.111811816,4.782676849,0.287537615
9648,-2.876438118,3.98115908,1.472664775
9649,-3.132275669,2.34523349,0.554388658
9651,-2.378398358,1.874351455,0.093512374
9653,-3.185225432,3.623298353,0.646195409
9655,-3.480670267,3.573040008,1.427360826
9656,-0.829077077,4.283901788,-0.386573131
9657,-3.185225432,3.623298353,0.646195409
9658,-3.480670267,3.573040008,1.427360826
9659,-2.199294526,2.908183153,0.963182236
9660,-2.750596434,3.114670248,1.212150738
9661,-2.656535464,4.477950944,1.569563885
9663,-2.431810509,3.160988709,1.388856854
9664,0.970508197,0.379924637,0.173042792
9665,0.970508197,0.379924637,0.173042792
9666,0.970508197,0.379924637,0.173042792
9667,0.970508197,0.379924637,0.173042792
9668,0.970508197,0.379924637,0.173042792
9669,0.970508197,0.379924637,0.173042792
9670,0.970508197,0.379924637,0.173042792
9671,0.970508197,0.379924637,0.173042792
9672,0.970508197,0.379924637,0.173042792
9673,0.970508197,0.379924637,0.173042792
9676,0.970508197,0.379924637,0.173042792
9677,0.970508197,0.379924637,0.173042792
9678,0.970508197,0.379924637,0.173042792
9679,0.970508197,0.379924637,0.173042792
9680,0.970508197,0.379924637,0.173042792
9681,0.970508197,0.379924637,0.173042792
9682,0.970508197,0.379924637,0.173042792
9683,0.970508197,0.379924637,0.173042792
9684,0.970508197,0.379924637,0.173042792
9685,0.970508197,0.379924637,0.173042792
9686,0.970508197,0.379924637,0.173042792
9687,0.970508197,0.379924637,0.173042792
9689,0.970508197,0.379924637,0.173042792
9690,0.970508197,0.379924637,0.173042792
9691,0.970508197,0.379924637,0.173042792
9692,0.970508197,0.379924637,0.173042792
9693,0.970508197,0.379924637,0.173042792
9694,0.970508197,0.379924637,0.173042792
9695,0.970508197,0.379924637,0.173042792
9696,0.970508197,0.379924637,0.173042792
9697,0.918969417,1.478022376,-0.344933953
9698,0.918969417,1.478022376,-0.344933953
9699,1.198017785,2.345009188,-0.224421897
9700,1.676117214,1.397289991,0.531957992
9701,2.154431923,1.562431608,1.540819493
9703,0.712753081,0.720011832,-0.645610655
9704,0.712753081,0.720011832,-0.645610655
9705,1.179498814,3.196289998,-0.134310397
9706,0.375574323,-0.242435069,-0.988474432
9707,0.25312001,0.654189144,-0.472774423
9708,0.469368885,2.618627326,0.277952004
9709,1.885121531,1.808688713,0.42521428
9710,1.885121531,1.808688713,0.42521428
9711,1.676117214,1.397289991,0.531957992
9712,1.676117214,1.397289991,0.531957992
9713,0.921045314,1.927550784,0.756095507
9714,0.817805205,2.838980697,0.426399863
9716,0.25312001,0.654189144,-0.472774423
9717,0.469368885,2.618627326,0.277952004
9718,0.143576455,0.204997589,-0.635022705
9719,0.56223206,2.664307375,0.206729412
9720,0.56223206,2.664307375,0.206729412
9721,0.791086578,-0.3325631,0.380199957
9722,0.442560838,0.166852047,-0.72943962
9723,0.922376813,1.72825658,-0.479342532
9725,-0.846503356,5.551086275,0.680596869
9726,-2.287562737,5.49270576,1.730890751
9727,-2.350572087,5.904195004,1.835093602
9728,0.727564889,-1.22009269,0.400191913
9729,0.727564889,-1.22009269,0.400191913
9730,0.727564889,-1.22009269,0.400191913
9731,0.727564889,-1.22009269,0.400191913
9732,0.727564889,-1.22009269,0.400191913
9733,0.727564889,-1.22009269,0.400191913
9735,0.727564889,-1.22009269,0.400191913
9736,2.132712203,1.056851907,1.066328372
9737,1.241739454,0.476586051,0.930352246
9738,1.808482023,-0.695645358,0.433045678
9739,0.94607468,0.000927613,0.843198241
9741,1.30372973,0.224432589,0.730109946
9743,1.534840338,0.122381961,0.66754019
9744,2.098341014,0.485719651,0.974129352
9745,1.800814455,0.577734834,1.235406437
9747,0.839531832,0.780114806,1.032232177
9748,0.684750919,-0.412912399,0.485111422
9749,0.958713913,0.658108692,0.426449608
9754,0.843278867,0.535621203,1.078763502
9755,1.489375043,1.333253786,1.021204378
9756,0.810540833,0.968943565,1.147178281
9757,0.810540833,0.968943565,1.147178281
9758,8.9097537,-0.217872908,1.005480974
9759,-1.969260636,2.35081762,2.987821833
9761,-4.772742769,4.998162364,5.114686476
9762,-0.834040668,2.556075838,-0.957196508
9764,-3.101034094,3.841301503,3.476528163
9766,7.384808631,-3.065996836,0.90463246
9768,-0.359433989,-0.72654826,-0.120527675
9769,-0.703556475,-1.064331017,0.113514904
9770,-0.359433989,-0.72654826,-0.120527675
9771,-0.359433989,-0.72654826,-0.120527675
9772,-0.523865789,-0.925699414,0.20825569
9774,-0.304525442,-0.557530452,0.083445279
9775,-1.011149868,-1.419938488,0.244122618
9776,-1.011149868,-1.419938488,0.244122618
9777,-0.304525442,-0.557530452,0.083445279
9778,-0.523865789,-0.925699414,0.20825569
9779,-1.011149868,-1.419938488,0.244122618
9780,-1.011149868,-1.419938488,0.244122618
9781,-0.359433989,-0.72654826,-0.120527675
9782,-0.359433989,-0.72654826,-0.120527675
9783,-0.359433989,-0.72654826,-0.120527675
9784,-1.011149868,-1.419938488,0.244122618
9785,-0.359433989,-0.72654826,-0.120527675
9786,-0.359433989,-0.72654826,-0.120527675
9787,-0.743598479,-1.477517517,0.233412209
9788,-0.359433989,-0.72654826,-0.120527675
9789,-0.523865789,-0.925699414,0.20825569
9790,-0.304525442,-0.557530452,0.083445279
9791,-0.304525442,-0.557530452,0.083445279
9792,-0.359433989,-0.72654826,-0.120527675
9793,-0.359433989,-0.72654826,-0.120527675
9794,-0.359433989,-0.72654826,-0.120527675
9795,-0.743598479,-1.477517517,0.233412209
9796,-0.523865789,-0.925699414,0.20825569
9797,-0.359433989,-0.72654826,-0.120527675
9798,-0.359433989,-0.72654826,-0.120527675
9799,-0.523865789,-0.925699414,0.20825569
9800,-0.359433989,-0.72654826,-0.120527675
9801,-0.359433989,-0.72654826,-0.120527675
9802,-0.359433989,-0.72654826,-0.120527675
9803,-1.011149868,-1.419938488,0.244122618
9804,-0.523865789,-0.925699414,0.20825569
9805,-0.359433989,-0.72654826,-0.120527675
9806,-0.359433989,-0.72654826,-0.120527675
9807,-0.304525442,-0.557530452,0.083445279
9808,-0.359433989,-0.72654826,-0.120527675
9809,-0.359433989,-0.72654826,-0.120527675
9810,-0.359433989,-0.72654826,-0.120527675
9811,-0.359433989,-0.72654826,-0.120527675
9812,-0.359433989,-0.72654826,-0.120527675
9813,-1.011149868,-1.419938488,0.244122618
9814,-1.011149868,-1.419938488,0.244122618
9815,-0.359433989,-0.72654826,-0.120527675
9816,-0.359433989,-0.72654826,-0.120527675
9817,-0.944738654,5.829048084,0.609132779
9819,-0.212548693,2.614385903,-1.0820258
9820,1.215422087,4.176064871,-1.296357228
9821,-1.725521253,0.802632178,0.279692815
9822,0.851603377,3.893763423,-1.199826377
9823,-4.108967672,1.472269823,-0.385426878
9824,-1.859963199,0.254044272,-0.800689611
9825,1.154317641,5.353394469,-0.503203027
9826,-3.4066069,1.357501751,1.631887587
9827,-3.436736672,-2.714305751,1.050774977
9828,-1.71112392,2.20652064,0.877414768
9830,0.645481482,5.314064105,0.128336354
9831,1.531326555,6.345867614,1.071426074
9832,1.172767763,5.158697821,-0.436823421
9833,1.208008396,4.853800405,-1.098080055
9834,0.973389368,4.463871939,-0.874906437
9835,-2.861629022,3.531250245,1.490882732
9836,1.477945868,3.759728179,-0.043607501
9837,-0.761510506,6.000955081,1.473086126
9838,0.020777759,4.002706897,-0.689811898
9839,1.208008396,4.853800405,-1.098080055
9840,1.561889094,3.805985611,0.240555856
9841,0.851603377,3.893763423,-1.199826377
9843,0.973389368,4.463871939,-0.874906437
9844,-0.011951474,2.3731119,0.320463411
9845,1.154317641,5.353394469,-0.503203027
9846,-0.818163395,0.841805477,-1.343738692
9847,-3.484037136,1.275665854,-0.617615337
9848,-0.782716408,4.44427943,-0.149402519
9849,0.851603377,3.893763423,-1.199826377
9850,-3.340171577,-2.142134916,0.367041749
9851,-3.770855435,-1.256796319,1.310110467
9852,1.004995289,5.370239108,-0.389376329
9853,-3.819814325,0.616704582,-0.367366088
9854,-4.108967672,1.472269823,-0.385426878
9855,0.973389368,4.463871939,-0.874906437
9856,0.973389368,4.463871939,-0.874906437
9857,1.190357813,5.578764268,-0.134025229
9858,-0.033945186,2.186221533,-0.931617727
9859,1.154317641,5.353394469,-0.503203027
9860,-0.072722188,2.099139983,-1.092911997
9861,1.396515361,4.921652002,-0.514018978
9862,1.004995289,5.370239108,-0.389376329
9864,-1.666530281,3.206737523,0.582142291
9866,0.120691227,1.581201705,-1.40821407
9867,1.327126316,4.241803175,-1.053924517
9868,-1.725521253,0.802632178,0.279692815
9869,-1.747900481,5.505053786,1.348144633
9870,1.150079435,4.188641854,0.292928006
9871,-0.613763062,1.833955243,-0.517902173
9873,-0.568222037,6.574878986,1.399656628
9874,-0.071907667,2.948031141,-1.086175584
9875,-4.108967672,1.472269823,-0.385426878
9876,0.360961481,3.807684439,-0.055539286
9877,-3.165520182,-0.396973985,-0.321657761
9878,1.259451611,4.899099394,-0.567343732
9879,0.72941177,7.381853821,-0.732370983
9880,-1.600368225,2.070685881,-0.91964787
9881,-1.273425555,1.413348202,-0.160770273
9882,1.208008396,4.853800405,-1.098080055
9883,-0.477021437,0.794959163,-0.987058511
9885,0.03006863,2.110477639,-1.010725967
9886,-2.780421885,-2.523295854,0.471151537
9887,0.494524888,3.078058484,-1.323473539
9888,1.327126316,4.241803175,-1.053924517
9890,-2.601120168,-0.398687777,-0.639283314
9891,-1.385019314,3.036770578,0.138963546
9892,-4.689854328,-0.088416919,1.957403822
9894,-3.486783203,-3.9418598,1.20946586
9895,-1.983286972,2.461249921,0.538696103
9897,0.449213715,4.227189494,-0.716335051
9898,0.197675364,2.362795154,-0.999308848
9899,-3.610044941,-4.734038859,1.240207092
9900,-0.741174602,7.555066906,1.399987483
9901,-0.544619293,1.105662619,-1.041004794
9902,1.396515361,4.921652002,-0.514018978
9903,-0.818163395,0.841805477,-1.343738692
9904,1.327126316,4.241803175,-1.053924517
9905,-0.71305996,1.458306292,-0.900944909
9906,-1.227004729,5.421582588,-0.758352902
9908,-1.703231233,-0.228657338,-1.409169635
9909,-1.490529573,-0.071171303,-1.698028043
9910,-1.801972725,-0.456464451,-1.327581782
9911,-1.442116427,-1.102186063,-0.357207099
9912,-1.310490394,-0.416933126,-0.265534653
9914,-1.532484271,-0.779011348,-0.670427729
9915,-1.752342906,-0.848116561,-0.994354263
9917,-1.039923703,-0.237101584,0.02475293
9918,-1.240635928,-0.291516949,-0.29864392
9920,-0.423387544,0.768089934,-0.612290566
9921,-0.991155948,0.458007274,-1.057518524
9924,-0.423387544,0.768089934,-0.612290566
9925,-0.650828257,0.411522589,-0.512218855
9926,-0.159891594,0.925989959,-1.0121095
9927,-2.158492983,1.271370187,-0.159899536
9928,-2.158492983,1.271370187,-0.159899536
9929,-1.552212547,2.539134455,-0.158729284
9930,-1.401984117,3.241042585,0.803561217
9932,-1.706423959,2.673541771,1.223266776
9933,-1.326804531,3.47884662,0.161253409
9935,-1.263008287,0.111887143,-1.730621211
9937,-1.466299284,-0.105777559,-1.812518989
9938,-1.263008287,0.111887143,-1.730621211
9939,0.92940312,5.41139624,-0.152430208
9941,-5.506408067,3.34854115,1.165670509
9942,1.406199796,3.575805459,-0.048135138
9943,-0.014414074,5.798898055,-0.094357132
9944,-1.572884584,6.873705178,-0.01704304
9945,1.14655605,3.20884184,-1.186793664
9946,-0.293542923,6.861773503,1.29509107
9947,-0.613763062,1.833955243,-0.517902173
9948,0.197675364,2.362795154,-0.999308848
9949,-4.689854328,-0.088416919,1.957403822
9950,-3.486783203,-3.9418598,1.20946586
9951,4.78416856,-2.390794005,1.364956033
9952,4.78416856,-2.390794005,1.364956033
9953,5.212213092,-2.284232134,1.89542474
9955,6.639509726,-1.53128286,1.750258496
9956,6.639509726,-1.53128286,1.750258496
9957,5.492305711,-1.103486167,2.056111643
9958,5.045254238,-1.471039706,1.010099973
9959,5.045254238,-1.471039706,1.010099973
9960,7.04601261,-1.229510567,1.58938042
9962,-2.173347187,2.781774943,0.257154877
9963,-3.041777734,2.714061477,0.85929415
9964,-2.950130724,2.235224766,-0.016274829
9965,-2.950130724,2.235224766,-0.016274829
9966,-1.885116157,2.144594587,-0.324097047
9968,-3.041777734,2.714061477,0.85929415
9969,-1.559956365,4.022213637,0.344703183
9970,0.970508197,0.379924637,0.173042792
9971,0.851997716,-0.111760536,-0.192894057
9972,0.851997716,-0.111760536,-0.192894057
9973,0.970508197,0.379924637,0.173042792
9974,0.970508197,0.379924637,0.173042792
9975,0.970508197,0.379924637,0.173042792
9976,1.082233036,0.277599482,-0.401074809
9978,1.363685045,-2.325309219,-2.913676858
9979,0.970508197,0.379924637,0.173042792
9980,-3.161628598,2.632827298,0.432592087
9981,-3.406408987,3.760387962,1.279509358
9982,-2.666109177,1.629524146,0.027210493
9983,-2.761658052,3.559299052,2.057260351
9984,-2.761658052,3.559299052,2.057260351
9985,0.721852827,0.980792285,-0.81720746
9986,0.243421736,1.918457066,-0.263727484
9987,0.721852827,0.980792285,-0.81720746
9988,0.00409648,-2.647141358,0.403439763
9990,1.331220497,1.407204391,2.200011221
9991,1.622868377,2.358501952,1.711848514
9993,1.014043671,1.673214795,0.953546587
9995,-0.475886539,-1.506549981,0.488003233
9996,-1.752671735,-2.14696842,0.583478023
9997,-0.359433989,-0.72654826,-0.120527675
9998,-1.011149868,-1.419938488,0.244122618
9999,-0.359433989,-0.72654826,-0.120527675
10001,-0.359433989,-0.72654826,-0.120527675
10002,-0.359433989,-0.72654826,-0.120527675
10004,2.360596897,1.216499057,1.338403565
10005,1.164261289,0.287907465,0.84773033
10006,-0.138714665,0.648784051,-0.662157891
10008,1.800814455,0.577734834,1.235406437
10009,1.800814455,0.577734834,1.235406437
10010,1.800814455,0.577734834,1.235406437
10011,3.593288836,-1.596976713,-0.417082689
10012,0.031469829,3.457320875,1.483029365
10013,0.316712121,2.701567384,0.736788497
10014,-1.255561939,2.957697644,2.220691202
10015,3.377551875,-1.769529929,-1.915546885
10017,0.845785606,0.562867564,1.031021315
10018,0.828025332,1.199414725,1.340233952
10020,1.61327577,0.377176931,-0.509547259
10022,-1.94899488,-1.15845645,1.115764482
10023,-4.483288247,-4.758056121,-0.646800731
10027,-1.94899488,-1.15845645,1.115764482
14312,3.471492994,-2.902377068,-0.296930964
14313,3.471492994,-2.902377068,-0.296930964
14314,2.951551705,-2.668722204,-0.471062564
14315,2.951551705,-2.668722204,-0.471062564
14318,3.455078088,-2.754758098,-0.394404244
14319,3.455078088,-2.754758098,-0.394404244
15560,6.984541556,-3.678487712,1.846137101
15591,0.41119857,-0.849579112,0.847622408
15592,0.41119857,-0.849579112,0.847622408
15593,0.41119857,-0.849579112,0.847622408
18694,2.473488293,-2.349134294,-0.677854999
18696,2.799702672,-2.496154918,-0.456770376
19949,0.41119857,-0.849579112,0.847622408
19950,0.41119857,-0.849579112,0.847622408
19951,0.41119857,-0.849579112,0.847622408