,barley_PC1,barley_PC2,barley_PC3
BRIDGE_HOR_12516,-2.826495561,-1.200839609,0.293244092
BRIDGE_HOR_12779,-2.826495561,-1.200839609,0.293244092
BRIDGE_HOR_12780,-2.826495561,-1.200839609,0.293244092
BRIDGE_BCC_1576,NA,NA,NA
BRIDGE_HOR_13419,-2.471294838,-2.645727001,1.311866237
BRIDGE_HOR_13418,-2.471294838,-2.645727001,1.311866237
BRIDGE_HOR_13420,-0.993431913,-2.095666026,0.591431553
BRIDGE_HOR_12820,-3.093691931,-1.152386169,0.080424384
BRIDGE_HOR_13423,-2.397197765,-3.100707398,1.368937236
BRIDGE_HOR_13414,-1.326157395,-2.406503335,0.554446403
BRIDGE_HOR_13415,-1.326157395,-2.406503335,0.554446403
BRIDGE_HOR_13416,-0.659120639,-1.620899687,0.278493238
BRIDGE_HOR_13417,-0.659120639,-1.620899687,0.278493238
BRIDGE_HOR_13412,-1.586917654,-3.082155367,0.645347852
BRIDGE_HOR_13413,-1.586917654,-3.082155367,0.645347852
BRIDGE_BCC_137,-0.27585373,-2.418427008,0.344688316
BRIDGE_HOR_13425,-1.418931031,-3.018389385,0.619457351
BRIDGE_HOR_13424,-1.00426585,-2.679704195,0.333604208
BRIDGE_HOR_13447,-1.00426585,-2.679704195,0.333604208
BRIDGE_HOR_13436,-1.239701449,-3.07878167,0.514607159
BRIDGE_HOR_13437,-1.239701449,-3.07878167,0.514607159
BRIDGE_HOR_13427,-0.776081591,-2.659330233,0.345588893
BRIDGE_HOR_13428,-0.776081591,-2.659330233,0.345588893
BRIDGE_HOR_13429,-0.776081591,-2.659330233,0.345588893
BRIDGE_HOR_13430,-0.776081591,-2.659330233,0.345588893
BRIDGE_HOR_13431,-0.776081591,-2.659330233,0.345588893
BRIDGE_HOR_13432,-0.776081591,-2.659330233,0.345588893
BRIDGE_HOR_13433,-0.776081591,-2.659330233,0.345588893
BRIDGE_HOR_13434,-0.776081591,-2.659330233,0.345588893
BRIDGE_HOR_13426,0.26288775,-2.1023952,0.299773217
BRIDGE_HOR_13438,0.26288775,-2.1023952,0.299773217
BRIDGE_HOR_8841,-2.211959229,-2.413489683,0.533803293
BRIDGE_BCC_140,-0.661118837,-4.228865419,0.732647947
BRIDGE_HOR_8849,-2.026240297,-1.64279494,-0.44612975
BRIDGE_HOR_8850,-2.026240297,-1.64279494,-0.44612975
BRIDGE_BCC_152,-2.673580883,-1.970010497,0.913359481
BRIDGE_HOR_8851,-1.982249015,-0.382468523,-1.166889711
BRIDGE_HOR_13443,-2.26170633,-2.322954884,0.811153322
BRIDGE_HOR_8848,-1.219772237,-2.213975471,-0.218663561
BRIDGE_HOR_8846,-1.121802895,-2.038758499,-0.304776762
BRIDGE_HOR_13442,-2.046896737,-2.81479239,0.636280223
BRIDGE_HOR_13446,-2.794348565,-2.583107155,0.452545109
BRIDGE_HOR_13444,-2.794348565,-2.583107155,0.452545109
BRIDGE_HOR_13445,-2.794348565,-2.583107155,0.452545109
BRIDGE_BCC_141,0.653502913,-2.606365763,0.170593836
BRIDGE_HOR_13441,-0.82765265,-2.425133379,0.387501859
BRIDGE_HOR_8852,-0.368892289,0.029846313,-1.436767454
BRIDGE_HOR_13439,0.354718917,-2.387721254,0.066471301
BRIDGE_HOR_13440,-1.430645545,-2.967274909,0.55484781
BRIDGE_HOR_12522,-0.661291616,-4.6965998,0.306674136
BRIDGE_HOR_12821,-0.661291616,-4.6965998,0.306674136
BRIDGE_BCC_162,-2.259680986,-2.392378024,0.149380394
BRIDGE_HOR_11644,-2.132376412,1.886687668,-2.924631553
BRIDGE_HOR_13460,-1.049956224,-2.503059174,0.232233395
BRIDGE_HOR_13461,-1.049956224,-2.503059174,0.232233395
BRIDGE_HOR_11646,-1.719268965,1.682638967,-2.99024377
BRIDGE_HOR_11665,-1.387844376,2.201530434,-3.137752802
BRIDGE_HOR_12019,-1.387844376,2.201530434,-3.137752802
BRIDGE_HOR_12045,-1.387844376,2.201530434,-3.137752802
BRIDGE_HOR_12047,-1.387844376,2.201530434,-3.137752802
BRIDGE_HOR_12048,-1.387844376,2.201530434,-3.137752802
BRIDGE_HOR_12073,-1.387844376,2.201530434,-3.137752802
BRIDGE_HOR_12316,-1.387844376,2.201530434,-3.137752802
BRIDGE_HOR_12317,-1.387844376,2.201530434,-3.137752802
BRIDGE_HOR_12318,-1.387844376,2.201530434,-3.137752802
BRIDGE_HOR_12319,-1.387844376,2.201530434,-3.137752802
BRIDGE_HOR_12320,-1.387844376,2.201530434,-3.137752802
BRIDGE_HOR_12322,-1.387844376,2.201530434,-3.137752802
BRIDGE_HOR_12323,-1.387844376,2.201530434,-3.137752802
BRIDGE_HOR_12324,-1.387844376,2.201530434,-3.137752802
BRIDGE_HOR_12325,-1.387844376,2.201530434,-3.137752802
BRIDGE_HOR_12326,-1.387844376,2.201530434,-3.137752802
BRIDGE_HOR_12331,-1.387844376,2.201530434,-3.137752802
BRIDGE_HOR_12332,-1.387844376,2.201530434,-3.137752802
BRIDGE_HOR_12334,-1.387844376,2.201530434,-3.137752802
BRIDGE_BCC_134,-0.519914125,-4.426702944,0.301945025
BRIDGE_HOR_11645,-0.680771542,0.873819007,-2.127454379
BTR_FT521,-1.710029456,-1.047781385,-1.402727945
BRIDGE_BCC_37,-0.198703971,-2.798778528,-0.258003615
BRIDGE_HOR_13515,-0.915990066,0.864443465,-1.97389545
BRIDGE_HOR_13516,-0.837973313,0.754353407,-2.12057462
BRIDGE_BCC_49,-0.146695049,-1.913729679,-0.622284389
BRIDGE_HOR_13519,-0.628599221,2.348264205,-3.187806023
BRIDGE_HOR_13520,-0.628599221,2.348264205,-3.187806023
BRIDGE_HOR_13518,-0.628599221,2.348264205,-3.187806023
BRIDGE_BCC_46,-0.085764109,-1.699455063,-0.770349876
BRIDGE_HOR_13521,-0.181790518,2.183430002,-3.013994435
BRIDGE_BCC_33,-1.054727969,-2.452567405,-0.255607095
BRIDGE_HOR_13522,-0.158397565,2.566923125,-3.343341223
BRIDGE_HOR_13517,-1.046542444,0.654374601,-2.100348615
BRIDGE_HOR_11116,-0.535461351,2.057106788,-2.93778136
BRIDGE_HOR_11117,-0.535461351,2.057106788,-2.93778136
BRIDGE_HOR_11118,-0.535461351,2.057106788,-2.93778136
BRIDGE_HOR_11119,-0.739829383,0.14214445,-1.753881162
BRIDGE_HOR_11125,-0.739829383,0.14214445,-1.753881162
BRIDGE_HOR_12412,-0.739829383,0.14214445,-1.753881162
BTR_FT411,0.779378218,3.028389322,-3.350813996
BRIDGE_HOR_11503,-2.391103629,-1.413259098,-0.55242056
BRIDGE_HOR_11495,-2.391103629,-1.413259098,-0.55242056
BRIDGE_HOR_11496,-2.391103629,-1.413259098,-0.55242056
BRIDGE_HOR_11497,-2.391103629,-1.413259098,-0.55242056
BRIDGE_HOR_11498,-2.391103629,-1.413259098,-0.55242056
BRIDGE_HOR_13493,-2.984245432,-1.626853547,-0.730021882
BRIDGE_HOR_13490,-2.738538133,-1.900806225,-0.508361056
BRIDGE_HOR_11480,-2.62390818,-1.696703745,-0.660440163
BRIDGE_HOR_11481,-2.62390818,-1.696703745,-0.660440163
BRIDGE_HOR_11482,-2.62390818,-1.696703745,-0.660440163
BRIDGE_HOR_11483,-2.624567212,-1.834356206,-0.673430651
BRIDGE_HOR_11484,-2.624567212,-1.834356206,-0.673430651
BRIDGE_HOR_13462,-2.62390818,-1.696703745,-0.660440163
BRIDGE_HOR_12831,-2.60310673,-1.840961457,-0.778052277
BRIDGE_HOR_11501,-2.2410905,-1.664842139,-0.329805597
BRIDGE_HOR_11499,-2.449504015,-1.082006585,-0.798769072
BRIDGE_HOR_11488,-1.857446056,-2.35315377,-0.240140383
BRIDGE_HOR_11487,-1.88157364,-2.431608528,-0.185271173
BRIDGE_HOR_11491,-1.902287718,-2.051300685,-0.538528854
BRIDGE_HOR_11504,-1.902287718,-2.051300685,-0.538528854
BRIDGE_HOR_12711,-1.902287718,-2.051300685,-0.538528854
BRIDGE_HOR_12712,-1.902287718,-2.051300685,-0.538528854
BRIDGE_HOR_12795,-1.902287718,-2.051300685,-0.538528854
BRIDGE_HOR_13466,-1.902287718,-2.051300685,-0.538528854
BRIDGE_HOR_11490,-1.725125883,-1.599304414,-0.969866795
BRIDGE_HOR_11485,-1.787872747,-2.398214487,-0.226921156
BRIDGE_HOR_11486,-1.787872747,-2.398214487,-0.226921156
BRIDGE_HOR_11489,-1.725125883,-1.599304414,-0.969866795
BRIDGE_HOR_11502,-1.989462152,-0.969095746,-1.429293328
BRIDGE_HOR_12794,-1.989462152,-0.969095746,-1.429293328
BRIDGE_HOR_11492,-1.792959795,-1.860472256,-0.882262123
BRIDGE_HOR_11493,-1.95595432,-1.882251351,-0.960987418
BRIDGE_HOR_12793,-1.95595432,-1.882251351,-0.960987418
BRIDGE_HOR_11494,-2.302694486,-2.116907879,-0.896596063
BRIDGE_HOR_13494,-2.28715072,-1.87721511,-1.046367403
BRIDGE_HOR_94,1.016806944,5.155987452,-3.605376818
BRIDGE_HOR_10367,-2.083869093,1.28213751,-2.263802775
BRIDGE_HOR_3964,0.730016031,5.172417939,-3.711727688
BRIDGE_HOR_11123,0.745264988,0.802008224,-1.056926406
BRIDGE_HOR_11124,0.745264988,0.802008224,-1.056926406
BRIDGE_HOR_12411,0.745264988,0.802008224,-1.056926406
BRIDGE_HOR_12787,0.745264988,0.802008224,-1.056926406
BRIDGE_HOR_13495_A,-0.37527462,1.922510438,-2.951347219
BRIDGE_HOR_13496,-0.37527462,1.922510438,-2.951347219
BRIDGE_HOR_22167,-0.37527462,1.922510438,-2.951347219
BRIDGE_HOR_11006,2.136224088,3.01398282,-2.156787094
BRIDGE_HOR_11005,1.591248736,2.663580928,-1.893534279
BRIDGE_HOR_3968,0.827815921,3.86220848,-2.761160066
BRIDGE_HOR_10949,-1.812169189,-0.300378674,-1.794639021
BRIDGE_HOR_11003,-2.440419874,2.544953763,-3.38416593
BRIDGE_HOR_2348,1.233757707,5.590894648,-4.193927082
BRIDGE_HOR_2346,1.233757707,5.590894648,-4.193927082
BRIDGE_HOR_11004,-2.305041539,1.822495686,-2.937955409
BRIDGE_HOR_2404,0.247256844,3.945292496,-2.569520081
BRIDGE_HOR_947,0.247256844,3.945292496,-2.569520081
BRIDGE_HOR_11008,0.679741449,2.539181817,-1.348324918
BRIDGE_HOR_91,-0.783791117,3.794142198,-2.365038731
BRIDGE_HOR_814,-0.783791117,3.794142198,-2.365038731
BRIDGE_HOR_12420,-2.898147587,-2.010324933,-0.89916795
BRIDGE_HOR_10947,-1.879816377,1.756953626,-3.338579194
BRIDGE_HOR_10948,-0.923564199,0.263095117,-2.201873899
BRIDGE_HOR_11114,-0.781594917,-1.533843027,-1.314781307
BRIDGE_HOR_12721,-0.781594917,-1.533843027,-1.314781307
BRIDGE_HOR_11009,0.588826945,3.443168979,-1.856199182
BRIDGE_HOR_10682,-2.792376823,-1.89211834,-0.574418927
BRIDGE_HOR_10683,-2.792376823,-1.89211834,-0.574418927
BRIDGE_HOR_10946,-1.616581243,0.617769182,-2.693119647
BRIDGE_HOR_11113,-1.006405878,-1.686921437,-1.048134845
BRIDGE_HOR_11122,-1.006405878,-1.686921437,-1.048134845
BRIDGE_HOR_93,-0.18133509,3.654998407,-2.243247481
BRIDGE_HOR_10554,-2.59582137,-2.032948788,-0.437453568
BRIDGE_HOR_10556,-2.59582137,-2.032948788,-0.437453568
BRIDGE_HOR_10557,-2.59582137,-2.032948788,-0.437453568
BRIDGE_HOR_10560,-2.59582137,-2.032948788,-0.437453568
BRIDGE_HOR_10671,-2.59582137,-2.032948788,-0.437453568
BRIDGE_BCC_112,-1.423128298,-3.702868724,0.609265097
BRIDGE_HOR_3959,0.097721717,4.059499957,-2.334237217
BRIDGE_HOR_10943,-1.350187059,0.567285425,-2.521291531
BRIDGE_HOR_10944,-1.350187059,0.567285425,-2.521291531
BRIDGE_HOR_10555,-2.331956393,-2.011428352,-0.486875184
BRIDGE_HOR_10670,-2.331956393,-2.011428352,-0.486875184
BRIDGE_HOR_10772,-2.331956393,-2.011428352,-0.486875184
BRIDGE_HOR_3954,0.637103219,6.41260931,-4.303077957
BRIDGE_HOR_3777,0.277679466,4.186614688,-2.218199167
BRIDGE_HOR_3960,0.277679466,4.186614688,-2.218199167
BRIDGE_HOR_3949,0.277679466,4.186614688,-2.218199167
BRIDGE_HOR_3956,0.299620731,3.159379709,-1.787119389
BRIDGE_HOR_10937,-0.339857997,1.17223806,-2.450725923
BRIDGE_HOR_9857,-0.598537616,2.547078998,-2.289280001
BRIDGE_HOR_9858,-0.598537616,2.547078998,-2.289280001
BRIDGE_HOR_10939,-0.957278363,0.847326635,-2.572037885
BRIDGE_HOR_10940,-0.957278363,0.847326635,-2.572037885
BRIDGE_HOR_10941,-0.957278363,0.847326635,-2.572037885
BRIDGE_HOR_10942,-0.957278363,0.847326635,-2.572037885
BRIDGE_HOR_10992,-0.957278363,0.847326635,-2.572037885
BRIDGE_HOR_10945,-1.226243051,0.18046528,-2.141973439
BRIDGE_HOR_10950,-1.226243051,0.18046528,-2.141973439
BRIDGE_HOR_11107,-1.226243051,0.18046528,-2.141973439
BRIDGE_HOR_11108,-1.226243051,0.18046528,-2.141973439
BRIDGE_HOR_3950,0.093195067,4.667312248,-2.5623551
BRIDGE_HOR_3961,-0.412190853,3.657084032,-1.961610515
BRIDGE_HOR_9848,-0.855074302,3.248154443,-2.506955152
BRIDGE_HOR_9850,-0.855074302,3.248154443,-2.506955152
BRIDGE_HOR_9851,-0.855074302,3.248154443,-2.506955152
BRIDGE_HOR_10936,-0.354604112,1.30510852,-2.2560672
BRIDGE_HOR_11012,-0.354604112,1.30510852,-2.2560672
BRIDGE_BCC_1590,-0.354604112,1.30510852,-2.2560672
BRIDGE_HOR_10553,-1.924444131,-1.791048477,-0.624706286
BRIDGE_HOR_8702,-1.846764177,-1.616717721,-0.95224738
BRIDGE_HOR_3951,-0.034794513,4.223986536,-2.139353791
BRIDGE_HOR_3957,-0.080468636,5.096045904,-2.673541562
BRIDGE_HOR_3958,-0.080468636,5.096045904,-2.673541562
BRIDGE_HOR_9855,-0.430481854,2.357495954,-2.876742854
BRIDGE_HOR_9856,-0.430481854,2.357495954,-2.876742854
BRIDGE_HOR_10552,-1.919453814,-1.953270441,-0.443571498
BRIDGE_HOR_10638,-1.919453814,-1.953270441,-0.443571498
BRIDGE_HOR_9712,-1.835485026,-0.369090793,-1.763243945
BRIDGE_HOR_13488_A,-2.963047686,-0.466293252,-1.209611578
BRIDGE_HOR_22164,-2.963047686,-0.466293252,-1.209611578
BRIDGE_HOR_9711,-1.274953974,0.045144143,-2.320659995
BRIDGE_HOR_10630,0.217111017,2.207450007,-2.100685673
BRIDGE_HOR_3953,0.215838987,3.532770048,-1.878734599
BRIDGE_HOR_10094,0.290915352,2.628156644,-2.158103618
BRIDGE_HOR_9852,0.290915352,2.628156644,-2.158103618
BRIDGE_HOR_9853,0.290915352,2.628156644,-2.158103618
BRIDGE_HOR_9854,0.290915352,2.628156644,-2.158103618
BRIDGE_HOR_9256,-1.360626104,-0.691344106,-1.884434963
BRIDGE_HOR_9265,-1.360626104,-0.691344106,-1.884434963
BRIDGE_HOR_9462,-1.360626104,-0.691344106,-1.884434963
BRIDGE_HOR_13487,-2.997237018,-1.609245204,-1.023813938
BRIDGE_HOR_13486,-2.997237018,-1.609245204,-1.023813938
BRIDGE_HOR_9264,-1.094624564,-0.686669616,-2.20102109
BRIDGE_HOR_9308,-1.094624564,-0.686669616,-2.20102109
BRIDGE_HOR_9309,-1.094624564,-0.686669616,-2.20102109
BRIDGE_HOR_9257,-1.135101582,-0.719560642,-1.96258737
BRIDGE_HOR_9267,-1.135101582,-0.719560642,-1.96258737
BRIDGE_HOR_10411,-1.04900692,-0.830766839,-2.047013118
BRIDGE_HOR_10412,-1.04900692,-0.830766839,-2.047013118
BRIDGE_HOR_9268,-1.04900692,-0.830766839,-2.047013118
BRIDGE_HOR_9269,-1.04900692,-0.830766839,-2.047013118
BRIDGE_HOR_9273,-1.135101582,-0.719560642,-1.96258737
BRIDGE_HOR_9310,-1.04900692,-0.830766839,-2.047013118
BRIDGE_HOR_1999,-2.266844793,-2.3802018,0.173943365
BRIDGE_HOR_4280,-2.266844793,-2.3802018,0.173943365
BRIDGE_HOR_9258,-1.04900692,-0.830766839,-2.047013118
BRIDGE_HOR_9270,-1.04900692,-0.830766839,-2.047013118
BRIDGE_HOR_13158,-1.077119287,2.663393897,-3.253369658
BRIDGE_HOR_9274,-1.051221883,-0.76708781,-1.970335333
BRIDGE_HOR_13159,-1.077119287,2.663393897,-3.253369658
BRIDGE_HOR_9704,-1.193877373,-0.410959622,-1.998479052
BRIDGE_HOR_9705,-1.193877373,-0.410959622,-1.998479052
BRIDGE_HOR_2285,-2.332609595,-1.367890503,-1.104330358
BRIDGE_HOR_4579,-2.332609595,-1.367890503,-1.104330358
BRIDGE_HOR_2000,-2.710176246,-0.879612563,-1.459366473
BRIDGE_HOR_2001,-2.332609595,-1.367890503,-1.104330358
BRIDGE_HOR_2004,-2.332609595,-1.367890503,-1.104330358
BRIDGE_HOR_9859,0.063400324,2.522812148,-1.541706241
BRIDGE_HOR_10028,-0.893585592,-0.088374323,-2.3311719
BRIDGE_HOR_10059,-0.893585592,-0.088374323,-2.3311719
BRIDGE_HOR_11478,-1.236483552,-0.807545952,-1.803112643
BRIDGE_HOR_10952,-0.013441305,3.10132958,-1.8354402
BRIDGE_HOR_11479,-1.154658968,-0.504943202,-2.039103756
BRIDGE_HOR_12791,-1.154658968,-0.504943202,-2.039103756
BRIDGE_HOR_9261,-1.259049847,-1.63014027,-1.689002063
BRIDGE_HOR_10044,-1.278396578,-0.46262828,-2.015632251
BRIDGE_HOR_12822,-1.200324169,-0.988933533,-1.769700751
BRIDGE_HOR_12823,-1.200324169,-0.988933533,-1.769700751
BRIDGE_HOR_13523,-1.200324169,-0.988933533,-1.769700751
BRIDGE_HOR_13524,-1.200324169,-0.988933533,-1.769700751
BRIDGE_HOR_10045,-1.128216803,0.005727402,-2.374101528
BRIDGE_HOR_10681,-3.190820012,-1.522293023,-1.315293749
BRIDGE_HOR_9913,-1.128216803,0.005727402,-2.374101528
BRIDGE_HOR_9914,-1.606257446,-0.123343785,-2.189153711
BRIDGE_HOR_10223,-1.675291241,0.257727663,-2.403466965
BRIDGE_HOR_9255,-1.597921144,-1.713158522,-1.791287072
BRIDGE_HOR_9911,-1.369674784,-0.258311036,-2.188550493
BRIDGE_HOR_10225,-1.942582008,0.103839075,-2.236235
BRIDGE_HOR_10221,-1.961355854,-0.033254848,-2.206938106
BRIDGE_HOR_9262,-1.364221372,-1.666875283,-1.882329335
BRIDGE_HOR_10226,-2.893152636,-1.278960482,-1.130199214
BRIDGE_HOR_1669,-2.525901587,-0.317883221,-1.658743462
BRIDGE_HOR_2003,-3.631812778,-1.636470701,-1.240498213
BRIDGE_HOR_1670,-2.525901587,-0.317883221,-1.658743462
BRIDGE_HOR_1671,-2.525901587,-0.317883221,-1.658743462
BRIDGE_HOR_12824,-1.311689698,0.400005219,-2.410140854
BRIDGE_HOR_12825,-2.065123724,-0.492503589,-1.893297618
BRIDGE_HOR_2002,-3.361441297,-1.301955591,-1.343669775
BRIDGE_HOR_2009,-2.525901587,-0.317883221,-1.658743462
BRIDGE_HOR_2010,-2.525901587,-0.317883221,-1.658743462
BRIDGE_HOR_2011,-2.525901587,-0.317883221,-1.658743462
BRIDGE_HOR_10229,-1.254488272,0.483239146,-2.154939712
BRIDGE_HOR_10230,-1.254488272,0.483239146,-2.154939712
BRIDGE_HOR_10364,-1.851187195,0.208832871,-1.820737863
BRIDGE_HOR_10365,-1.851187195,0.208832871,-1.820737863
BRIDGE_HOR_10474,-1.851187195,0.208832871,-1.820737863
BRIDGE_HOR_2005,-3.450822428,-1.464467056,-1.180961146
BRIDGE_HOR_10825,-1.445280049,-1.223589904,-1.523152714
BRIDGE_HOR_2392,-1.301103965,0.414831752,-2.26895217
BRIDGE_HOR_2486,-1.301103965,0.414831752,-2.26895217
BRIDGE_HOR_2008,-1.963473871,-0.281144023,-1.693743783
BRIDGE_HOR_2007,-1.963473871,-0.281144023,-1.693743783
BRIDGE_HOR_10234,-2.061153364,-0.219639591,-1.745595476
BRIDGE_HOR_10827,-1.705789631,-1.329024557,-1.448945787
BRIDGE_HOR_2006,-2.669821662,-1.774789508,-0.693613778
BRIDGE_HOR_11120,-1.458653825,-1.116212701,-1.622710867
BRIDGE_HOR_7336,0.319615826,0.959896118,-1.433354575
BRIDGE_HOR_7392,0.319615826,0.959896118,-1.433354575
BRIDGE_HOR_9646,0.319615826,0.959896118,-1.433354575
BRIDGE_HOR_9647,0.319615826,0.959896118,-1.433354575
BRIDGE_HOR_9648,0.319615826,0.959896118,-1.433354575
BRIDGE_HOR_9653,0.319615826,0.959896118,-1.433354575
BRIDGE_HOR_9651,0.319615826,0.959896118,-1.433354575
BRIDGE_HOR_9652,0.319615826,0.959896118,-1.433354575
BRIDGE_HOR_9248,-1.753060196,-1.356695931,-1.50407437
BRIDGE_HOR_7334,0.368667712,0.584278135,-1.054964294
BRIDGE_HOR_7335,0.368667712,0.584278135,-1.054964294
BRIDGE_HOR_10828,-2.019979878,-1.780446858,-1.129343253
BRIDGE_HOR_10831,-2.019979878,-1.780446858,-1.129343253
BRIDGE_HOR_9252,-1.979015156,-1.597066146,-1.367196115
BRIDGE_HOR_9636,0.44545497,0.620342913,-1.044892905
BRIDGE_HOR_9637,0.44545497,0.620342913,-1.044892905
BRIDGE_HOR_9638,0.44545497,0.620342913,-1.044892905
BRIDGE_HOR_9639,0.44545497,0.620342913,-1.044892905
BRIDGE_HOR_9640,0.44545497,0.620342913,-1.044892905
BRIDGE_HOR_9641,0.44545497,0.620342913,-1.044892905
BRIDGE_HOR_9642,0.44545497,0.620342913,-1.044892905
BRIDGE_HOR_9643,0.44545497,0.620342913,-1.044892905
BRIDGE_HOR_9655,0.443403897,1.246313087,-1.589070551
BRIDGE_HOR_9670,0.443403897,1.246313087,-1.589070551
BRIDGE_HOR_9671,0.443403897,1.246313087,-1.589070551
BRIDGE_HOR_9656,0.443403897,1.246313087,-1.589070551
BRIDGE_HOR_9657,0.443403897,1.246313087,-1.589070551
BRIDGE_HOR_9658,0.443403897,1.246313087,-1.589070551
BRIDGE_HOR_9659,0.443403897,1.246313087,-1.589070551
BRIDGE_HOR_9660,0.443403897,1.246313087,-1.589070551
BRIDGE_HOR_9645,0.454885157,1.096561073,-1.517489345
BRIDGE_HOR_9661,0.454885157,1.096561073,-1.517489345
BRIDGE_HOR_9662,0.454885157,1.096561073,-1.517489345
BRIDGE_HOR_9663,0.454885157,1.096561073,-1.517489345
BRIDGE_HOR_9664,0.454885157,1.096561073,-1.517489345
BRIDGE_HOR_9665,0.454885157,1.096561073,-1.517489345
BRIDGE_HOR_9666,0.454885157,1.096561073,-1.517489345
BRIDGE_HOR_9667,0.454885157,1.096561073,-1.517489345
BRIDGE_HOR_9668,0.454885157,1.096561073,-1.517489345
BRIDGE_HOR_9669,0.454885157,1.096561073,-1.517489345
BRIDGE_HOR_8613,0.454885157,1.096561073,-1.517489345
BRIDGE_HOR_9685,0.454885157,1.096561073,-1.517489345
BRIDGE_HOR_9672,0.454885157,1.096561073,-1.517489345
BRIDGE_HOR_9673,0.454885157,1.096561073,-1.517489345
BRIDGE_HOR_9682,0.454885157,1.096561073,-1.517489345
BRIDGE_HOR_9683,0.454885157,1.096561073,-1.517489345
BRIDGE_HOR_9684,0.454885157,1.096561073,-1.517489345
BRIDGE_HOR_9674,0.454885157,1.096561073,-1.517489345
BRIDGE_HOR_9675,0.454885157,1.096561073,-1.517489345
BRIDGE_HOR_9676,0.454885157,1.096561073,-1.517489345
BRIDGE_HOR_9677,0.454885157,1.096561073,-1.517489345
BRIDGE_HOR_9678,0.454885157,1.096561073,-1.517489345
BRIDGE_HOR_7383,0.407732337,1.600692848,-1.465046578
BRIDGE_HOR_9681,0.47678202,0.765451828,-1.324759877
BRIDGE_HOR_9679,0.45798485,1.295683227,-1.690109443
BRIDGE_HOR_9680,0.45798485,1.295683227,-1.690109443
BRIDGE_HOR_10829,-2.341731941,-1.738660149,-0.983479885
BRIDGE_HOR_10830,-2.341731941,-1.738660149,-0.983479885
BRIDGE_HOR_9692,0.466506115,1.116121396,-1.384950816
BRIDGE_HOR_9693,0.466506115,1.116121396,-1.384950816
BRIDGE_HOR_7384,0.361167425,2.2164679,-1.862734894
BRIDGE_HOR_7385,0.361167425,2.2164679,-1.862734894
BRIDGE_HOR_7386,0.361167425,2.2164679,-1.862734894
BRIDGE_HOR_7387,0.361167425,2.2164679,-1.862734894
BRIDGE_HOR_7388,0.361167425,2.2164679,-1.862734894
BRIDGE_HOR_7438,0.361167425,2.2164679,-1.862734894
BRIDGE_HOR_4944,0.361167425,2.2164679,-1.862734894
BRIDGE_HOR_9694,0.466506115,1.116121396,-1.384950816
BRIDGE_HOR_4945,0.361167425,2.2164679,-1.862734894
BRIDGE_HOR_4946,0.361167425,2.2164679,-1.862734894
BRIDGE_HOR_7279,0.361167425,2.2164679,-1.862734894
BRIDGE_HOR_9686,0.457673653,1.919021372,-2.024254946
BRIDGE_HOR_9687,0.457673653,1.919021372,-2.024254946
BRIDGE_HOR_9688,0.457673653,1.919021372,-2.024254946
BRIDGE_HOR_9689,0.457673653,1.919021372,-2.024254946
BRIDGE_HOR_9690,0.457673653,1.919021372,-2.024254946
BRIDGE_HOR_9691,0.457673653,1.919021372,-2.024254946
BRIDGE_HOR_9700,0.371810958,2.021686367,-1.911374999
BRIDGE_HOR_9696,0.371810958,2.021686367,-1.911374999
BRIDGE_HOR_9697,0.371810958,2.021686367,-1.911374999
BRIDGE_HOR_9698,0.371810958,2.021686367,-1.911374999
BRIDGE_HOR_9699,0.371810958,2.021686367,-1.911374999
BRIDGE_HOR_9695,0.371810958,2.021686367,-1.911374999
BRIDGE_HOR_7337,0.545590311,1.607465352,-2.025493327
BRIDGE_HOR_7338,0.545590311,1.607465352,-2.025493327
BRIDGE_HOR_7339,0.545590311,1.607465352,-2.025493327
BRIDGE_HOR_7340,0.545590311,1.607465352,-2.025493327
BRIDGE_HOR_7341,0.545590311,1.607465352,-2.025493327
BRIDGE_HOR_7342,0.545590311,1.607465352,-2.025493327
BRIDGE_HOR_7343,0.545590311,1.607465352,-2.025493327
BRIDGE_HOR_7379,0.22689153,2.14641002,-1.836080151
BRIDGE_HOR_7380,0.22689153,2.14641002,-1.836080151
BRIDGE_HOR_7381,0.22689153,2.14641002,-1.836080151
BRIDGE_HOR_7376,0.391206795,2.622901917,-2.197831829
BRIDGE_HOR_7377,0.391206795,2.622901917,-2.197831829
BRIDGE_HOR_7378,0.391206795,2.622901917,-2.197831829
BRIDGE_HOR_7436,0.391206795,2.622901917,-2.197831829
BRIDGE_HOR_7437,0.391206795,2.622901917,-2.197831829
BRIDGE_HOR_7346,0.817362164,0.891382393,-1.615622398
BRIDGE_HOR_7373,0.391521062,3.156938035,-2.39514886
BRIDGE_HOR_7374,0.391521062,3.156938035,-2.39514886
BRIDGE_HOR_7375,0.391521062,3.156938035,-2.39514886
BRIDGE_HOR_7369,0.62011194,2.592752408,-2.203542058
BRIDGE_HOR_7347,0.880627242,1.386919119,-1.738985043
BRIDGE_HOR_7372,0.565664204,2.678538575,-1.869509953
BRIDGE_HOR_7349,0.889975362,0.087265936,-0.96592972
BRIDGE_HOR_7370,0.702777475,1.969663235,-1.308583894
BRIDGE_HOR_7371,0.702777475,1.969663235,-1.308583894
BRIDGE_HOR_737,-2.536235798,-0.625915006,-1.326668501
BRIDGE_HOR_738,-2.536235798,-0.625915006,-1.326668501
BRIDGE_HOR_739,-2.665157903,-0.521251845,-1.428066123
BRIDGE_HOR_7350,0.946621486,1.28952792,-1.289228853
BRIDGE_HOR_7351,0.946621486,1.28952792,-1.289228853
BRIDGE_HOR_7352,0.946621486,1.28952792,-1.289228853
BRIDGE_HOR_7353,0.946621486,1.28952792,-1.289228853
BRIDGE_HOR_7354,0.946621486,1.28952792,-1.289228853
BRIDGE_HOR_11312,-2.257343736,-0.651389577,-1.03631966
BRIDGE_HOR_11313,-2.257343736,-0.651389577,-1.03631966
BRIDGE_HOR_12805,-2.257343736,-0.651389577,-1.03631966
BRIDGE_HOR_11315,-2.35407855,-0.286840116,-1.159455486
BRIDGE_HOR_11314,-1.503623081,0.609702075,-1.571994949
BRIDGE_HOR_12782,-1.503623081,0.609702075,-1.571994949
BRIDGE_HOR_736,-3.25752168,-0.475381391,-0.686000389
BRIDGE_HOR_7368,0.825759982,2.433124152,-1.124156758
BRIDGE_HOR_748,-2.241229919,0.257791023,-1.407422731
BRIDGE_HOR_740,-0.899582987,1.158721793,-2.429851842
BRIDGE_HOR_7355,1.005247841,0.518333511,-0.882281427
BRIDGE_HOR_7356,1.041130516,1.346868086,-1.05373101
BRIDGE_HOR_7357,1.041130516,1.346868086,-1.05373101
BRIDGE_HOR_7358,1.041130516,1.346868086,-1.05373101
BRIDGE_HOR_7359,1.041130516,1.346868086,-1.05373101
BRIDGE_HOR_7390,1.041130516,1.346868086,-1.05373101
BRIDGE_HOR_756,-1.854032183,0.2755637,-1.50737895
BRIDGE_HOR_13150,-1.089592019,0.670768856,-1.853074037
BRIDGE_HOR_13151,-1.089592019,0.670768856,-1.853074037
BRIDGE_HOR_1245,-2.710897069,-1.249918712,-0.44926529
BRIDGE_HOR_987,-2.710897069,-1.249918712,-0.44926529
BRIDGE_HOR_12402,-0.44591233,1.090065356,-2.567934758
BRIDGE_HOR_12798,-0.44591233,1.090065356,-2.567934758
BRIDGE_HOR_1269,-0.468230871,0.672868795,-2.350137452
BRIDGE_HOR_1270,-0.468230871,0.672868795,-2.350137452
BRIDGE_HOR_1286,-2.064198217,-0.571215612,-0.989950182
BRIDGE_HOR_12403,-0.079977498,1.01792671,-2.642135466
BRIDGE_HOR_12799,-0.079977498,1.01792671,-2.642135466
BRIDGE_HOR_12413,-0.818837689,0.349529005,-2.024185829
BRIDGE_HOR_1267,-2.064198217,-0.571215612,-0.989950182
BRIDGE_HOR_1268,-2.064198217,-0.571215612,-0.989950182
BRIDGE_HOR_13152,-0.635045689,0.591610506,-2.00733774
BRIDGE_HOR_12415,-0.411957665,0.921852048,-2.104237013
BRIDGE_HOR_12416,-0.635045689,0.591610506,-2.00733774
BRIDGE_HOR_768,-1.562160065,-0.29985077,-1.253955426
BRIDGE_HOR_2510,-0.902541035,0.689569215,-1.882530478
BRIDGE_HOR_743,-0.902541035,0.689569215,-1.882530478
BRIDGE_HOR_744,-0.902541035,0.689569215,-1.882530478
BRIDGE_HOR_8620,0.663644416,1.975876394,-1.459949083
BRIDGE_HOR_8627,0.663644416,1.975876394,-1.459949083
BRIDGE_HOR_8629,0.663644416,1.975876394,-1.459949083
BRIDGE_HOR_8630,0.663644416,1.975876394,-1.459949083
BRIDGE_HOR_8631,0.663644416,1.975876394,-1.459949083
BRIDGE_HOR_8677,0.663644416,1.975876394,-1.459949083
BRIDGE_HOR_8680,0.663644416,1.975876394,-1.459949083
BRIDGE_HOR_1247,-1.596639353,-0.364788192,-1.185759409
BRIDGE_HOR_991,-1.596639353,-0.364788192,-1.185759409
BRIDGE_HOR_1386,-0.677825505,0.865464132,-2.064521063
BRIDGE_HOR_936,-0.677825505,0.865464132,-2.064521063
BRIDGE_HOR_745,-0.677825505,0.865464132,-2.064521063
BRIDGE_HOR_1387,-0.677825505,0.865464132,-2.064521063
BRIDGE_HOR_937,-0.677825505,0.865464132,-2.064521063
BRIDGE_HOR_8615,0.837913276,1.281209982,-1.29135331
BRIDGE_HOR_1279,-0.735639484,0.444655532,-1.896663183
BRIDGE_HOR_1280,-0.735639484,0.444655532,-1.896663183
BRIDGE_HOR_746,-0.735639484,0.444655532,-1.896663183
BRIDGE_HOR_1278,-0.735639484,0.444655532,-1.896663183
BRIDGE_HOR_8684,0.606913945,1.832777868,-1.408584875
BRIDGE_HOR_8657,0.606913945,1.832777868,-1.408584875
BRIDGE_HOR_967,-0.513702721,0.706582791,-2.160672384
BRIDGE_HOR_7367,0.743325463,0.668345439,-0.96179925
BRIDGE_HOR_7360,0.729766833,0.900196203,-0.953710913
BRIDGE_HOR_7361,0.729766833,0.900196203,-0.953710913
BRIDGE_HOR_989,-0.564997141,-0.522272155,-1.586737445
BRIDGE_HOR_8655,0.714311583,1.434751115,-1.27224241
BRIDGE_HOR_8656,0.714311583,1.434751115,-1.27224241
BRIDGE_HOR_8660,0.714311583,1.434751115,-1.27224241
BRIDGE_HOR_691,-2.515321561,-1.795730252,-0.013311846
BRIDGE_HOR_692,-2.515321561,-1.795730252,-0.013311846
BRIDGE_HOR_729,-2.229017851,-1.687768853,-0.076767943
BRIDGE_HOR_8647,0.698549456,0.884801337,-1.019415375
BRIDGE_HOR_7362,0.657181081,0.791229027,-1.061949225
BRIDGE_HOR_7363,0.657181081,0.791229027,-1.061949225
BRIDGE_HOR_7364,0.657181081,0.791229027,-1.061949225
BRIDGE_HOR_7365,0.657181081,0.791229027,-1.061949225
BRIDGE_HOR_7366,0.657181081,0.791229027,-1.061949225
BRIDGE_HOR_7391,0.657181081,0.791229027,-1.061949225
BRIDGE_HOR_1244,0.028195057,-0.694499283,-1.658798372
BRIDGE_HOR_4402,0.028195057,-0.694499283,-1.658798372
BRIDGE_HOR_760,0.028195057,-0.694499283,-1.658798372
BRIDGE_HOR_986,0.028195057,-0.694499283,-1.658798372
BRIDGE_HOR_732,-2.229017851,-1.687768853,-0.076767943
BRIDGE_HOR_8654,0.684525929,1.413905978,-1.303369579
BRIDGE_HOR_8648,0.684525929,1.413905978,-1.303369579
BRIDGE_HOR_8683,0.684525929,1.413905978,-1.303369579
BRIDGE_HOR_753,-0.480680747,0.383834946,-1.943666752
BRIDGE_HOR_966,0.010890155,-0.969255431,-1.544118783
BRIDGE_HOR_988,0.010890155,-0.969255431,-1.544118783
BRIDGE_HOR_722,-2.231263329,-1.337467522,-0.409930725
BRIDGE_HOR_731,-1.807219979,-1.200175981,-0.39511992
BRIDGE_HOR_8650,0.647562981,1.151262192,-1.215854952
BRIDGE_HOR_8651,0.647562981,1.151262192,-1.215854952
BRIDGE_HOR_8652,0.647562981,1.151262192,-1.215854952
BRIDGE_HOR_8649,0.651327674,1.582048993,-1.405698278
BRIDGE_HOR_8653,0.647562981,1.151262192,-1.215854952
BRIDGE_HOR_1236,-1.234753672,-2.225285115,-0.581285986
BRIDGE_HOR_2278,-1.234753672,-2.225285115,-0.581285986
BRIDGE_HOR_726,-2.510502857,-1.683716801,-0.330596715
BRIDGE_HOR_1026,-2.454298701,-1.85037541,-0.032868084
BRIDGE_HOR_1027,-2.454298701,-1.85037541,-0.032868084
BRIDGE_HOR_1150,-2.454298701,-1.85037541,-0.032868084
BRIDGE_HOR_1152,-2.454298701,-1.85037541,-0.032868084
BRIDGE_HOR_1153,-2.454298701,-1.85037541,-0.032868084
BRIDGE_HOR_1158,-2.454298701,-1.85037541,-0.032868084
BRIDGE_HOR_1360,-2.454298701,-1.85037541,-0.032868084
BRIDGE_HOR_1652,-2.454298701,-1.85037541,-0.032868084
BRIDGE_HOR_1738,-2.454298701,-1.85037541,-0.032868084
BRIDGE_HOR_1739,-2.265480367,-1.736149921,-0.066480887
BRIDGE_HOR_6953,-2.454298701,-1.85037541,-0.032868084
BRIDGE_HOR_6954,-2.454298701,-1.85037541,-0.032868084
BRIDGE_HOR_719,-2.265480367,-1.736149921,-0.066480887
BRIDGE_HOR_720,-2.265480367,-1.736149921,-0.066480887
BRIDGE_HOR_727,-2.454298701,-1.85037541,-0.032868084
BRIDGE_HOR_881,-2.265480367,-1.736149921,-0.066480887
BRIDGE_HOR_725,-2.454298701,-1.85037541,-0.032868084
BRIDGE_HOR_8645,0.492036319,1.99382605,-1.718140267
BRIDGE_HOR_1020,-1.839008551,-1.280298179,-0.378415744
BRIDGE_HOR_1033,-2.307345572,-1.640528984,-0.176887809
BRIDGE_HOR_1156,-1.839008551,-1.280298179,-0.378415744
BRIDGE_HOR_1164,-2.307345572,-1.640528984,-0.176887809
BRIDGE_HOR_1380,-1.839008551,-1.280298179,-0.378415744
BRIDGE_HOR_8646,0.492036319,1.99382605,-1.718140267
BRIDGE_HOR_8644,0.492036319,1.99382605,-1.718140267
BRIDGE_HOR_1010,-1.243911274,-0.444977423,-0.916663534
BRIDGE_HOR_1022,-1.243911274,-0.444977423,-0.916663534
BRIDGE_HOR_1023,-1.243911274,-0.444977423,-0.916663534
BRIDGE_HOR_1145,-1.243911274,-0.444977423,-0.916663534
BRIDGE_HOR_1146,-1.243911274,-0.444977423,-0.916663534
BRIDGE_HOR_1147,-1.243911274,-0.444977423,-0.916663534
BRIDGE_HOR_1239,-1.243911274,-0.444977423,-0.916663534
BRIDGE_HOR_942,-1.243911274,-0.444977423,-0.916663534
BRIDGE_HOR_1233,-0.152554249,-1.925829543,-1.31348839
BRIDGE_HOR_728,-1.839008551,-1.280298179,-0.378415744
BRIDGE_HOR_982,-0.152554249,-1.925829543,-1.31348839
BRIDGE_HOR_1024,-1.243911274,-0.444977423,-0.916663534
BRIDGE_HOR_1148,-1.243911274,-0.444977423,-0.916663534
BRIDGE_HOR_1011,-1.740961179,-1.389558243,-0.250781768
BRIDGE_HOR_1128,-1.740961179,-1.389558243,-0.250781768
BRIDGE_HOR_849,-1.740961179,-1.389558243,-0.250781768
BRIDGE_HOR_8624,0.43126632,1.579025963,-1.784130821
BRIDGE_HOR_8679,0.43126632,1.579025963,-1.784130821
BRIDGE_HOR_723,-1.062032614,-0.256801475,-1.104825799
BRIDGE_HOR_724,-1.062032614,-0.256801475,-1.104825799
BRIDGE_HOR_1382,-1.062032614,-0.256801475,-1.104825799
BRIDGE_HOR_997,-1.062032614,-0.256801475,-1.104825799
BRIDGE_HOR_8626,0.354933636,1.998253623,-1.924557545
BRIDGE_HOR_1029,-1.062032614,-0.256801475,-1.104825799
BRIDGE_HOR_1159,-1.062032614,-0.256801475,-1.104825799
BRIDGE_HOR_730,-1.062032614,-0.256801475,-1.104825799
BRIDGE_HOR_848,-1.168482313,-0.833800219,-0.776592455
BRIDGE_HOR_8638,0.329663149,1.915094751,-2.085675774
BRIDGE_HOR_8639,0.329663149,1.915094751,-2.085675774
BRIDGE_HOR_8640,0.329663149,1.915094751,-2.085675774
BRIDGE_HOR_8641,0.329663149,1.915094751,-2.085675774
BRIDGE_HOR_8642,0.329663149,1.915094751,-2.085675774
BRIDGE_HOR_8643,0.329663149,1.915094751,-2.085675774
BRIDGE_HOR_1160,-0.92832123,-0.190973104,-1.231456173
BRIDGE_HOR_733,-0.92832123,-0.190973104,-1.231456173
BRIDGE_HOR_1031,-0.92832123,-0.190973104,-1.231456173
BRIDGE_HOR_1032,-0.92832123,-0.190973104,-1.231456173
BRIDGE_HOR_1034,-0.92832123,-0.190973104,-1.231456173
BRIDGE_HOR_1161,-0.92832123,-0.190973104,-1.231456173
BRIDGE_HOR_1162,-0.92832123,-0.190973104,-1.231456173
BRIDGE_HOR_1163,-0.92832123,-0.190973104,-1.231456173
BRIDGE_HOR_1165,-0.92832123,-0.190973104,-1.231456173
BRIDGE_HOR_734,-0.92832123,-0.190973104,-1.231456173
BRIDGE_HOR_993,-0.92832123,-0.190973104,-1.231456173
BRIDGE_HOR_8632,0.273241381,2.640133724,-2.300814203
BRIDGE_HOR_8633,0.273241381,2.640133724,-2.300814203
BRIDGE_HOR_8634,0.273241381,2.640133724,-2.300814203
BRIDGE_HOR_8635,0.273241381,2.640133724,-2.300814203
BRIDGE_HOR_8681,0.273241381,2.640133724,-2.300814203
BRIDGE_HOR_8682,0.273241381,2.640133724,-2.300814203
BRIDGE_HOR_8618,0.173840354,1.906637218,-2.361532339
BRIDGE_HOR_8675,0.173840354,1.906637218,-2.361532339
BRIDGE_HOR_1018,-1.97935713,-1.597984938,-0.436908079
BRIDGE_HOR_1019,-1.278346807,-1.045033155,-0.589732908
BRIDGE_HOR_1143,-1.278346807,-1.045033155,-0.589732908
BRIDGE_HOR_1942,-1.97935713,-1.597984938,-0.436908079
BRIDGE_HOR_717,-1.97935713,-1.597984938,-0.436908079
BRIDGE_HOR_1016,-1.241209538,-1.146881158,-0.57238924
BRIDGE_HOR_1039,-1.241209538,-1.146881158,-0.57238924
BRIDGE_HOR_1141,-1.241209538,-1.146881158,-0.57238924
BRIDGE_HOR_693,-2.518559369,-1.666945222,-0.745072483
BRIDGE_HOR_694,-2.282933331,-1.500562786,-0.691360944
BRIDGE_HOR_688,-2.518559369,-1.666945222,-0.745072483
BRIDGE_HOR_689,-2.518559369,-1.666945222,-0.745072483
BRIDGE_HOR_709,-2.518559369,-1.666945222,-0.745072483
BRIDGE_HOR_8676,0.273241381,2.640133724,-2.300814203
BRIDGE_HOR_8678,0.273241381,2.640133724,-2.300814203
BRIDGE_HOR_1012,-1.241209538,-1.146881158,-0.57238924
BRIDGE_HOR_1014,-1.241209538,-1.146881158,-0.57238924
BRIDGE_HOR_1015,-1.241209538,-1.146881158,-0.57238924
BRIDGE_HOR_1035,-0.854464807,-0.290339275,-1.184870066
BRIDGE_HOR_1140,-1.241209538,-1.146881158,-0.57238924
BRIDGE_HOR_1166,-0.854464807,-0.290339275,-1.184870066
BRIDGE_HOR_1167,-0.854464807,-0.290339275,-1.184870066
BRIDGE_HOR_1168,-0.854464807,-0.290339275,-1.184870066
BRIDGE_HOR_1659,-0.854464807,-0.290339275,-1.184870066
BRIDGE_HOR_1383,-0.854464807,-0.290339275,-1.184870066
BRIDGE_HOR_4404,-0.854464807,-0.290339275,-1.184870066
BRIDGE_HOR_690,-2.518559369,-1.666945222,-0.745072483
BRIDGE_HOR_880,-1.241209538,-1.146881158,-0.57238924
BRIDGE_HOR_882,-0.854464807,-0.290339275,-1.184870066
BRIDGE_HOR_943,-0.854464807,-0.290339275,-1.184870066
BRIDGE_HOR_994,-0.854464807,-0.290339275,-1.184870066
BRIDGE_HOR_701,-1.855925192,-1.015250518,-0.882467406
BRIDGE_HOR_711,-1.855925192,-1.015250518,-0.882467406
BRIDGE_HOR_712,-1.855925192,-1.015250518,-0.882467406
BRIDGE_HOR_8636,0.232366121,1.691137709,-2.120447233
BRIDGE_HOR_1017,-1.855925192,-1.015250518,-0.882467406
BRIDGE_HOR_1040,-1.855925192,-1.015250518,-0.882467406
BRIDGE_HOR_1142,-1.855925192,-1.015250518,-0.882467406
BRIDGE_HOR_697,-2.282933331,-1.500562786,-0.691360944
BRIDGE_HOR_698,-2.282933331,-1.500562786,-0.691360944
BRIDGE_HOR_713,-1.97935713,-1.597984938,-0.436908079
BRIDGE_HOR_714,-1.97935713,-1.597984938,-0.436908079
BRIDGE_HOR_1169,-0.854464807,-0.290339275,-1.184870066
BRIDGE_HOR_1170,-0.854464807,-0.290339275,-1.184870066
BRIDGE_HOR_4417,-0.854464807,-0.290339275,-1.184870066
BRIDGE_HOR_700,-1.855925192,-1.015250518,-0.882467406
BRIDGE_HOR_944,-0.854464807,-0.290339275,-1.184870066
BRIDGE_HOR_995,-0.854464807,-0.290339275,-1.184870066
BRIDGE_HOR_996,-0.854464807,-0.290339275,-1.184870066
BRIDGE_HOR_752,-2.282933331,-1.500562786,-0.691360944
BRIDGE_HOR_8637,0.273241381,2.640133724,-2.300814203
BRIDGE_HOR_710,-2.689470569,-1.840738968,-0.587800898
BRIDGE_HOR_718,-1.97935713,-1.597984938,-0.436908079
BRIDGE_HOR_1038,-1.278346807,-1.045033155,-0.589732908
BRIDGE_HOR_1238,-1.278346807,-1.045033155,-0.589732908
BRIDGE_HOR_686,-1.278346807,-1.045033155,-0.589732908
BRIDGE_HOR_940,-1.278346807,-1.045033155,-0.589732908
BRIDGE_HOR_1283,-0.778593546,-2.429792315,-0.557764495
BRIDGE_HOR_1284,-0.778593546,-2.429792315,-0.557764495
BRIDGE_HOR_1313,-0.778593546,-2.429792315,-0.557764495
BRIDGE_HOR_1021,-1.227058346,-0.409259615,-1.119887168
BRIDGE_HOR_1144,-1.227058346,-0.409259615,-1.119887168
BRIDGE_HOR_1385,-1.227058346,-0.409259615,-1.119887168
BRIDGE_HOR_684,-1.521063613,-1.60865917,-0.494555189
BRIDGE_HOR_708,-2.313343427,-2.145977988,-0.294443604
BRIDGE_HOR_941,-1.227058346,-0.409259615,-1.119887168
BRIDGE_HOR_1253,-2.61790657,-2.186501952,-0.35793061
BRIDGE_HOR_1384,-2.61790657,-2.186501952,-0.35793061
BRIDGE_HOR_685,-1.497546412,-1.428903881,-0.583443899
BRIDGE_HOR_707,-2.313343427,-2.145977988,-0.294443604
BRIDGE_HOR_1258,-2.313343427,-2.145977988,-0.294443604
BRIDGE_HOR_706,-2.313343427,-2.145977988,-0.294443604
BRIDGE_HOR_1126,-2.031654429,-2.410182017,-0.163456781
BRIDGE_HOR_1127,-2.031654429,-2.410182017,-0.163456781
BRIDGE_HOR_983,-1.029767684,-2.201947399,-0.773666646
BRIDGE_HOR_878,-1.699514137,-2.105842061,-0.278800392
BRIDGE_HOR_1007,-1.218766546,-2.171918664,-0.658859416
BRIDGE_HOR_1235,-1.218766546,-2.171918664,-0.658859416
BRIDGE_HOR_847,-2.031654429,-2.410182017,-0.163456781
BRIDGE_HOR_1013,-1.44856478,-1.654513234,-0.616800241
BRIDGE_HOR_1138,-1.44856478,-1.654513234,-0.616800241
BRIDGE_HOR_3884,-1.44856478,-1.654513234,-0.616800241
BRIDGE_HOR_687,-2.441641706,-2.190496105,-0.566956353
BRIDGE_HOR_3277,-1.44856478,-1.654513234,-0.616800241
BRIDGE_HOR_3278,-1.868210789,-2.345622436,-0.355945268
BRIDGE_HOR_679,-1.868210789,-2.345622436,-0.355945268
BRIDGE_HOR_680,-1.44856478,-1.654513234,-0.616800241
BRIDGE_HOR_678,-1.823472492,-1.99234733,-0.628638225
BRIDGE_HOR_13449,0.652546472,-0.231310124,-0.927901631
BRIDGE_HOR_13450,0.652546472,-0.231310124,-0.927901631
BRIDGE_HOR_1137,-1.823472492,-1.99234733,-0.628638225
BRIDGE_HOR_1943,-1.823472492,-1.99234733,-0.628638225
BRIDGE_HOR_2281,-1.823472492,-1.99234733,-0.628638225
BRIDGE_HOR_681,-1.692802165,-1.903096583,-0.70576859
BRIDGE_HOR_1025,-2.425178162,-1.979978853,-0.751481782
BRIDGE_HOR_1149,-2.425178162,-1.979978853,-0.751481782
BRIDGE_HOR_13451,0.465860853,-0.465764601,-1.163648259
BRIDGE_HOR_763,-1.884927735,-1.960359188,-1.249936046
BRIDGE_HOR_682,-1.731820956,-2.050631493,-0.545311563
BRIDGE_HOR_761,-1.698893893,-1.892545344,-1.396413341
BRIDGE_HOR_762,-1.698893893,-1.892545344,-1.396413341
BRIDGE_HOR_1139,-2.239488664,-2.295527811,-0.781095081
BRIDGE_HOR_1651,-2.239488664,-2.295527811,-0.781095081
BRIDGE_HOR_13456,0.749019474,0.702965456,-1.320584363
BRIDGE_HOR_1379,-2.770407865,-1.692137591,-0.568983982
BRIDGE_HOR_1737,-2.847452468,-1.887915764,-0.432588083
BRIDGE_HOR_1773,-2.847452468,-1.887915764,-0.432588083
BRIDGE_HOR_865,-2.738215342,-1.753129466,-0.456320866
BRIDGE_HOR_1770,-2.738215342,-1.753129466,-0.456320866
BRIDGE_HOR_1860,-2.738215342,-1.753129466,-0.456320866
BRIDGE_HOR_862,-2.726129738,-1.694382988,-0.488999598
BRIDGE_HOR_1172,-1.949465557,-2.550984096,-0.807636501
BRIDGE_HOR_1173,-1.949465557,-2.550984096,-0.807636501
BRIDGE_HOR_1240,-1.949465557,-2.550984096,-0.807636501
BRIDGE_HOR_1356,-1.949465557,-2.550984096,-0.807636501
BRIDGE_HOR_4403,-1.949465557,-2.550984096,-0.807636501
BRIDGE_HOR_864,-2.726129738,-1.694382988,-0.488999598
BRIDGE_HOR_1131,-2.726129738,-1.694382988,-0.488999598
BRIDGE_HOR_1995,-2.726129738,-1.694382988,-0.488999598
BRIDGE_HOR_2674,-2.726129738,-1.694382988,-0.488999598
BRIDGE_HOR_11319,-1.949465557,-2.550984096,-0.807636501
BRIDGE_HOR_860,-2.657925736,-1.558516969,-0.628980144
BRIDGE_HOR_867,-2.657925736,-1.558516969,-0.628980144
BRIDGE_HOR_868,-2.657925736,-1.558516969,-0.628980144
BRIDGE_HOR_861,-2.657925736,-1.558516969,-0.628980144
BRIDGE_HOR_866,-3.205505911,-2.128628057,-0.350819513
BRIDGE_HOR_13455,0.069928965,-0.812688257,-1.470401532
BRIDGE_HOR_12833,-2.994618258,-1.287704599,-0.597225267
BRIDGE_HOR_13454,0.046336931,-1.180274833,-1.302984243
BRIDGE_HOR_1122,-2.891410484,-1.892499427,-0.21529533
BRIDGE_HOR_1125,-2.891410484,-1.892499427,-0.21529533
BRIDGE_HOR_1134,-2.891410484,-1.892499427,-0.21529533
BRIDGE_HOR_1135,-2.891410484,-1.892499427,-0.21529533
BRIDGE_HOR_1241,-2.891410484,-1.892499427,-0.21529533
BRIDGE_HOR_673,-2.891410484,-1.892499427,-0.21529533
BRIDGE_HOR_674,-2.891410484,-1.892499427,-0.21529533
BRIDGE_HOR_675,-2.891410484,-1.892499427,-0.21529533
BRIDGE_HOR_876,-2.891410484,-1.892499427,-0.21529533
BRIDGE_HOR_979,-2.891410484,-1.892499427,-0.21529533
BRIDGE_HOR_676,-2.887248991,-1.607970776,-0.316398727
BRIDGE_HOR_672,-3.03383123,-1.970457889,-0.511104124
BRIDGE_HOR_869,-3.03383123,-1.970457889,-0.511104124
BRIDGE_HOR_863,-2.855805053,-1.512292957,-0.549424131
BRIDGE_HOR_1941,-2.855805053,-1.512292957,-0.549424131
BRIDGE_HOR_859,-2.855805053,-1.512292957,-0.549424131
BRIDGE_HOR_677,-2.788288807,-1.415595262,-0.63613578
BRIDGE_HOR_13457,0.013420499,-1.334194679,-1.641977605
BRIDGE_HOR_858,-3.101302738,-2.030249034,-0.541788532
BRIDGE_HOR_1378,-2.977335872,-2.1674947,-0.312291067
BRIDGE_HOR_856,-2.977335872,-2.1674947,-0.312291067
BRIDGE_HOR_980,-2.977335872,-2.1674947,-0.312291067
BRIDGE_HOR_671,-2.977335872,-2.1674947,-0.312291067
BRIDGE_HOR_857,-2.977335872,-2.1674947,-0.312291067
BRIDGE_HOR_13453,0.5258564,-0.467443053,-1.179048734
BRIDGE_HOR_855,-2.872476529,-1.642553806,-0.512319595
BRIDGE_HOR_853,-2.964420897,-1.742232496,-0.422061332
BRIDGE_HOR_1130,-2.964420897,-1.742232496,-0.422061332
BRIDGE_HOR_850,-3.186126602,-2.067200729,-0.465874214
BRIDGE_HOR_851,-3.186126602,-2.067200729,-0.465874214
BRIDGE_HOR_852,-3.186126602,-2.067200729,-0.465874214
BRIDGE_HOR_1255,-3.186126602,-2.067200729,-0.465874214
BRIDGE_HOR_1257,-2.964420897,-1.742232496,-0.422061332
BRIDGE_HOR_846,-3.437036046,-2.238423987,-0.452980655
BRIDGE_HOR_1129,-3.437036046,-2.238423987,-0.452980655
BRIDGE_HOR_854,-2.964420897,-1.742232496,-0.422061332
BRIDGE_HOR_670,-3.126173805,-1.85156313,-0.461796888
BRIDGE_HOR_1256,-3.350401247,-2.077415586,-0.546795717
BRIDGE_HOR_13458,0.326999474,-0.064133499,-1.482615879
BRIDGE_BCC_223,-2.030797854,-2.31396852,-0.193608874
BRIDGE_HOR_13452,-0.374699305,-0.534419469,-2.434697588
BRIDGE_BCC_236,0.223961416,-1.031841606,-0.964843637
BRIDGE_BCC_55,-2.06510924,-3.853341999,1.076433536
BRIDGE_BCC_31,-1.8192198,-1.877588477,0.144023865
BRIDGE_BCC_50,-2.117651481,-3.457865407,1.452966335
BRIDGE_HOR_20121,-3.002767701,-2.345840622,-0.106980227
BRIDGE_HOR_20135,-3.002767701,-2.345840622,-0.106980227
BRIDGE_HOR_8536,-3.217601923,-2.336591576,0.564810182
BTR_FT226,-1.978307772,-2.519588426,0.724668749
BTR_FT553,-1.978307772,-2.519588426,0.724668749
BRIDGE_HOR_18466,-2.109406732,-3.965826857,0.928102547
BRIDGE_BCC_100,-2.57690385,-3.450539058,0.92617222
BRIDGE_HOR_13792,-1.552937255,-3.054972755,1.054876819
BRIDGE_HOR_18480,-1.232439662,-2.965455626,1.166230339
BRIDGE_HOR_18484,-1.552937255,-3.054972755,1.054876819
BTR_FT549,-1.611990649,-3.063013847,0.99424244
BRIDGE_HOR_13795,-1.611990649,-3.063013847,0.99424244
BRIDGE_HOR_20145,-1.611990649,-3.063013847,0.99424244
BRIDGE_BCC_98,-1.795433792,-3.004752053,1.071488726
BRIDGE_BCC_253,0.329388307,-1.636603928,-0.079649709
BRIDGE_BCC_110,-2.10940458,-1.460506575,0.293028351
BRIDGE_BCC_203,-3.452987488,-2.276265473,0.34608266
BRIDGE_BCC_102,-1.0690315,-3.340553198,1.144188705
BRIDGE_BCC_107,-1.328352603,-2.639232213,1.079585618
BRIDGE_HOR_14097,-1.178233852,-2.937215504,0.093557875
BRIDGE_HOR_14098,-0.965739481,-3.537193322,0.667895488
BRIDGE_HOR_11439,-5.031333684,1.222641937,3.361381199
BRIDGE_HOR_11444,-5.031333684,1.222641937,3.361381199
BRIDGE_HOR_21542,-0.542792104,-3.746463746,0.820156022
BRIDGE_HOR_21716,-0.542792104,-3.746463746,0.820156022
BRIDGE_HOR_14101,-0.798171825,-4.021826113,0.563793771
BRIDGE_HOR_19814,-0.404891724,-4.109897399,0.766488465
BRIDGE_HOR_21547,-0.17341915,-3.186450995,0.254878882
BTR_FT525,-0.532348752,-4.168658276,0.60726643
BRIDGE_HOR_20123,-0.279432074,-4.355685066,0.76217663
BRIDGE_HOR_20129,-0.279432074,-4.355685066,0.76217663
BRIDGE_HOR_21597,-0.233892022,-4.658326647,0.970218732
BRIDGE_HOR_21581,-0.31662869,-4.63364268,0.756745046
BRIDGE_BCC_244,-0.60063375,-4.314131917,0.293929905
BRIDGE_HOR_13809,-0.270754346,-4.853302848,1.007403108
BRIDGE_HOR_18455,-0.270754346,-4.853302848,1.007403108
BRIDGE_HOR_18456,-0.270754346,-4.853302848,1.007403108
BRIDGE_HOR_18468,-0.409174457,-4.69927958,0.838626454
BRIDGE_HOR_18472,-0.270754346,-4.853302848,1.007403108
BRIDGE_HOR_20122,-0.409174457,-4.69927958,0.838626454
BRIDGE_HOR_14112,-0.29122578,-4.844710732,0.835874988
BRIDGE_HOR_21600,-0.29122578,-4.844710732,0.835874988
BRIDGE_HOR_21556,-0.382449946,-4.794841341,0.794920781
BRIDGE_HOR_21546,-0.290446105,-4.900983375,0.935683523
BRIDGE_HOR_21571,-0.290446105,-4.900983375,0.935683523
BRIDGE_BCC_189,-0.233915356,-4.998951682,1.036885798
BRIDGE_HOR_19788,-0.233915356,-4.998951682,1.036885798
BRIDGE_HOR_21559,-0.233915356,-4.998951682,1.036885798
BRIDGE_HOR_21560,-0.233915356,-4.998951682,1.036885798
BRIDGE_HOR_14121,-0.266054091,-4.876380243,0.924053315
BRIDGE_HOR_21553,-0.266054091,-4.876380243,0.924053315
BRIDGE_HOR_19786,-0.304892977,-4.876736634,0.854774425
BRIDGE_HOR_19789,-0.228910438,-4.856662475,0.974011042
BRIDGE_HOR_19818,-0.228910438,-4.856662475,0.974011042
BRIDGE_HOR_20155,-0.275293787,-4.6255226,0.965890845
BRIDGE_HOR_21570,-0.275293787,-4.6255226,0.965890845
BRIDGE_HOR_14108,-0.266666389,-4.62976513,0.99612032
BRIDGE_HOR_21582,-0.266666389,-4.62976513,0.99612032
BRIDGE_BCC_212,-0.491791223,-5.019995393,0.68792671
BTR_FT555,2.064701605,-1.37100318,-0.779771379
BRIDGE_HOR_9608,1.219379083,3.872946372,-3.22030274
BRIDGE_HOR_9607,1.219379083,3.872946372,-3.22030274
BRIDGE_HOR_10357,0.946162974,4.233349959,-3.687311403
BRIDGE_HOR_9614,0.946162974,4.233349959,-3.687311403
BRIDGE_HOR_9615,0.946162974,4.233349959,-3.687311403
BRIDGE_HOR_9606,1.219379083,3.872946372,-3.22030274
BRIDGE_HOR_9613,1.219379083,3.872946372,-3.22030274
BRIDGE_HOR_9616,1.348604003,3.907408793,-3.192404499
BRIDGE_HOR_9617,1.348604003,3.907408793,-3.192404499
BRIDGE_HOR_9609,1.348604003,3.907408793,-3.192404499
BRIDGE_HOR_9816,-2.493350333,2.085228701,-3.920243316
BRIDGE_HOR_9610,2.128267333,4.67483518,-3.537212535
BRIDGE_HOR_10889,1.171035947,1.086757156,-1.457723031
BRIDGE_HOR_10887,0.79387644,1.557580243,-1.957325911
BRIDGE_HOR_10989,0.79387644,1.557580243,-1.957325911
BRIDGE_HOR_10358,1.683972757,4.522797863,-3.609912303
BRIDGE_HOR_10359,1.683972757,4.522797863,-3.609912303
BRIDGE_HOR_9621,1.683972757,4.522797863,-3.609912303
BRIDGE_HOR_9867,1.683972757,4.522797863,-3.609912303
BRIDGE_HOR_9868,1.683972757,4.522797863,-3.609912303
BRIDGE_HOR_10360,1.683972757,4.522797863,-3.609912303
BRIDGE_HOR_9622,1.683972757,4.522797863,-3.609912303
BRIDGE_HOR_9623,1.683972757,4.522797863,-3.609912303
BRIDGE_HOR_9624,1.683972757,4.522797863,-3.609912303
BRIDGE_HOR_9625,1.683972757,4.522797863,-3.609912303
BRIDGE_HOR_9869,1.683972757,4.522797863,-3.609912303
BRIDGE_HOR_9870,1.683972757,4.522797863,-3.609912303
BRIDGE_HOR_10361,1.683972757,4.522797863,-3.609912303
BRIDGE_HOR_10464,1.683972757,4.522797863,-3.609912303
BRIDGE_HOR_10465,1.683972757,4.522797863,-3.609912303
BRIDGE_HOR_10466,1.683972757,4.522797863,-3.609912303
BRIDGE_HOR_10467,1.683972757,4.522797863,-3.609912303
BRIDGE_HOR_9626,1.683972757,4.522797863,-3.609912303
BRIDGE_HOR_9628,1.683972757,4.522797863,-3.609912303
BRIDGE_HOR_9629,1.683972757,4.522797863,-3.609912303
BRIDGE_HOR_9871,1.683972757,4.522797863,-3.609912303
BRIDGE_BCC_252,3.522160527,-0.281844329,-0.112419179
BRIDGE_HOR_9630,-0.530621261,2.652067036,-4.029877037
BRIDGE_HOR_10974,2.139596205,0.621770913,-0.584432926
BRIDGE_BCC_91,-1.432653713,-4.621970838,0.491515302
BRIDGE_HOR_10971,2.467687375,1.76076416,-1.408822442
BRIDGE_HOR_10546,0.248548148,1.689065111,-3.016852597
BRIDGE_HOR_10972,2.39651426,1.478698352,-1.152982291
BRIDGE_HOR_10973,2.39651426,1.478698352,-1.152982291
BRIDGE_HOR_17837,-3.211716608,-3.406854451,1.947744851
BRIDGE_HOR_18848,-3.393756535,-3.29924842,1.763117443
BRIDGE_HOR_10970,-0.561047946,1.333593013,-3.419239279
BRIDGE_HOR_20183,-2.058798581,-2.060215068,2.643479004
BRIDGE_HOR_17774,-3.717387865,-1.857769673,1.909378879
BRIDGE_HOR_10885,0.855689217,1.511117189,-1.159381186
BRIDGE_HOR_10886,0.855689217,1.511117189,-1.159381186
BTR_FT414,-2.180055721,-2.247761024,2.504615945
BTR_FT539,1.68064717,-1.878314604,-0.620825168
BRIDGE_HOR_10883,0.855689217,1.511117189,-1.159381186
BRIDGE_HOR_10884,0.855689217,1.511117189,-1.159381186
BRIDGE_HOR_7499,-1.427205862,-5.424676251,0.753427189
BRIDGE_HOR_10879,0.682133442,1.198968216,-0.93000848
BRIDGE_HOR_10880,0.682133442,1.198968216,-0.93000848
BRIDGE_HOR_10881,0.306499599,-0.444444805,-0.964702797
BRIDGE_HOR_10882,0.306499599,-0.444444805,-0.964702797
BRIDGE_BCC_89,-1.091091787,-5.988183647,0.9221144
BRIDGE_HOR_10878,0.730056716,0.614056301,-0.48835453
BRIDGE_BCC_87,-0.536416374,-3.092444932,-0.013675747
BRIDGE_HOR_10705,1.738649981,3.820083893,-2.975606486
BRIDGE_BCC_96,-1.07567926,-5.829556967,1.107381458
BRIDGE_HOR_10590,0.420287818,0.271420528,-0.705296432
BRIDGE_HOR_4265,1.154963267,-2.795233465,-0.383594951
BRIDGE_HOR_8480,0.198149268,-0.620214542,-0.691250365
BRIDGE_HOR_8273,0.332332762,-0.761566497,-0.405697186
BRIDGE_HOR_8274,0.332332762,-0.761566497,-0.405697186
BRIDGE_HOR_10591,0.626549093,0.972024784,-0.791899773
BRIDGE_HOR_10648,1.724772657,3.454843858,-2.389384873
BRIDGE_HOR_10647,1.724772657,3.454843858,-2.389384873
BRIDGE_HOR_10646,1.958910247,3.494668203,-2.317760066
BRIDGE_HOR_10644,1.958910247,3.494668203,-2.317760066
BRIDGE_HOR_10645,1.958910247,3.494668203,-2.317760066
BRIDGE_HOR_10643,1.958910247,3.494668203,-2.317760066
BRIDGE_HOR_10775,1.958910247,3.494668203,-2.317760066
BRIDGE_HOR_10641,1.958910247,3.494668203,-2.317760066
BRIDGE_HOR_10742,1.958910247,3.494668203,-2.317760066
BRIDGE_HOR_10777,2.174577034,3.451800701,-2.083678072
BRIDGE_HOR_10820,0.124148982,-0.080519388,-0.758699616
BRIDGE_HOR_10821,0.124148982,-0.080519388,-0.758699616
BRIDGE_HOR_10822,0.124148982,-0.080519388,-0.758699616
BRIDGE_HOR_10640,2.174577034,3.451800701,-2.083678072
BRIDGE_HOR_10642,2.174577034,3.451800701,-2.083678072
BRIDGE_HOR_10819,0.37390286,-0.00015491,-0.592911272
BRIDGE_HOR_10824,0.018721551,-0.128010809,-0.61769286
BRIDGE_HOR_10823,0.018721551,-0.128010809,-0.61769286
BRIDGE_HOR_10758,2.232575931,2.608980689,-1.483125577
BRIDGE_HOR_10894,2.232575931,2.608980689,-1.483125577
BRIDGE_HOR_10746,2.232575931,2.608980689,-1.483125577
BRIDGE_HOR_10747,2.232575931,2.608980689,-1.483125577
BRIDGE_HOR_10748,2.232575931,2.608980689,-1.483125577
BRIDGE_HOR_10749,2.232575931,2.608980689,-1.483125577
BRIDGE_HOR_10750,2.232575931,2.608980689,-1.483125577
BRIDGE_HOR_10751,2.232575931,2.608980689,-1.483125577
BRIDGE_HOR_10754,2.319172944,2.941436488,-1.528884213
BRIDGE_HOR_10892,2.319172944,2.941436488,-1.528884213
BRIDGE_HOR_10895,2.319172944,2.941436488,-1.528884213
BRIDGE_HOR_10969,0.300632801,-0.890769232,-0.729258197
BRIDGE_HOR_11197,0.300632801,-0.890769232,-0.729258197
BRIDGE_BCC_67,1.380898151,-3.12765374,-0.229686038
BRIDGE_BCC_185,-2.791246554,-5.426914635,1.457580518
BRIDGE_BCC_28,0.83547015,0.108861953,-0.699882105
BRIDGE_HOR_2841,1.991391232,-2.470551963,-0.105509354
BRIDGE_HOR_2842,1.991391232,-2.470551963,-0.105509354
BRIDGE_HOR_2843,1.991391232,-2.470551963,-0.105509354
BRIDGE_HOR_2844,1.991391232,-2.470551963,-0.105509354
BRIDGE_HOR_2845,1.991391232,-2.470551963,-0.105509354
BRIDGE_HOR_2846,1.991391232,-2.470551963,-0.105509354
BRIDGE_HOR_2847,1.991391232,-2.470551963,-0.105509354
BRIDGE_HOR_2848,1.991391232,-2.470551963,-0.105509354
BRIDGE_HOR_2849,1.991391232,-2.470551963,-0.105509354
BRIDGE_HOR_2850,1.991391232,-2.470551963,-0.105509354
BRIDGE_HOR_2851,2.077435775,-1.715538066,-0.556212047
BRIDGE_HOR_2852,2.077435775,-1.715538066,-0.556212047
BRIDGE_HOR_2853,2.077435775,-1.715538066,-0.556212047
BRIDGE_HOR_2854,2.077435775,-1.715538066,-0.556212047
BRIDGE_HOR_2855,2.077435775,-1.715538066,-0.556212047
BRIDGE_HOR_2856,2.077435775,-1.715538066,-0.556212047
BRIDGE_BCC_82,1.810533594,-3.17206448,0.9286153
BRIDGE_HOR_3520,1.66324445,-2.803892845,0.743807296
BRIDGE_HOR_2771,1.66324445,-2.803892845,0.743807296
BRIDGE_HOR_2774,1.542837252,-2.497127426,0.16796131
BRIDGE_HOR_2775,1.542837252,-2.497127426,0.16796131
BRIDGE_HOR_2776,1.542837252,-2.497127426,0.16796131
BRIDGE_HOR_2777,1.542837252,-2.497127426,0.16796131
BRIDGE_HOR_2779,1.542837252,-2.497127426,0.16796131
BRIDGE_HOR_2780,1.542837252,-2.497127426,0.16796131
BRIDGE_HOR_2781,1.542837252,-2.497127426,0.16796131
BRIDGE_HOR_2790,1.542837252,-2.497127426,0.16796131
BRIDGE_HOR_2791,1.542837252,-2.497127426,0.16796131
BRIDGE_HOR_2824,1.66324445,-2.803892845,0.743807296
BRIDGE_HOR_2825,1.66324445,-2.803892845,0.743807296
BRIDGE_HOR_4261,-2.034723882,-5.889970709,1.466129598
BRIDGE_HOR_2502,-2.034723882,-5.889970709,1.466129598
BRIDGE_HOR_2770,2.216942903,-2.869455316,0.85623127
BRIDGE_HOR_2772,-2.034723882,-5.889970709,1.466129598
BRIDGE_HOR_2773,-2.034723882,-5.889970709,1.466129598
BRIDGE_HOR_2796,-1.470577377,-5.157962969,1.198609091
BRIDGE_HOR_2797,-1.470577377,-5.157962969,1.198609091
BRIDGE_HOR_2798,-1.470577377,-5.157962969,1.198609091
BRIDGE_HOR_2799,-2.034723882,-5.889970709,1.466129598
BRIDGE_HOR_2800,-2.034723882,-5.889970709,1.466129598
BRIDGE_HOR_2814,2.216942903,-2.869455316,0.85623127
BRIDGE_HOR_2815,2.216942903,-2.869455316,0.85623127
BRIDGE_HOR_2816,2.216942903,-2.869455316,0.85623127
BRIDGE_HOR_2817,2.216942903,-2.869455316,0.85623127
BRIDGE_HOR_2818,2.216942903,-2.869455316,0.85623127
BRIDGE_HOR_2819,2.216942903,-2.869455316,0.85623127
BRIDGE_HOR_2820,2.216942903,-2.869455316,0.85623127
BRIDGE_HOR_2821,2.216942903,-2.869455316,0.85623127
BRIDGE_HOR_2822,2.216942903,-2.869455316,0.85623127
BRIDGE_HOR_2823,2.216942903,-2.869455316,0.85623127
BRIDGE_HOR_2827,1.735957128,-3.02639181,1.055858127
BRIDGE_HOR_2828,1.735957128,-3.02639181,1.055858127
BRIDGE_HOR_2829,1.735957128,-3.02639181,1.055858127
BRIDGE_HOR_2830,1.735957128,-3.02639181,1.055858127
BRIDGE_HOR_2831,1.735957128,-3.02639181,1.055858127
BRIDGE_HOR_2832,1.735957128,-3.02639181,1.055858127
BRIDGE_HOR_2833,1.735957128,-3.02639181,1.055858127
BRIDGE_HOR_2834,1.735957128,-3.02639181,1.055858127
BRIDGE_HOR_2837,-2.034723882,-5.889970709,1.466129598
BRIDGE_HOR_2838,-2.034723882,-5.889970709,1.466129598
BRIDGE_HOR_2839,-2.034723882,-5.889970709,1.466129598
BRIDGE_HOR_2881,1.735957128,-3.02639181,1.055858127
BRIDGE_HOR_4262,-2.377775215,-5.913880585,1.754579223
BRIDGE_HOR_4264,1.545376976,-3.059289403,0.449322204
BRIDGE_HOR_2768,-1.549977122,-5.30353919,1.373288296
BRIDGE_HOR_2788,-1.549977122,-5.30353919,1.373288296
BRIDGE_HOR_2789,1.545376976,-3.059289403,0.449322204
BRIDGE_HOR_2794,-1.549977122,-5.30353919,1.373288296
BRIDGE_HOR_2795,1.545376976,-3.059289403,0.449322204
BRIDGE_HOR_2857,-0.054160117,-2.730214639,-0.051724045
BRIDGE_HOR_2858,-0.054160117,-2.730214639,-0.051724045
BRIDGE_HOR_3908,1.661109246,-3.411374143,0.754890085
BRIDGE_HOR_4263,-0.517421126,-4.253847152,0.862654219
BRIDGE_HOR_2792,-0.517421126,-4.253847152,0.862654219
BRIDGE_HOR_2793,-0.517421126,-4.253847152,0.862654219
BRIDGE_HOR_2803,1.660364502,-3.419614538,1.103305377
BRIDGE_HOR_2804,1.660364502,-3.419614538,1.103305377
BRIDGE_HOR_2807,1.660364502,-3.419614538,1.103305377
BRIDGE_HOR_2808,1.661109246,-3.411374143,0.754890085
BRIDGE_HOR_2810,1.661109246,-3.411374143,0.754890085
BRIDGE_HOR_2811,1.661109246,-3.411374143,0.754890085
BRIDGE_HOR_3298,1.660364502,-3.419614538,1.103305377
BRIDGE_HOR_2785,1.186413661,-3.699667871,-0.181821995
BRIDGE_HOR_2786,1.186413661,-3.699667871,-0.181821995
BRIDGE_HOR_2787,-2.905680148,-0.521854862,-1.432203269
BRIDGE_HOR_2801,1.186413661,-3.699667871,-0.181821995
BRIDGE_HOR_2805,0.60404737,-4.293347675,0.435807519
BRIDGE_HOR_2806,0.762537777,-4.137508281,0.854705279
BRIDGE_HOR_2812,-2.905680148,-0.521854862,-1.432203269
BRIDGE_HOR_2813,1.186413661,-3.699667871,-0.181821995
BRIDGE_HOR_2859,-2.905680148,-0.521854862,-1.432203269
BRIDGE_HOR_2872,1.186413661,-3.699667871,-0.181821995
BRIDGE_HOR_2873,1.186413661,-3.699667871,-0.181821995
BRIDGE_HOR_2874,1.186413661,-3.699667871,-0.181821995
BRIDGE_HOR_2880,1.602469643,-2.672716389,0.122195614
BRIDGE_HOR_2870,0.260796662,-3.669980126,0.570861104
BRIDGE_HOR_2871,0.260796662,-3.669980126,0.570861104
BRIDGE_BCC_165,-3.345629799,-5.464656697,1.889055994
BRIDGE_BCC_163,-3.78622111,-4.904233411,1.371142876
BRIDGE_BCC_1494,4.483065278,-1.159898874,-1.373009627
BRIDGE_BCC_61,-1.859982382,-5.003969792,1.361271734
BRIDGE_HOR_2782,0.459345331,-3.438793684,-0.170553834
BRIDGE_HOR_2784,0.459345331,-3.438793684,-0.170553834
BRIDGE_HOR_2860,1.760131119,-2.043061756,0.143388822
BRIDGE_HOR_2862,1.760131119,-2.043061756,0.143388822
BRIDGE_HOR_2863,1.760131119,-2.043061756,0.143388822
BRIDGE_HOR_2864,1.760131119,-2.043061756,0.143388822
BRIDGE_HOR_2865,1.760131119,-2.043061756,0.143388822
BRIDGE_HOR_2866,1.760131119,-2.043061756,0.143388822
BRIDGE_HOR_2867,0.459345331,-3.438793684,-0.170553834
BRIDGE_HOR_2868,0.459345331,-3.438793684,-0.170553834
BRIDGE_BCC_65,0.638152668,-4.022716037,1.155082967
BTR_FT523,1.853142876,-4.105376306,0.014522516
BRIDGE_BCC_178,0.048675634,-3.628204092,1.058827394
BTR_FT554,0.20284349,-4.499065316,0.88228223
BRIDGE_HOR_7700,2.596445535,-0.453116173,-0.369618396
BRIDGE_HOR_7701,1.265067247,-1.601050415,-0.119173685
BRIDGE_HOR_7702,0.583855643,-1.19685276,-0.521133317
BRIDGE_HOR_7703,0.183632433,-1.803415613,-0.067523906
BRIDGE_HOR_7695,1.265067247,-1.601050415,-0.119173685
BRIDGE_BCC_175,0.583855643,-1.19685276,-0.521133317
BRIDGE_HOR_7696,1.985747384,-0.974489449,-0.419531576
BRIDGE_HOR_7699,1.985747384,-0.974489449,-0.419531576
BRIDGE_HOR_7698,1.985747384,-0.974489449,-0.419531576
BRIDGE_HOR_7697,3.338116235,0.570777549,-1.087496694
BRIDGE_HOR_7588,4.622531445,0.760028859,-1.117296871
BRIDGE_HOR_7589,4.622531445,0.760028859,-1.117296871
BRIDGE_HOR_7591,4.622531445,0.760028859,-1.117296871
BRIDGE_HOR_7594,4.427178985,0.656659533,-1.151430622
BRIDGE_HOR_7564,4.609822985,0.800221826,-1.195479093
BRIDGE_HOR_7585,4.609822985,0.800221826,-1.195479093
BRIDGE_HOR_7586,4.609822985,0.800221826,-1.195479093
BRIDGE_HOR_7583,3.946340787,-0.009356407,-0.866640182
BRIDGE_HOR_7562,3.946340787,-0.009356407,-0.866640182
BRIDGE_HOR_7563,3.946340787,-0.009356407,-0.866640182
BRIDGE_HOR_7627,4.36069488,0.558399881,-1.167934562
BRIDGE_HOR_7628,4.36069488,0.558399881,-1.167934562
BRIDGE_HOR_7629,4.36069488,0.558399881,-1.167934562
BRIDGE_HOR_7559,3.946340787,-0.009356407,-0.866640182
BRIDGE_HOR_7560,3.946340787,-0.009356407,-0.866640182
BRIDGE_HOR_7571,4.002292943,-0.39508846,-0.746524563
BRIDGE_HOR_7572,4.002292943,-0.39508846,-0.746524563
BRIDGE_HOR_7581,3.946340787,-0.009356407,-0.866640182
BRIDGE_HOR_7566,4.002292943,-0.39508846,-0.746524563
BRIDGE_HOR_7567,4.002292943,-0.39508846,-0.746524563
BRIDGE_HOR_7569,3.57472795,-0.794358453,-0.323608741
BRIDGE_HOR_7568,3.57472795,-0.794358453,-0.323608741
BRIDGE_HOR_7576,3.57472795,-0.794358453,-0.323608741
BRIDGE_HOR_7601,4.48697504,0.543061759,-1.113760366
BRIDGE_HOR_7578,3.387903545,-0.588390036,-0.507942606
BRIDGE_HOR_7579,3.387903545,-0.588390036,-0.507942606
BRIDGE_HOR_7580,3.387903545,-0.588390036,-0.507942606
BRIDGE_HOR_7598,2.344932061,-1.733574133,0.116414375
BRIDGE_HOR_7599,2.344932061,-1.733574133,0.116414375
BRIDGE_HOR_7545,2.359801306,0.014335316,-0.7772071
BRIDGE_HOR_7602,2.839009473,-1.216260868,-0.162731358
BRIDGE_HOR_7603,2.839009473,-1.216260868,-0.162731358
BRIDGE_HOR_7706,2.359801306,0.014335316,-0.7772071
BRIDGE_HOR_8466,2.359801306,0.014335316,-0.7772071
BRIDGE_HOR_7605,2.839009473,-1.216260868,-0.162731358
BRIDGE_HOR_7556,2.025041413,-1.94014751,0.154271566
BRIDGE_HOR_7625,1.177637132,-2.345784762,0.263932014
BRIDGE_HOR_7626,1.177637132,-2.345784762,0.263932014
BRIDGE_HOR_7606,1.478941388,-1.639691007,-0.08195562
BRIDGE_HOR_7550,3.672014296,-0.879320343,-0.252731355
BRIDGE_HOR_7620,4.097662665,0.533537114,-0.971932001
BRIDGE_HOR_7621,4.097662665,0.533537114,-0.971932001
BRIDGE_HOR_7546,3.743022319,-0.997864814,-0.095228142
BRIDGE_HOR_7547,3.743022319,-0.997864814,-0.095228142
BRIDGE_HOR_7630,2.370744319,-1.248502077,0.067791196
BRIDGE_HOR_7548,3.743022319,-0.997864814,-0.095228142
BRIDGE_HOR_7549,3.743022319,-0.997864814,-0.095228142
BRIDGE_HOR_7624,3.992563159,0.280404055,-0.808016413
BRIDGE_HOR_7608,3.992563159,0.280404055,-0.808016413
BRIDGE_HOR_7609,3.992563159,0.280404055,-0.808016413
BRIDGE_HOR_7610,3.998760562,0.402382924,-0.858587079
BRIDGE_HOR_7611,3.998760562,0.402382924,-0.858587079
BRIDGE_HOR_7622,3.830707645,-0.03276138,-0.734636974
BRIDGE_HOR_7623,3.830707645,-0.03276138,-0.734636974
BRIDGE_HOR_7553,5.303049789,0.1460279,-0.488120177
BRIDGE_HOR_7555,5.303049789,0.1460279,-0.488120177
BRIDGE_HOR_7551,4.609338286,-0.391469767,-0.287080777
BRIDGE_HOR_7710,4.609338286,-0.391469767,-0.287080777
BRIDGE_HOR_7618,3.830707645,-0.03276138,-0.734636974
BRIDGE_HOR_7619,3.830707645,-0.03276138,-0.734636974
BRIDGE_HOR_7552,4.609338286,-0.391469767,-0.287080777
BRIDGE_HOR_7615,5.021359257,0.445231571,-1.032708687
BRIDGE_HOR_7616,5.021359257,0.445231571,-1.032708687
BRIDGE_HOR_7617,5.021359257,0.445231571,-1.032708687
BRIDGE_HOR_7612,5.021359257,0.445231571,-1.032708687
BRIDGE_HOR_7631,3.570459629,-0.729586837,-0.341005822
BTR_FT520,1.948945147,-1.906161617,-0.442587276
BRIDGE_HOR_7633,3.725161421,-0.831591902,-0.300517694
BRIDGE_HOR_7634,3.725161421,-0.831591902,-0.300517694
BRIDGE_HOR_9799,5.817888553,1.100706001,-1.361326764
BRIDGE_HOR_7636,4.72960292,-0.237293534,-0.614176384
BRIDGE_HOR_7637,4.72960292,-0.237293534,-0.614176384
BRIDGE_HOR_7639,3.893868994,-0.798700149,-0.443943983
BRIDGE_HOR_7675,6.109365425,0.742664388,-1.049736008
BRIDGE_HOR_7676,6.109365425,0.742664388,-1.049736008
BRIDGE_HOR_8467,3.893868994,-0.798700149,-0.443943983
BRIDGE_HOR_7643,3.606416399,-1.181640388,-0.020607063
Chinese_Genebank_ZDM01786,2.776747862,-2.904135189,0.570582516
BRIDGE_HOR_7654,3.934330714,-1.042442082,-0.063984822
BRIDGE_HOR_7655,3.934330714,-1.042442082,-0.063984822
BRIDGE_HOR_7677,3.934330714,-1.042442082,-0.063984822
BRIDGE_HOR_7652,3.934330714,-1.042442082,-0.063984822
BRIDGE_HOR_7693,3.804250635,-1.040490422,-0.354691946
BRIDGE_HOR_7648,6.141067958,0.523090686,-0.811487654
BRIDGE_HOR_7650,6.141067958,0.523090686,-0.811487654
BRIDGE_HOR_7651,6.141067958,0.523090686,-0.811487654
BRIDGE_HOR_7645,3.457489279,-1.591009658,0.132776133
BRIDGE_HOR_7646,3.457489279,-1.591009658,0.132776133
BRIDGE_HOR_7647,3.457489279,-1.591009658,0.132776133
BRIDGE_HOR_9276,4.765339137,-0.643947757,-0.479606087
BRIDGE_HOR_7689,4.765339137,-0.643947757,-0.479606087
BRIDGE_HOR_7690,4.765339137,-0.643947757,-0.479606087
BRIDGE_HOR_7691,4.765339137,-0.643947757,-0.479606087
BRIDGE_HOR_7657,4.245146164,-1.453451993,-0.222844826
BRIDGE_HOR_7658,4.245146164,-1.453451993,-0.222844826
BRIDGE_HOR_7659,4.245146164,-1.453451993,-0.222844826
BRIDGE_HOR_7592,7.652334535,2.271050992,-0.526722097
BRIDGE_HOR_7687,4.245146164,-1.453451993,-0.222844826
BRIDGE_HOR_7688,4.245146164,-1.453451993,-0.222844826
BRIDGE_HOR_7679,4.968266895,-1.0634387,-0.532239697
BRIDGE_HOR_7680,4.968266895,-1.0634387,-0.532239697
BRIDGE_HOR_7682,5.800512542,-0.351758272,-1.053814045
BRIDGE_HOR_7663,4.886119025,-1.116831192,-0.438982608
BRIDGE_HOR_7664,4.886119025,-1.116831192,-0.438982608
BRIDGE_HOR_7685,5.15403472,-0.933355095,-0.664774792
BRIDGE_HOR_7686,5.15403472,-0.933355095,-0.664774792
BRIDGE_HOR_7666,4.886119025,-1.116831192,-0.438982608
BRIDGE_HOR_7668,6.379457762,0.453158131,-0.988151767
BRIDGE_HOR_7669,6.379457762,0.453158131,-0.988151767
BRIDGE_HOR_7673,5.508175335,-0.677249495,-0.843214405
BRIDGE_HOR_7671,5.822449761,-0.34343309,-0.970167458
BRIDGE_HOR_7672,5.822449761,-0.34343309,-0.970167458
BRIDGE_HOR_7660,6.296683726,0.917400824,-0.424012441
BRIDGE_HOR_7661,6.296683726,0.917400824,-0.424012441
BRIDGE_HOR_7662,6.296683726,0.917400824,-0.424012441
Chinese_Genebank_ZDM06048,5.188574297,0.462643927,1.239509683
Chinese_Genebank_ZDM01808,2.326260883,-3.279023398,0.607111838
Chinese_Genebank_ZDM04908,6.306373217,1.148604701,1.959851637
BTR_FT561,-4.545691006,0.958804508,2.820903066
Chinese_Genebank_ZDM01791,5.101142583,-0.526429423,0.106720244
BRIDGE_HOR_11804,2.46263457,2.284793172,1.195743102
Chinese_Genebank_ZDM01778,4.234621988,-1.32059002,-0.132804838
Chinese_Genebank_ZDM01779,4.698345895,-0.847018519,0.142730932
BRIDGE_BCC_748,1.2550995,2.049843387,0.460068135
Chinese_Genebank_ZDM04443,3.55068083,0.211770725,0.685885737
BRIDGE_HOR_10905,-3.156232905,4.300054688,4.119929412
BRIDGE_HOR_8738,-3.156232905,4.300054688,4.119929412
BRIDGE_HOR_8792,-3.156232905,4.300054688,4.119929412
BRIDGE_HOR_8793,-3.156232905,4.300054688,4.119929412
BRIDGE_HOR_8703,2.787956691,2.963293436,0.057313513
BRIDGE_HOR_8736,2.787956691,2.963293436,0.057313513
BRIDGE_HOR_8737,2.787956691,2.963293436,0.057313513
BRIDGE_HOR_8790,2.787956691,2.963293436,0.057313513
BRIDGE_HOR_8791,2.787956691,2.963293436,0.057313513
BRIDGE_HOR_8734,-2.170473326,4.126480087,3.422976499
BRIDGE_HOR_8783,-2.170473326,4.126480087,3.422976499
BRIDGE_HOR_8784,-2.170473326,4.126480087,3.422976499
BRIDGE_HOR_8785,-2.170473326,4.126480087,3.422976499
BRIDGE_HOR_8786,-2.170473326,4.126480087,3.422976499
BRIDGE_HOR_8787,-2.170473326,4.126480087,3.422976499
BRIDGE_HOR_8788,-2.170473326,4.126480087,3.422976499
BRIDGE_HOR_8789,-2.170473326,4.126480087,3.422976499
BRIDGE_HOR_8805,-2.170473326,4.126480087,3.422976499
BRIDGE_HOR_8904,-2.170473326,4.126480087,3.422976499
BRIDGE_HOR_7512,-2.170473326,4.126480087,3.422976499
BRIDGE_HOR_8732,-3.426254978,4.689801517,4.266524877
BRIDGE_HOR_8775,-3.426254978,4.689801517,4.266524877
BRIDGE_HOR_8776,-3.426254978,4.689801517,4.266524877
BRIDGE_HOR_8777,-3.426254978,4.689801517,4.266524877
BRIDGE_HOR_8778,-3.426254978,4.689801517,4.266524877
BRIDGE_HOR_8779,-3.426254978,4.689801517,4.266524877
BRIDGE_HOR_15200,-3.426254978,4.689801517,4.266524877
BRIDGE_HOR_15245,-3.426254978,4.689801517,4.266524877
BRIDGE_HOR_15357,-3.426254978,4.689801517,4.266524877
BRIDGE_HOR_8767,-3.426254978,4.689801517,4.266524877
BRIDGE_HOR_8768,-3.426254978,4.689801517,4.266524877
BRIDGE_HOR_8731,-3.426254978,4.689801517,4.266524877
BRIDGE_HOR_8772,-3.426254978,4.689801517,4.266524877
BRIDGE_HOR_8773,-3.426254978,4.689801517,4.266524877
BRIDGE_HOR_8774,-3.426254978,4.689801517,4.266524877
BRIDGE_HOR_8771,0.905321064,3.32987838,1.508945192
BRIDGE_HOR_8803,0.905321064,3.32987838,1.508945192
BRIDGE_HOR_8801,0.905321064,3.32987838,1.508945192
BRIDGE_HOR_8729,0.905321064,3.32987838,1.508945192
BRIDGE_HOR_8730,0.905321064,3.32987838,1.508945192
BRIDGE_HOR_8727,-3.426254978,4.689801517,4.266524877
BRIDGE_HOR_8769,-3.426254978,4.689801517,4.266524877
BRIDGE_HOR_8770,-3.426254978,4.689801517,4.266524877
BRIDGE_HOR_8733,-3.426254978,4.689801517,4.266524877
BRIDGE_HOR_8780,-3.426254978,4.689801517,4.266524877
BRIDGE_HOR_8781,-3.426254978,4.689801517,4.266524877
BRIDGE_HOR_8725,-3.426254978,4.689801517,4.266524877
BRIDGE_HOR_8766,-3.426254978,4.689801517,4.266524877
BRIDGE_HOR_15176,-3.426254978,4.689801517,4.266524877
BRIDGE_HOR_15187,-3.426254978,4.689801517,4.266524877
BRIDGE_HOR_21042,-3.426254978,4.689801517,4.266524877
BRIDGE_HOR_8724,-3.426254978,4.689801517,4.266524877
BRIDGE_HOR_8763,-3.426254978,4.689801517,4.266524877
BRIDGE_HOR_8764,-3.426254978,4.689801517,4.266524877
BRIDGE_HOR_8765,-3.426254978,4.689801517,4.266524877
BRIDGE_HOR_8723,-3.426254978,4.689801517,4.266524877
BRIDGE_HOR_8760,-3.426254978,4.689801517,4.266524877
BRIDGE_HOR_8761,-3.426254978,4.689801517,4.266524877
BRIDGE_HOR_8762,-3.426254978,4.689801517,4.266524877
BRIDGE_HOR_8710,-4.274400375,3.643082865,3.996677459
BRIDGE_HOR_8749,-4.274400375,3.643082865,3.996677459
BRIDGE_HOR_8750,-4.274400375,3.643082865,3.996677459
BRIDGE_HOR_8751,-4.274400375,3.643082865,3.996677459
BRIDGE_HOR_8802,-4.274400375,3.643082865,3.996677459
BRIDGE_HOR_8722,-3.753580174,4.563826307,3.968679832
BRIDGE_HOR_8758,-3.753580174,4.563826307,3.968679832
BRIDGE_HOR_14901,-4.274400375,3.643082865,3.996677459
BRIDGE_HOR_8709,-4.274400375,3.643082865,3.996677459
BRIDGE_HOR_8746,-4.274400375,3.643082865,3.996677459
BRIDGE_HOR_8747,-4.274400375,3.643082865,3.996677459
BRIDGE_HOR_8748,-4.274400375,3.643082865,3.996677459
BRIDGE_HOR_8721,-3.753580174,4.563826307,3.968679832
BRIDGE_HOR_8757,-3.753580174,4.563826307,3.968679832
BRIDGE_HOR_14902,-3.753580174,4.563826307,3.968679832
BRIDGE_HOR_8720,-3.753580174,4.563826307,3.968679832
BRIDGE_HOR_8755,-3.753580174,4.563826307,3.968679832
BRIDGE_HOR_8756,-3.753580174,4.563826307,3.968679832
BRIDGE_HOR_8739,3.725171949,3.051666198,-0.044683604
BRIDGE_HOR_8711,-4.274400375,3.643082865,3.996677459
BRIDGE_HOR_8712,-4.274400375,3.643082865,3.996677459
BRIDGE_HOR_8719,-5.558897626,3.269522032,4.094669057
BRIDGE_HOR_14912,-4.684189001,2.940993472,3.690795617
BRIDGE_HOR_21061,-4.684189001,2.940993472,3.690795617
BRIDGE_HOR_8708,-4.684189001,2.940993472,3.690795617
BRIDGE_HOR_8744,-4.684189001,2.940993472,3.690795617
BRIDGE_HOR_8745,-4.684189001,2.940993472,3.690795617
BRIDGE_HOR_8707,-4.684189001,2.940993472,3.690795617
BRIDGE_HOR_8718,-5.21109438,4.56022862,4.412955885
BRIDGE_HOR_8715,-5.21109438,4.56022862,4.412955885
BRIDGE_HOR_8752,-5.21109438,4.56022862,4.412955885
BRIDGE_HOR_8717,-5.21109438,4.56022862,4.412955885
BRIDGE_HOR_8753,-5.21109438,4.56022862,4.412955885
BRIDGE_HOR_8754,-5.21109438,4.56022862,4.412955885
BRIDGE_HOR_8804,-5.21109438,4.56022862,4.412955885
BRIDGE_HOR_8713,-5.6628452,2.616755695,3.852572493
BRIDGE_HOR_15177,-5.21109438,4.56022862,4.412955885
BRIDGE_HOR_21374,-5.21109438,4.56022862,4.412955885
BRIDGE_HOR_8742,-5.21109438,4.56022862,4.412955885
BRIDGE_HOR_8798,-5.21109438,4.56022862,4.412955885
BRIDGE_HOR_8799,-5.21109438,4.56022862,4.412955885
BRIDGE_HOR_8800,-5.21109438,4.56022862,4.412955885
BRIDGE_HOR_8714,-5.21109438,4.56022862,4.412955885
BRIDGE_HOR_14922,-3.991389901,4.113093888,3.665085278
BRIDGE_HOR_21273,-3.610012542,4.473586949,3.89975906
BRIDGE_HOR_8740,-3.610012542,4.473586949,3.89975906
BRIDGE_HOR_8741,-3.610012542,4.473586949,3.89975906
BRIDGE_HOR_8795,-3.610012542,4.473586949,3.89975906
BRIDGE_HOR_8796,-3.610012542,4.473586949,3.89975906
BRIDGE_HOR_8797,-3.610012542,4.473586949,3.89975906
BRIDGE_HOR_8704,-4.547183542,3.450696093,3.719260157
BRIDGE_HOR_8705,-4.547183542,3.450696093,3.719260157
BRIDGE_HOR_8706,-4.547183542,3.450696093,3.719260157
BRIDGE_HOR_8743,-4.547183542,3.450696093,3.719260157
BRIDGE_HOR_1476,3.357685117,0.823882987,2.210494062
BRIDGE_HOR_1513,3.357685117,0.823882987,2.210494062
BRIDGE_HOR_1998,3.357685117,0.823882987,2.210494062
BRIDGE_HOR_1769,-9.510258148,6.911120289,7.039626475
Chinese_Genebank_ZDM05777,3.064371878,0.481366119,3.087936745
Chinese_Genebank_ZDM07678,-8.537790105,6.406776938,6.446451915
BRIDGE_HOR_1549,-2.268315789,2.662378868,3.204179025
BRIDGE_HOR_1731,2.582737906,1.859350413,1.406666211
BRIDGE_HOR_11963,2.562198851,0.274167055,3.512985343
BRIDGE_HOR_11964,2.562198851,0.274167055,3.512985343
BRIDGE_HOR_1587,2.562198851,0.274167055,3.512985343
BRIDGE_HOR_1708,2.562198851,0.274167055,3.512985343
BRIDGE_HOR_1724,2.562198851,0.274167055,3.512985343
BRIDGE_HOR_1727,2.562198851,0.274167055,3.512985343
BRIDGE_HOR_1761,2.562198851,0.274167055,3.512985343
BRIDGE_HOR_1762,2.562198851,0.274167055,3.512985343
BRIDGE_HOR_1764,2.562198851,0.274167055,3.512985343
BRIDGE_HOR_1816,2.562198851,0.274167055,3.512985343
BRIDGE_HOR_1817,2.562198851,0.274167055,3.512985343
BRIDGE_HOR_1821,2.562198851,0.274167055,3.512985343
BRIDGE_HOR_1822,2.562198851,0.274167055,3.512985343
BRIDGE_HOR_2669,2.562198851,0.274167055,3.512985343
BRIDGE_HOR_1571,1.209676105,1.822683677,1.716571063
Chinese_Genebank_ZDM01780,3.097173415,-4.646245589,0.762936414
Chinese_Genebank_ZDM07437,3.441167281,0.670729161,3.021539678
BRIDGE_HOR_1567,3.578245183,1.597563082,2.410337598
BRIDGE_HOR_1491,3.932002137,0.80125576,2.753058138
BRIDGE_HOR_1492,3.932002137,0.80125576,2.753058138
Chinese_Genebank_ZDM07766,4.38081249,1.077889233,2.895241348
BRIDGE_HOR_1570,4.339307089,1.195296522,2.695672446
BRIDGE_HOR_1743,4.339307089,1.195296522,2.695672446
BRIDGE_HOR_1478,4.339307089,1.195296522,2.695672446
BRIDGE_HOR_1534,4.339307089,1.195296522,2.695672446
BRIDGE_HOR_2503,4.339307089,1.195296522,2.695672446
BRIDGE_HOR_1514,3.139026713,0.236505039,3.002102266
BRIDGE_HOR_2663,3.139026713,0.236505039,3.002102266
BRIDGE_HOR_2670,3.139026713,0.236505039,3.002102266
BRIDGE_HOR_1569,4.339307089,1.195296522,2.695672446
BRIDGE_BCC_415,-0.356066983,2.62867622,2.540025186
BRIDGE_HOR_1715,3.77774885,1.030091126,2.609507883
BRIDGE_HOR_1828,3.77774885,1.030091126,2.609507883
BRIDGE_HOR_1525,3.77774885,1.030091126,2.609507883
BRIDGE_HOR_1532,3.77774885,1.030091126,2.609507883
BRIDGE_HOR_1812,3.618950466,0.816526623,2.625322042
BRIDGE_HOR_1813,3.618950466,0.816526623,2.625322042
BRIDGE_HOR_1474,3.618950466,0.816526623,2.625322042
BRIDGE_HOR_1535,3.618950466,0.816526623,2.625322042
Chinese_Genebank_ZDM06636,4.065523969,1.333995903,2.670265997
Chinese_Genebank_ZDM06709,3.791323812,1.013626047,2.569076027
BRIDGE_HOR_1488,2.748492288,0.405599172,2.848672941
BRIDGE_HOR_1699,3.940575021,1.447349375,2.406264192
BRIDGE_HOR_1716,3.940575021,1.447349375,2.406264192
BRIDGE_HOR_1479,3.940575021,1.447349375,2.406264192
BRIDGE_BCC_408,-0.321604805,1.561810511,2.150287049
BRIDGE_BCC_409,-0.321604805,1.561810511,2.150287049
BRIDGE_HOR_1563,2.504114146,0.229641544,2.880901885
BRIDGE_HOR_1566,2.504114146,0.229641544,2.880901885
BRIDGE_HOR_1711,2.504114146,0.229641544,2.880901885
BRIDGE_HOR_1735,2.504114146,0.229641544,2.880901885
BRIDGE_HOR_1768,2.504114146,0.229641544,2.880901885
BRIDGE_HOR_1827,2.504114146,0.229641544,2.880901885
BRIDGE_HOR_1487,2.504114146,0.229641544,2.880901885
BRIDGE_HOR_1997,2.504114146,0.229641544,2.880901885
BRIDGE_HOR_2667,2.504114146,0.229641544,2.880901885
BRIDGE_HOR_1766,2.375345497,0.164963774,2.853647874
BRIDGE_HOR_2383,2.375345497,0.164963774,2.853647874
Chinese_Genebank_ZDM05605,3.158227233,0.740651829,2.723148331
Chinese_Genebank_ZDM06667,3.158227233,0.740651829,2.723148331
BRIDGE_HOR_11960,2.500208908,0.363598035,2.885077876
BRIDGE_HOR_1572,2.500208908,0.363598035,2.885077876
BRIDGE_HOR_1573,2.500208908,0.363598035,2.885077876
BRIDGE_HOR_1574,2.500208908,0.363598035,2.885077876
BRIDGE_HOR_1575,2.500208908,0.363598035,2.885077876
BRIDGE_HOR_1576,2.500208908,0.363598035,2.885077876
BRIDGE_HOR_1578,2.500208908,0.363598035,2.885077876
BRIDGE_HOR_1580,2.500208908,0.363598035,2.885077876
BRIDGE_HOR_1582,2.500208908,0.363598035,2.885077876
BRIDGE_HOR_1586,2.500208908,0.363598035,2.885077876
BRIDGE_HOR_1678,2.500208908,0.363598035,2.885077876
BRIDGE_HOR_1680,2.500208908,0.363598035,2.885077876
BRIDGE_HOR_1690,2.500208908,0.363598035,2.885077876
BRIDGE_HOR_1691,2.500208908,0.363598035,2.885077876
BRIDGE_HOR_1692,2.500208908,0.363598035,2.885077876
BRIDGE_HOR_1693,2.500208908,0.363598035,2.885077876
BRIDGE_HOR_1694,2.500208908,0.363598035,2.885077876
BRIDGE_HOR_1695,2.500208908,0.363598035,2.885077876
BRIDGE_HOR_1696,2.500208908,0.363598035,2.885077876
BRIDGE_HOR_1697,2.500208908,0.363598035,2.885077876
BRIDGE_HOR_1700,2.500208908,0.363598035,2.885077876
BRIDGE_HOR_1701,2.500208908,0.363598035,2.885077876
BRIDGE_HOR_1705,2.500208908,0.363598035,2.885077876
BRIDGE_HOR_1706,2.500208908,0.363598035,2.885077876
BRIDGE_HOR_1719,2.500208908,0.363598035,2.885077876
BRIDGE_HOR_1720,2.500208908,0.363598035,2.885077876
BRIDGE_HOR_1721,2.500208908,0.363598035,2.885077876
BRIDGE_HOR_1722,2.500208908,0.363598035,2.885077876
BRIDGE_HOR_1723,2.500208908,0.363598035,2.885077876
BRIDGE_HOR_1746,2.500208908,0.363598035,2.885077876
BRIDGE_HOR_1748,2.500208908,0.363598035,2.885077876
BRIDGE_HOR_1749,2.500208908,0.363598035,2.885077876
BRIDGE_HOR_1753,2.500208908,0.363598035,2.885077876
BRIDGE_HOR_1754,2.500208908,0.363598035,2.885077876
BRIDGE_HOR_1756,2.500208908,0.363598035,2.885077876
BRIDGE_HOR_1757,2.500208908,0.363598035,2.885077876
BRIDGE_HOR_1759,2.500208908,0.363598035,2.885077876
BRIDGE_HOR_1760,2.500208908,0.363598035,2.885077876
BRIDGE_HOR_1767,2.500208908,0.363598035,2.885077876
BRIDGE_HOR_1772,2.500208908,0.363598035,2.885077876
BRIDGE_HOR_1783,2.500208908,0.363598035,2.885077876
BRIDGE_HOR_1797,2.500208908,0.363598035,2.885077876
BRIDGE_HOR_1834,2.500208908,0.363598035,2.885077876
BRIDGE_HOR_1470,2.500208908,0.363598035,2.885077876
BRIDGE_HOR_1471,2.500208908,0.363598035,2.885077876
BRIDGE_HOR_1472,2.500208908,0.363598035,2.885077876
BRIDGE_HOR_1475,2.500208908,0.363598035,2.885077876
BRIDGE_HOR_1480,2.500208908,0.363598035,2.885077876
BRIDGE_HOR_1482,2.500208908,0.363598035,2.885077876
BRIDGE_HOR_1483,2.500208908,0.363598035,2.885077876
BRIDGE_HOR_1486,2.500208908,0.363598035,2.885077876
BRIDGE_HOR_1510,2.500208908,0.363598035,2.885077876
BRIDGE_HOR_1511,2.500208908,0.363598035,2.885077876
BRIDGE_HOR_1516,2.500208908,0.363598035,2.885077876
BRIDGE_HOR_1517,2.500208908,0.363598035,2.885077876
BRIDGE_HOR_1520,2.500208908,0.363598035,2.885077876
BRIDGE_HOR_1524,2.500208908,0.363598035,2.885077876
BRIDGE_HOR_1526,2.500208908,0.363598035,2.885077876
BRIDGE_HOR_1528,2.500208908,0.363598035,2.885077876
BRIDGE_HOR_1529,2.500208908,0.363598035,2.885077876
BRIDGE_HOR_1538,2.500208908,0.363598035,2.885077876
BRIDGE_HOR_1539,2.500208908,0.363598035,2.885077876
BRIDGE_HOR_1540,2.500208908,0.363598035,2.885077876
BRIDGE_HOR_1541,2.500208908,0.363598035,2.885077876
BRIDGE_HOR_1546,2.500208908,0.363598035,2.885077876
BRIDGE_HOR_1547,2.500208908,0.363598035,2.885077876
BRIDGE_HOR_1557,2.500208908,0.363598035,2.885077876
BRIDGE_HOR_1559,2.500208908,0.363598035,2.885077876
BRIDGE_HOR_1857,2.500208908,0.363598035,2.885077876
BRIDGE_HOR_1858,2.500208908,0.363598035,2.885077876
BRIDGE_HOR_1939,2.500208908,0.363598035,2.885077876
BRIDGE_HOR_1969,2.500208908,0.363598035,2.885077876
BRIDGE_HOR_1985,2.500208908,0.363598035,2.885077876
BRIDGE_HOR_3826,2.500208908,0.363598035,2.885077876
BRIDGE_HOR_3883,2.500208908,0.363598035,2.885077876
BRIDGE_HOR_2408,2.500208908,0.363598035,2.885077876
BRIDGE_HOR_2416,2.500208908,0.363598035,2.885077876
BRIDGE_HOR_2468,2.500208908,0.363598035,2.885077876
BRIDGE_HOR_2655,2.500208908,0.363598035,2.885077876
BRIDGE_HOR_2656,2.500208908,0.363598035,2.885077876
BRIDGE_HOR_2658,2.500208908,0.363598035,2.885077876
BRIDGE_HOR_2660,2.500208908,0.363598035,2.885077876
BRIDGE_HOR_2661,2.500208908,0.363598035,2.885077876
BRIDGE_HOR_2664,2.500208908,0.363598035,2.885077876
BRIDGE_HOR_2665,2.500208908,0.363598035,2.885077876
BRIDGE_HOR_2668,2.500208908,0.363598035,2.885077876
Chinese_Genebank_ZDM05540,3.489761305,1.133018491,2.470950006
Chinese_Genebank_ZDM06415,2.922746587,1.043807412,2.228387849
Chinese_Genebank_ZDM08398,3.629592959,1.009362795,2.50467382
BRIDGE_HOR_1584,3.702043515,1.2913005,2.410052428
BRIDGE_HOR_1681,3.702043515,1.2913005,2.410052428
BRIDGE_HOR_1717,3.702043515,1.2913005,2.410052428
BRIDGE_HOR_1832,3.702043515,1.2913005,2.410052428
BRIDGE_HOR_1536,3.702043515,1.2913005,2.410052428
BRIDGE_HOR_1545,3.702043515,1.2913005,2.410052428
BRIDGE_HOR_1986,3.702043515,1.2913005,2.410052428
BRIDGE_HOR_2323,3.702043515,1.2913005,2.410052428
BRIDGE_HOR_2485,3.702043515,1.2913005,2.410052428
BRIDGE_HOR_1585,3.71423017,1.279443163,2.354888579
BRIDGE_HOR_1745,2.66579292,0.197118978,2.804707078
BRIDGE_HOR_1837,2.66579292,0.197118978,2.804707078
BRIDGE_HOR_1496,2.66579292,0.197118978,2.804707078
BRIDGE_HOR_1498,2.894829757,0.339830665,2.750748195
Chinese_Genebank_ZDM04517,3.161361942,0.649934219,2.626966444
Chinese_Genebank_ZDM08400,3.329162488,0.707373836,2.658423943
Chinese_Genebank_ZDM04604,3.756153112,1.209565603,2.091582073
Chinese_Genebank_ZDM08394,3.756153112,1.209565603,2.091582073
Chinese_Genebank_ZDM08389,3.338409271,1.113053339,2.282930962
Chinese_Genebank_ZDM05925,2.71015622,1.936481926,1.400084753
Chinese_Genebank_ZDM06577,2.71015622,1.936481926,1.400084753
Chinese_Genebank_ZDM05649,3.491174374,2.022224692,1.952098059
Chinese_Genebank_ZDM04098,-5.000499346,2.009049284,3.858772443
Chinese_Genebank_ZDM01454,5.604999958,0.892110301,1.565564587
Chinese_Genebank_ZDM03759,2.77247145,1.570209616,2.104283296
Chinese_Genebank_ZDM04050,-2.268240737,2.299552473,1.401862201
Chinese_Genebank_ZDM07928,4.025723302,-2.191104692,1.213540943
Chinese_Genebank_ZDM04058,-0.005945092,1.388820079,0.785485942
Chinese_Genebank_ZDM08366,-0.005945092,1.388820079,0.785485942
Chinese_Genebank_ZDM01606,5.623619423,2.127194067,1.405913352
Chinese_Genebank_ZDM03835,3.356185149,2.176961188,1.959122843
Chinese_Genebank_ZDM01605,4.483694346,-0.134259127,2.350717162
Chinese_Genebank_ZDM01463,4.527407772,-0.385496956,1.950358014
Chinese_Genebank_ZDM01506,4.591769064,1.103764622,2.100554568
Chinese_Genebank_ZDM01585,4.641290583,1.486611787,1.802256076
Chinese_Genebank_ZDM08796,1.231518297,0.507155724,2.153528678
Chinese_Genebank_ZDM08926,1.378612303,0.514541251,2.286830718
Chinese_Genebank_ZDM01704,4.198685528,1.6956674,2.086101852
Chinese_Genebank_ZDM03743,2.595604961,1.967752265,1.993155218
Chinese_Genebank_ZDM01690,3.917198837,1.201320305,1.688970616
Chinese_Genebank_ZDM01580,4.041128101,1.468883051,2.01686282
Chinese_Genebank_ZDM03873,3.076045642,1.391111823,2.38216419
Chinese_Genebank_ZDM07877,4.330758573,1.159787066,1.265348397
Chinese_Genebank_ZDM04001,-2.605135158,0.755730864,2.285729688
Chinese_Genebank_ZDM05371,-0.324093991,1.616053744,2.317887942
Chinese_Genebank_ZDM07887,4.503218918,1.751080655,1.155942261
Chinese_Genebank_ZDM07833,3.512084092,1.162244732,1.415852788
Chinese_Genebank_ZDM09178,-0.856212985,1.086785857,2.017003932
Chinese_Genebank_ZDM07925,2.972120471,0.250860945,1.348817985
Chinese_Genebank_ZDM07869,3.218256811,-1.530415804,1.435451622
Chinese_Genebank_ZDM03845,-3.137154516,0.990139663,1.506577843
Chinese_Genebank_ZDM07923,2.849464177,0.323920321,1.241979121
Chinese_Genebank_ZDM09046,-1.605891879,1.089156842,1.697095713
Chinese_Genebank_ZDM08860,-2.146705357,-0.044837488,1.459912148
Chinese_Genebank_ZDM08912,-1.987559704,-0.038052931,1.587543837
Chinese_Genebank_ZDM03906,-1.717515354,1.447431426,1.495105545
Chinese_Genebank_ZDM08960,-2.1410043,-0.089207513,1.460612181
Chinese_Genebank_ZDM03813,-3.039243258,0.17696476,0.299036551
Chinese_Genebank_ZDM03735,-1.616072549,0.066319157,1.392130216
Chinese_Genebank_ZDM08978,-1.540040613,0.934924954,0.782461929
Chinese_Genebank_ZDM03901,-2.861022812,1.450392671,1.322890616
Chinese_Genebank_ZDM03885,-2.60545401,1.141240664,1.018031716
Chinese_Genebank_ZDM09045,-3.582705454,0.594776983,1.504008626
Chinese_Genebank_ZDM09020,-2.050456565,0.98235785,0.716114332
Chinese_Genebank_ZDM08965,-2.085480821,0.869985487,0.667755391
Chinese_Genebank_ZDM03699,-2.252486349,-0.091949253,0.941635264
Chinese_Genebank_ZDM03884,-1.866406242,0.192673821,0.185559095
Chinese_Genebank_ZDM01431,3.800824552,-2.150373953,1.150125506
Chinese_Genebank_ZDM07900,1.462055115,-0.653852656,0.984146349
Chinese_Genebank_ZDM08983,-2.130457056,1.00139202,0.391290329
Chinese_Genebank_ZDM00922,0.486155374,-0.400150289,0.612395983
Chinese_Genebank_ZDM09047,-1.595820016,0.790260472,-0.079518585
Chinese_Genebank_ZDM05212,3.715944279,-1.824784782,1.720223886
Chinese_Genebank_ZDM00976,-0.891524467,0.112404466,0.558477505
Chinese_Genebank_ZDM00937,0.334846572,-0.838837281,0.576130938
Chinese_Genebank_ZDM05209,3.517656586,-1.44673336,1.764301572
Chinese_Genebank_ZDM03531,-2.436794253,0.653264884,-0.09943915
Chinese_Genebank_ZDM03483,-1.751824647,1.519460818,-0.080251846
Chinese_Genebank_ZDM00888,2.166400812,-0.933099776,1.567958097
Chinese_Genebank_ZDM00891,1.541933019,-0.790343732,1.082465382
Chinese_Genebank_ZDM01008,1.250183645,-0.752801163,0.974547457
Chinese_Genebank_ZDM03532,-2.141383827,0.717269891,-0.705568629
Chinese_Genebank_ZDM01065,0.587773754,-1.295556243,0.797838342
Chinese_Genebank_ZDM03669,-5.130678675,0.815274167,0.334554514
Chinese_Genebank_ZDM01422,4.43306448,-1.558227198,1.765755831
Chinese_Genebank_ZDM00985,-0.205988095,-0.400382977,0.834207177
Chinese_Genebank_ZDM03666,-4.485041406,1.847772586,-0.360580826
Chinese_Genebank_ZDM08679,-1.727251909,0.562217224,0.414769604
Chinese_Genebank_ZDM08692,-1.214883489,2.000106423,-0.183302983
Chinese_Genebank_ZDM08482,0.936729199,0.014894804,0.530465448
Chinese_Genebank_ZDM03513,-3.716133326,1.344359889,-0.99633377
Chinese_Genebank_ZDM01420,4.440477772,-1.447733193,1.805027423
Chinese_Genebank_ZDM01419,3.957634756,-1.117765841,1.939143091
Chinese_Genebank_ZDM08883,4.356327695,-1.360674369,1.880417336
Chinese_Genebank_ZDM08476,0.930053404,-0.932262502,1.22410542
BTR_FT519,-1.550047604,-0.359271753,-0.012228892
Chinese_Genebank_ZDM00761,0.082587887,-0.881514489,1.072963086
Chinese_Genebank_ZDM00861,0.083630859,-1.183162851,1.258295975
Chinese_Genebank_ZDM00873,0.09940827,-1.276064859,1.313672061
Chinese_Genebank_ZDM01412,4.634505998,-0.399207307,1.788413214
Chinese_Genebank_ZDM01411,4.942955854,-0.405464146,1.643033979
Chinese_Genebank_ZDM00185,0.892315716,-0.964776005,1.306447212
Chinese_Genebank_ZDM08414,3.005367181,-1.073459735,2.085636034
BRIDGE_HOR_11564,3.054954799,-1.16420185,2.12086907
Chinese_Genebank_ZDM00650,0.315738977,-1.54903429,1.34003327
Chinese_Genebank_ZDM00878,0.353969108,-0.648690711,1.126270845
Chinese_Genebank_ZDM01395,4.295624419,-0.810717132,1.821047815
Chinese_Genebank_ZDM01614,4.295624419,-0.810717132,1.821047815
Chinese_Genebank_ZDM03631,-6.126414138,1.740249634,0.776312566
Chinese_Genebank_ZDM00793,0.392966946,-1.499278761,1.36444586
BRIDGE_HOR_2351,0.11910524,-1.357169781,1.304442229
BRIDGE_HOR_2352,0.11910524,-1.357169781,1.304442229
BRIDGE_HOR_2353,0.11910524,-1.357169781,1.304442229
BRIDGE_HOR_2354,0.11910524,-1.357169781,1.304442229
BRIDGE_HOR_3299,0.11910524,-1.357169781,1.304442229
BRIDGE_HOR_2375,-1.391183288,0.274457759,0.101601215
Chinese_Genebank_ZDM00558,-0.206072277,-1.0779037,1.192904454
Chinese_Genebank_ZDM00020,1.304657923,-1.474513625,1.906167464
Chinese_Genebank_ZDM00029,0.839537332,-1.386298574,1.993941401
Chinese_Genebank_ZDM00040,4.412644736,-0.492300742,1.341822367
Chinese_Genebank_ZDM00052,0.632031666,-1.478422728,1.788274467
Chinese_Genebank_ZDM00049,0.848182356,-1.52892786,1.843088403
Chinese_Genebank_ZDM00425,0.141207803,-1.131014293,1.442424974
Chinese_Genebank_ZDM01888,-3.133686456,0.886808681,-0.948326593
Chinese_Genebank_ZDM03640,-5.88623153,0.992971105,0.030905162
Chinese_Genebank_ZDM00228,0.692536562,-1.384222041,1.589238476
Chinese_Genebank_ZDM05358,-2.469943702,0.6587249,-0.305480306
Chinese_Genebank_ZDM00037,1.324613463,-1.777615058,2.122832497
BRIDGE_HOR_11574,-0.25949455,-0.912382947,1.332707555
BRIDGE_HOR_11575,-0.25949455,-0.912382947,1.332707555
Chinese_Genebank_ZDM05280,-2.785753186,0.766641102,-1.225621937
Chinese_Genebank_ZDM00413,0.994840125,-1.38058214,1.896738902
Chinese_Genebank_ZDM03647,-4.4693343,0.50078474,0.113608998
Chinese_Genebank_ZDM00008,1.226085827,-0.999895473,3.085561711
Chinese_Genebank_ZDM00489,-0.010887553,-0.932098384,1.412067986
Chinese_Genebank_ZDM03643,-5.370708715,1.1711996,0.409298311
Chinese_Genebank_ZDM00007,1.249641454,-1.035400707,2.95846249
Chinese_Genebank_ZDM03619,-3.778833086,1.139079645,-0.200145576
Chinese_Genebank_ZDM05309,0.404772803,-0.931449038,1.860674238
Chinese_Genebank_ZDM05307,0.161853916,-1.001546662,1.69532053
Chinese_Genebank_ZDM03579,-3.787028481,0.984564596,0.172414629
BRIDGE_HOR_2356,0.515278186,-0.387656489,1.876552739
Chinese_Genebank_ZDM01856,-0.260073882,-0.814540256,1.062186906
Chinese_Genebank_ZDM01855,-0.260073882,-0.814540256,1.062186906
Chinese_Genebank_ZDM03598,-4.92702442,0.427397901,0.002130891
Chinese_Genebank_ZDM00084,0.999575787,-1.334023383,2.272332943
BRIDGE_HOR_11568,-1.583564056,0.024409773,-0.339654985
Chinese_Genebank_ZDM00012,0.85554463,-1.109057642,2.196245824
Chinese_Genebank_ZDM05316,0.369151908,-0.493107136,1.989621919
Chinese_Genebank_ZDM02329,-0.208759179,-0.768060092,1.071538633
Chinese_Genebank_ZDM05321,0.678303376,-0.237606856,1.956963883
Chinese_Genebank_ZDM02246,-0.838197315,-0.3889104,0.6103836
Chinese_Genebank_ZDM02194,-0.71031616,-0.507592047,0.845570167
Chinese_Genebank_ZDM00424,-0.186892953,-0.35030833,1.620156611
Chinese_Genebank_ZDM03606,-3.819063074,1.933778607,-0.206081217
Chinese_Genebank_ZDM03590,-4.073350332,-0.827103784,-0.691649228
Chinese_Genebank_ZDM03586,-3.840097465,0.174540487,-0.24074352
Chinese_Genebank_ZDM03593,-3.994925648,-0.233871389,-0.27295487
Chinese_Genebank_ZDM01837,-0.485485491,-0.150105981,1.233213862
Chinese_Genebank_ZDM02234,-1.598071254,0.085720901,-0.649809347
Chinese_Genebank_ZDM03589,-4.127891168,-0.266911591,-0.553140658
Chinese_Genebank_ZDM01952,-1.486457588,-0.008160301,-0.27481368
Chinese_Genebank_ZDM03210,-3.192336486,1.458294231,-0.409801112
Chinese_Genebank_ZDM03607,-3.457796227,1.955104801,-0.432014892
Chinese_Genebank_ZDM03172,-2.875689472,0.667586195,-0.862271086
Chinese_Genebank_ZDM02926,-1.785960454,1.714480065,-1.086958384
Chinese_Genebank_ZDM05207,7.355807697,-0.680429934,1.59337379
Chinese_Genebank_ZDM03307,-3.248712702,1.98781052,-0.297740665
Chinese_Genebank_ZDM02422,-0.958552261,-0.020365814,0.322928388
Chinese_Genebank_ZDM02297,-1.38355593,-0.060859499,-0.447643702
Chinese_Genebank_ZDM03211,-3.084486463,1.341759216,-0.503201964
Chinese_Genebank_ZDM00457,NA,NA,NA
Chinese_Genebank_ZDM01940,-1.531269131,0.10339769,-0.753480992
Chinese_Genebank_ZDM03609,-3.317756254,1.480711907,-0.693204615
Chinese_Genebank_ZDM03182,-2.511024724,0.922215711,-1.017418632
Chinese_Genebank_ZDM02015,-1.872621566,-0.023665354,-1.40682412
Chinese_Genebank_ZDM02257,-1.19050279,0.309497967,0.174916972
Chinese_Genebank_ZDM02894,-2.919052247,1.336340337,-0.937216714
BRIDGE_HOR_2363,-0.208422759,-0.457965495,0.311491487
Chinese_Genebank_ZDM02674,-2.165236619,0.538414044,-1.522676786
Chinese_Genebank_ZDM03068,-2.137509648,0.356925253,-1.41341386
Chinese_Genebank_ZDM00262,NA,NA,NA
Chinese_Genebank_ZDM01928,-2.030522474,0.365118836,-1.342924368
Chinese_Genebank_ZDM03098,-2.256149945,0.34025325,-1.497872288
Chinese_Genebank_ZDM02510,-2.039500827,0.030503168,-1.262040628
Chinese_Genebank_ZDM02574,-2.005183498,0.268340919,-1.17628466
Chinese_Genebank_ZDM02946,-2.207546034,1.304615784,-1.329323698
Chinese_Genebank_ZDM02509,-2.028093689,0.040821863,-1.363161327
BRIDGE_HOR_2357,2.249586681,-0.524813611,1.303492832
Chinese_Genebank_ZDM02953,-2.615145076,0.704560336,-1.978153745
Chinese_Genebank_ZDM03360,-2.817518641,0.887620532,-2.656980889
Chinese_Genebank_ZDM01340,2.497762343,-0.621807427,1.435513306
BRIDGE_HOR_2355,2.55382662,-0.606604749,1.556646195
Chinese_Genebank_ZDM01357,2.700397553,-0.385570893,1.55216573
Chinese_Genebank_ZDM01467,5.246099666,-0.820261184,2.020646645
Chinese_Genebank_ZDM05215,3.610331838,-0.16840003,1.882662994
Chinese_Genebank_ZDM01223,5.3529349,-0.793628609,1.604330845
Chinese_Genebank_ZDM01279,5.722517669,-0.58195686,1.628355127
Chinese_Genebank_ZDM05217,3.074212375,1.001820691,1.984617535
BRIDGE_HOR_10589,-0.068238386,1.395558832,1.836599459
BRIDGE_HOR_10860,-0.068238386,1.395558832,1.836599459
Chinese_Genebank_ZDM01212,5.174457871,-0.678599102,1.712280165
BTR_FT524,1.422891107,1.355897155,2.049982946
Chinese_Genebank_ZDM01159,5.187813814,-0.557704082,1.752135806
Chinese_Genebank_ZDM01167,5.103585624,-0.187711752,1.656596773
Chinese_Genebank_ZDM01283,5.488148746,-0.029869593,1.634967412
BRIDGE_HOR_2376,6.150761337,-0.014388153,1.877669418
Chinese_Genebank_ZDM01285,5.074931124,-0.201145752,1.278940196
Chinese_Genebank_ZDM01187,4.708707736,0.132290184,1.372497321