,rice_PC1,rice_PC2,rice_PC3,rice_ph,rice_cec
IRGC_58278,-9.59084908,-7.825538079,1.309866996,74,252
IRIS_313-9783,-9.59084908,-7.825538079,1.309866996,74,252
IRGC_117281,-0.486417359,1.237749853,-0.917116554,57,207
IRGC_25897,-0.831051828,1.194085647,-0.838101205,61,186
IRGC_25924,-0.909673826,1.766429366,0.165778667,61,207
IRGC_27513,-0.076186826,1.122331425,-1.548711263,NA,NA
IRGC_29066,-0.486417359,1.237749853,-0.917116554,57,207
IRGC_32565,-0.486417359,1.237749853,-0.917116554,57,207
IRGC_6208,-0.486417359,1.237749853,-0.917116554,57,207
IRGC_6588,-0.486417359,1.237749853,-0.917116554,57,207
IRGC_6590,-0.486417359,1.237749853,-0.917116554,57,207
IRGC_66792,0.204960425,0.669747396,-3.425986725,51,177
IRGC_8341,-0.486417359,1.237749853,-0.917116554,57,207
IRIS_313-10587,-0.486417359,1.237749853,-0.917116554,57,207
IRIS_313-10592,-0.486417359,1.237749853,-0.917116554,57,207
IRIS_313-10593,-0.486417359,1.237749853,-0.917116554,57,207
IRIS_313-10594,-0.486417359,1.237749853,-0.917116554,57,207
IRIS_313-10595,-0.486417359,1.237749853,-0.917116554,57,207
IRIS_313-10598,-0.486417359,1.237749853,-0.917116554,57,207
IRIS_313-10600,-0.486417359,1.237749853,-0.917116554,57,207
IRIS_313-10602,-0.486417359,1.237749853,-0.917116554,57,207
IRIS_313-10603,-0.486417359,1.237749853,-0.917116554,57,207
IRIS_313-10604,-0.486417359,1.237749853,-0.917116554,57,207
IRIS_313-10605,-0.486417359,1.237749853,-0.917116554,57,207
IRIS_313-10606,-0.486417359,1.237749853,-0.917116554,57,207
IRIS_313-10963,0.449658553,1.339110389,-3.409163464,54,185
IRIS_313-10964,-0.909673826,1.766429366,0.165778667,61,207
IRIS_313-10965,0.449658553,1.339110389,-3.409163464,54,185
IRIS_313-10971,-0.486417359,1.237749853,-0.917116554,57,207
IRIS_313-10972,-0.486417359,1.237749853,-0.917116554,57,207
IRIS_313-10973,-0.486417359,1.237749853,-0.917116554,57,207
IRIS_313-10974,-0.486417359,1.237749853,-0.917116554,57,207
IRIS_313-10975,-0.486417359,1.237749853,-0.917116554,57,207
IRIS_313-10976,-0.486417359,1.237749853,-0.917116554,57,207
IRIS_313-10977,-0.486417359,1.237749853,-0.917116554,57,207
IRIS_313-10978,-0.486417359,1.237749853,-0.917116554,57,207
IRIS_313-10979,-0.486417359,1.237749853,-0.917116554,57,207
IRIS_313-10980,-0.486417359,1.237749853,-0.917116554,57,207
IRIS_313-10981,-0.486417359,1.237749853,-0.917116554,57,207
IRIS_313-10982,-0.486417359,1.237749853,-0.917116554,57,207
IRIS_313-10983,-0.486417359,1.237749853,-0.917116554,57,207
IRIS_313-10984,-0.486417359,1.237749853,-0.917116554,57,207
IRIS_313-10985,-0.486417359,1.237749853,-0.917116554,57,207
IRIS_313-10986,-0.486417359,1.237749853,-0.917116554,57,207
IRIS_313-10987,-0.486417359,1.237749853,-0.917116554,57,207
IRIS_313-11013,-0.486417359,1.237749853,-0.917116554,57,207
IRIS_313-11014,-0.757372528,1.201979037,-1.184384827,57,172
IRIS_313-11015,-0.486417359,1.237749853,-0.917116554,57,207
IRIS_313-11016,-0.486417359,1.237749853,-0.917116554,57,207
IRIS_313-11017,-0.486417359,1.237749853,-0.917116554,57,207
IRIS_313-11018,-0.486417359,1.237749853,-0.917116554,57,207
IRIS_313-11019,-0.486417359,1.237749853,-0.917116554,57,207
IRIS_313-11047,-0.486417359,1.237749853,-0.917116554,57,207
IRIS_313-11048,-0.486417359,1.237749853,-0.917116554,57,207
IRIS_313-11049,-0.486417359,1.237749853,-0.917116554,57,207
IRIS_313-11051,-0.486417359,1.237749853,-0.917116554,57,207
IRIS_313-11052,-0.486417359,1.237749853,-0.917116554,57,207
IRIS_313-11053,-0.486417359,1.237749853,-0.917116554,57,207
IRIS_313-11054,-0.486417359,1.237749853,-0.917116554,57,207
IRIS_313-11055,-0.486417359,1.237749853,-0.917116554,57,207
IRIS_313-11056,-0.486417359,1.237749853,-0.917116554,57,207
IRIS_313-11057,-0.486417359,1.237749853,-0.917116554,57,207
IRIS_313-11058,-0.486417359,1.237749853,-0.917116554,57,207
IRIS_313-11059,-0.486417359,1.237749853,-0.917116554,57,207
IRIS_313-11060,-0.486417359,1.237749853,-0.917116554,57,207
IRIS_313-11061,-0.486417359,1.237749853,-0.917116554,57,207
IRIS_313-11062,-0.486417359,1.237749853,-0.917116554,57,207
IRIS_313-11063,-0.486417359,1.237749853,-0.917116554,57,207
IRIS_313-11064,-0.486417359,1.237749853,-0.917116554,57,207
IRIS_313-11065,-0.486417359,1.237749853,-0.917116554,57,207
IRIS_313-11066,-0.486417359,1.237749853,-0.917116554,57,207
IRIS_313-11067,-0.486417359,1.237749853,-0.917116554,57,207
IRIS_313-11068,-0.486417359,1.237749853,-0.917116554,57,207
IRIS_313-11069,-0.486417359,1.237749853,-0.917116554,57,207
IRIS_313-11070,-0.486417359,1.237749853,-0.917116554,57,207
IRIS_313-11111,-0.486417359,1.237749853,-0.917116554,57,207
IRIS_313-11112,-0.486417359,1.237749853,-0.917116554,57,207
IRIS_313-11113,-0.486417359,1.237749853,-0.917116554,57,207
IRIS_313-11114,-0.486417359,1.237749853,-0.917116554,57,207
IRIS_313-11115,-0.486417359,1.237749853,-0.917116554,57,207
IRIS_313-11116,-0.486417359,1.237749853,-0.917116554,57,207
IRIS_313-11123,-0.486417359,1.237749853,-0.917116554,57,207
IRIS_313-11124,-0.486417359,1.237749853,-0.917116554,57,207
IRIS_313-11154,-0.486417359,1.237749853,-0.917116554,57,207
IRIS_313-11163,-0.486417359,1.237749853,-0.917116554,57,207
IRIS_313-11203,-0.52803631,1.22265408,-2.668945306,58,194
IRIS_313-11204,-0.52803631,1.22265408,-2.668945306,58,194
IRIS_313-11205,-0.231820869,1.222343661,-1.190455584,NA,NA
IRIS_313-11206,-0.52803631,1.22265408,-2.668945306,58,194
IRIS_313-11207,-0.52803631,1.22265408,-2.668945306,58,194
IRIS_313-11208,0.211124952,1.353672623,-2.482160362,56,202
IRIS_313-11209,-0.52803631,1.22265408,-2.668945306,58,194
IRIS_313-11210,-1.167821228,1.546181958,-0.985301582,64,178
IRIS_313-11211,-1.209378869,1.792774176,-0.143927945,68,188
IRIS_313-11212,-1.243778026,1.687624454,-0.129942029,NA,NA
IRIS_313-11213,-0.355240778,1.2826269,-1.135448004,NA,NA
IRIS_313-11214,-0.805834775,1.456315246,-0.891884449,64,192
IRIS_313-11216,-0.486417359,1.237749853,-0.917116554,57,207
IRIS_313-11219,-0.486417359,1.237749853,-0.917116554,57,207
IRIS_313-11220,-0.486417359,1.237749853,-0.917116554,57,207
IRIS_313-11222,-0.486417359,1.237749853,-0.917116554,57,207
IRIS_313-11223,-0.486417359,1.237749853,-0.917116554,57,207
IRIS_313-11224,-0.486417359,1.237749853,-0.917116554,57,207
IRIS_313-11225,-0.486417359,1.237749853,-0.917116554,57,207
IRIS_313-11226,-0.486417359,1.237749853,-0.917116554,57,207
IRIS_313-11227,-0.486417359,1.237749853,-0.917116554,57,207
IRIS_313-11228,-0.486417359,1.237749853,-0.917116554,57,207
IRIS_313-11229,-0.486417359,1.237749853,-0.917116554,57,207
IRIS_313-11230,-0.486417359,1.237749853,-0.917116554,57,207
IRIS_313-11231,-0.486417359,1.237749853,-0.917116554,57,207
IRIS_313-11321,-0.355240778,1.2826269,-1.135448004,NA,NA
IRIS_313-11322,-1.219896947,1.779374729,0.242460138,60,192
IRIS_313-11323,-0.231820869,1.222343661,-1.190455584,NA,NA
IRIS_313-11324,-0.46358875,1.043941192,-1.480651927,NA,NA
IRIS_313-11399,1.35930939,1.263458124,-5.273102437,55,191
IRIS_313-11400,-0.054946668,0.745286455,-2.875494646,56,193
IRIS_313-11401,0.162087101,0.738172081,-3.659476731,NA,NA
IRIS_313-11402,-0.744363852,0.853912988,-1.513071267,56,205
IRIS_313-11404,-0.406939452,0.927351407,-1.757986046,NA,NA
IRIS_313-11481,-1.123056542,1.504546594,-0.155564682,59,182
IRIS_313-11482,-0.607397764,1.35485619,-0.578271374,57,175
IRIS_313-11483,-0.477434078,1.331788975,-0.788046271,56,208
IRIS_313-11484,-1.008100795,1.543135209,0.072518236,60,179
IRIS_313-11486,-1.123056542,1.504546594,-0.155564682,59,182
IRIS_313-11487,-0.522238195,1.385235912,-0.634878718,NA,NA
IRIS_313-11557,-0.486417359,1.237749853,-0.917116554,57,207
IRIS_313-11558,-0.486417359,1.237749853,-0.917116554,57,207
IRIS_313-11722,0.204960425,0.669747396,-3.425986725,51,167
IRIS_313-11945,-0.352791001,1.01310447,-1.652187619,54,195
IRIS_313-11964,-0.574889731,1.234408151,-2.274128546,58,195
IRIS_313-11982,-0.350355817,1.154512306,-3.07839562,57,186
IRIS_313-12002,-0.406939452,0.927351407,-1.757986046,56,194
IRIS_313-12055,-0.13936911,1.183021886,-2.157261175,55,191
IRIS_313-12094,-0.509045394,1.083467597,-1.56279804,NA,NA
IRIS_313-12141,0.325556867,1.233390598,-3.091608851,55,221
IRIS_313-8252,-0.486417359,1.237749853,-0.917116554,57,207
IRIS_313-8283,-0.377463729,1.028239002,-1.587812825,54,208
IRIS_313-8349,-0.231820869,1.222343661,-1.190455584,NA,NA
IRIS_313-8410,-0.777584716,1.408957083,-1.09690936,61,181
IRIS_313-8437,1.35930939,1.263458124,-5.273102437,55,191
IRIS_313-8509,-0.928261825,1.375614507,-1.611435827,63,199
IRIS_313-8632,-0.430054917,1.212244004,-2.802959029,57,178
IRIS_313-8641,-0.486417359,1.237749853,-0.917116554,57,207
IRIS_313-8683,-0.463760495,0.751921946,-1.853814768,55,168
IRIS_313-8703,-0.486417359,1.237749853,-0.917116554,57,207
IRIS_313-8717,-0.757372528,1.201979037,-1.184384827,57,172
IRIS_313-8721,0.067755693,1.306465291,-2.101904528,57,201
IRIS_313-8733,-1.174146477,1.702062792,-0.261084752,NA,NA
IRIS_313-8737,-0.486417359,1.237749853,-0.917116554,57,207
IRIS_313-8789,-0.623190975,1.170299164,-0.9522081,56,180
IRIS_313-8822,-0.486417359,1.237749853,-0.917116554,57,207
IRIS_313-8850,-0.757372528,1.201979037,-1.184384827,57,172
IRIS_313-8854,0.558411392,1.250907315,-3.418629015,53,196
IRIS_313-8864,-0.706101136,1.549215617,-0.277132289,57,201
IRIS_313-8930,-0.744363852,0.853912988,-1.513071267,56,188
IRIS_313-8932,-0.805834775,1.456315246,-0.891884449,64,192
IRIS_313-8963,0.097982344,1.24318002,-2.574553738,55,205
IRIS_313-9049,-0.486417359,1.237749853,-0.917116554,57,207
IRIS_313-9067,-0.486417359,1.237749853,-0.917116554,57,207
IRIS_313-9072,-0.486417359,1.237749853,-0.917116554,57,207
IRIS_313-9108,-0.40544233,1.547391359,-0.478998729,NA,NA
IRIS_313-9139,-0.486417359,1.237749853,-0.917116554,57,207
IRIS_313-9174,-0.486417359,1.237749853,-0.917116554,57,207
IRIS_313-9218,0.558411392,1.250907315,-3.418629015,53,196
IRIS_313-9262,-0.486417359,1.237749853,-0.917116554,57,207
IRIS_313-9271,-0.757372528,1.201979037,-1.184384827,57,172
IRIS_313-9325,-0.00861294,1.109343966,-1.834294257,56,202
IRIS_313-9368,-0.909673826,1.766429366,0.165778667,61,207
IRIS_313-9391,0.617048148,1.280760564,-3.97266335,55,208
IRIS_313-9397,-0.486417359,1.237749853,-0.917116554,57,207
IRIS_313-9422,0.372895213,0.646922108,-4.338233887,56,207
IRIS_313-9445,-0.684499344,1.424896909,-0.363962689,57,188
IRIS_313-9594,0.421065184,1.208348356,-2.936643176,54,218
IRIS_313-9606,-0.486417359,1.237749853,-0.917116554,57,207
IRIS_313-9617,-0.486417359,1.237749853,-0.917116554,57,207
IRIS_313-9626,-0.486417359,1.237749853,-0.917116554,57,207
IRIS_313-9661,0.314235833,0.379541388,-4.380309805,55,188
IRIS_313-9682,-0.486417359,1.237749853,-0.917116554,57,207
IRIS_313-9696,0.421065184,1.208348356,-2.936643176,54,218
IRGC_32390,-1.857078132,-2.887256712,-4.096138762,50,205
IRIS_313-11120,-1.114122756,-1.418881192,-3.735179841,53,176
IRIS_313-11661,-5.052464746,-4.789388314,-0.039445427,54,256
IRIS_313-11690,-4.974805609,-4.44472236,0.017151993,52,236
IRIS_313-11691,-4.616375709,-4.213289219,0.498460651,59,221
IRIS_313-11743,-1.582166315,-1.302782572,-2.322542835,53,210
IRIS_313-12138,-1.998978397,-1.374353081,-1.413872961,51,238
IRIS_313-8302,-4.42153783,-3.477151839,0.329499367,54,221
IRIS_313-8486,-4.955133131,-4.431265742,0.596327437,58,240
IRIS_313-8519,-4.385605364,-4.056158097,0.272222584,54,244
IRIS_313-8637,-2.456002,-1.290325471,-0.010035966,55,208
IRIS_313-8765,-1.582166315,-1.302782572,-2.322542835,53,210
IRIS_313-8814,-5.697023572,-5.08318083,0.481985241,61,217
IRIS_313-8815,-4.974805609,-4.44472236,0.017151993,52,235
IRIS_313-8857,-4.273714304,-4.095430251,-0.16890742,58,229
IRIS_313-9048,-4.273714304,-4.095430251,-0.16890742,58,229
IRIS_313-9404,-3.447422287,-2.050962819,0.296132009,60,193
IRIS_313-9506,-2.89098347,-3.344255892,-2.017985496,53,193
IRIS_313-9529,-3.988507971,-3.831216969,-0.044109712,59,257
IRIS_313-9572,-4.100946992,-3.399092807,0.523216435,63,240
IRIS_313-11989,4.914797305,-1.928931826,1.038473417,NA,NA
IRIS_313-9574,5.604311789,-2.712930875,0.845406127,51,208
IRIS_313-10557,1.184574453,1.554674135,1.021971177,53,215
IRIS_313-10648,1.184574453,1.554674135,1.021971177,53,215
IRIS_313-10898,0.596108456,1.792891522,1.650120911,NA,NA
IRIS_313-10899,1.226501993,1.437269959,1.443969773,55,215
IRIS_313-10900,1.226501993,1.437269959,1.443969773,55,215
IRIS_313-10901,1.226501993,1.437269959,1.443969773,55,215
IRIS_313-10902,0.596108456,1.792891522,1.650120911,NA,NA
IRIS_313-10903,1.194366149,1.348381284,1.414514486,58,169
IRIS_313-10904,0.596108456,1.792891522,1.650120911,NA,NA
IRIS_313-10905,0.596108456,1.792891522,1.650120911,NA,NA
IRIS_313-10906,0.596108456,1.792891522,1.650120911,NA,NA
IRIS_313-10907,0.596108456,1.792891522,1.650120911,NA,NA
IRIS_313-10908,1.226501993,1.437269959,1.443969773,55,215
IRIS_313-10909,0.596108456,1.792891522,1.650120911,NA,NA
IRIS_313-10910,1.194366149,1.348381284,1.414514486,58,169
IRIS_313-10911,0.596108456,1.792891522,1.650120911,NA,NA
IRIS_313-10912,0.596108456,1.792891522,1.650120911,NA,NA
IRIS_313-10913,1.194366149,1.348381284,1.414514486,58,169
IRIS_313-10915,0.596108456,1.792891522,1.650120911,NA,NA
IRIS_313-10916,0.596108456,1.792891522,1.650120911,NA,NA
IRIS_313-11084,0.596108456,1.792891522,1.650120911,NA,NA
IRIS_313-11087,0.596108456,1.792891522,1.650120911,NA,NA
IRIS_313-11088,0.886760467,1.513779955,0.392760761,56,206
IRIS_313-11089,1.184574453,1.554674135,1.021971177,53,215
IRIS_313-11935,1.184574453,1.554674135,1.021971177,53,215
IRIS_313-11936,1.184574453,1.554674135,1.021971177,53,215
IRIS_313-11997,1.199376358,1.68279526,1.125934204,56,195
IRIS_313-11998,1.232444993,1.521104357,1.510565945,56,248
IRIS_313-11999,1.126208313,1.350376212,0.695782343,60,168
IRIS_313-12000,1.162613793,1.629687825,1.184157486,57,193
IRIS_313-12036,0.841748547,1.675014667,0.139488077,58,196
IRIS_313-12037,1.143845004,0.621975177,0.702695032,53,187
IRIS_313-12038,1.441310927,1.385956047,1.265054036,51,225
IRIS_313-12039,0.822634518,1.678065874,1.428137563,58,160
IRIS_313-12040,1.333903304,1.101692834,0.116423201,53,177
IRIS_313-12041,1.441310927,1.385956047,1.265054036,51,225
IRIS_313-12042,1.218963865,1.408288206,0.767164474,55,185
IRIS_313-12043,2.143601112,1.001232425,-0.159999505,55,184
IRIS_313-12044,1.311399124,1.468187643,1.538838469,51,249
IRIS_313-12058,1.207806735,1.604387865,1.615870911,58,204
IRIS_313-12096,1.302202706,1.452398096,1.51510083,56,219
IRIS_313-12097,0.596108456,1.792891522,1.650120911,NA,NA
IRIS_313-12101,0.596108456,1.792891522,1.650120911,NA,NA
IRIS_313-12102,1.232444993,1.521104357,1.510565945,56,248
IRIS_313-12109,1.683083324,0.948023735,1.164323031,56,149
IRIS_313-12142,1.108282056,0.769058385,-0.163273956,56,212
IRIS_313-12143,1.138473874,1.31360861,0.56645474,58,176
IRIS_313-12146,1.221164968,1.026912957,0.158365447,54,210
IRIS_313-12147,1.138473874,1.31360861,0.56645474,56,164
IRIS_313-12148,1.875931274,1.047946541,-0.358952588,51,185
IRIS_313-12151,1.499632326,1.380457902,1.660753284,58,201
IRIS_313-12152,0.439948041,2.021826745,1.775219327,56,217
IRIS_313-12161,1.024902076,0.455933614,-0.379938732,56,179
IRIS_313-12164,0.432875731,-0.106593848,-0.154817645,57,205
IRIS_313-12246,0.342683296,1.469902335,0.542575415,59,169
IRIS_313-12247,0.466589435,1.940495271,0.339351198,59,185
IRIS_313-12249,0.530934227,1.815975044,0.674255265,59,199
IRIS_313-12251,0.557865944,1.764542093,0.767001684,58,169
IRIS_313-9249,0.596108456,1.792891522,1.650120911,NA,NA
IRGC_117269,-8.115713329,-3.941509166,1.192941049,80,189
IRGC_117271,-8.115713329,-3.941509166,1.192941049,80,189
IRGC_117277,-8.115713329,-3.941509166,1.192941049,80,189
IRGC_117280,-8.115713329,-3.941509166,1.192941049,80,189
IRGC_1427,-8.115713329,-3.941509166,1.192941049,80,189
IRGC_4541,-8.115713329,-3.941509166,1.192941049,80,189
IRGC_4860,-8.115713329,-3.941509166,1.192941049,80,189
IRGC_4887,-8.115713329,-3.941509166,1.192941049,80,189
IRGC_51400,-8.115713329,-3.941509166,1.192941049,80,189
IRGC_53437,-8.115713329,-3.941509166,1.192941049,80,189
IRGC_59673,-8.115713329,-3.941509166,1.192941049,80,189
IRGC_59849,-8.115713329,-3.941509166,1.192941049,80,189
IRGC_59930,-8.115713329,-3.941509166,1.192941049,80,189
IRGC_59932,-8.115713329,-3.941509166,1.192941049,80,189
IRGC_63544,-2.879926768,-2.29221574,0.536199539,56,194
IRGC_63726,-2.879926768,-2.29221574,0.536199539,56,194
IRGC_67034,-1.608308273,-0.713586362,-0.386745012,53,189
IRGC_67096,-1.608308273,-0.713586362,-0.386745012,53,189
IRGC_68159,-3.436520776,-1.821728993,0.687760552,57,243
IRGC_752,-8.115713329,-3.941509166,1.192941049,80,189
IRGC_8195,-8.115713329,-3.941509166,1.192941049,80,189
IRGC_8266,-8.115713329,-3.941509166,1.192941049,80,189
IRIS_313-10129,-8.115713329,-3.941509166,1.192941049,80,189
IRIS_313-10177,-1.608308273,-0.713586362,-0.386745012,53,189
IRIS_313-10211,-8.115713329,-3.941509166,1.192941049,80,189
IRIS_313-10221,-1.608308273,-0.713586362,-0.386745012,53,189
IRIS_313-10228,-3.248271418,-1.988089555,-0.195533466,51,215
IRIS_313-10239,-3.248271418,-1.988089555,-0.195533466,51,215
IRIS_313-10450,-8.115713329,-3.941509166,1.192941049,80,189
IRIS_313-10453,-8.115713329,-3.941509166,1.192941049,80,189
IRIS_313-10497,-8.115713329,-3.941509166,1.192941049,80,189
IRIS_313-10502,-8.115713329,-3.941509166,1.192941049,80,189
IRIS_313-10503,-8.115713329,-3.941509166,1.192941049,80,189
IRIS_313-10504,-8.115713329,-3.941509166,1.192941049,80,189
IRIS_313-10558,-8.115713329,-3.941509166,1.192941049,80,189
IRIS_313-10559,-8.115713329,-3.941509166,1.192941049,80,189
IRIS_313-10560,-8.115713329,-3.941509166,1.192941049,80,189
IRIS_313-10561,-8.115713329,-3.941509166,1.192941049,80,189
IRIS_313-10562,-8.115713329,-3.941509166,1.192941049,80,189
IRIS_313-11038,-3.534642269,-1.404382125,0.960481584,NA,NA
IRIS_313-11522,-3.768254384,-2.195013926,1.03295195,58,198
IRIS_313-11651,-8.115713329,-3.941509166,1.192941049,80,189
IRIS_313-11652,-8.115713329,-3.941509166,1.192941049,80,189
IRIS_313-11653,-8.115713329,-3.941509166,1.192941049,80,189
IRIS_313-11654,-8.115713329,-3.941509166,1.192941049,80,189
IRIS_313-11655,-8.115713329,-3.941509166,1.192941049,80,189
IRIS_313-11744,-3.436520776,-1.821728993,0.687760552,57,243
IRIS_313-11745,-3.436520776,-1.821728993,0.687760552,57,243
IRIS_313-11852,-1.084391354,-0.018160903,-0.171410486,NA,NA
IRIS_313-11853,-1.084391354,-0.018160903,-0.171410486,NA,NA
IRIS_313-11947,-8.115713329,-3.941509166,1.192941049,80,189
IRIS_313-11948,-8.115713329,-3.941509166,1.192941049,80,189
IRIS_313-11949,-8.115713329,-3.941509166,1.192941049,80,189
IRIS_313-11950,-8.115713329,-3.941509166,1.192941049,80,189
IRIS_313-11951,-8.115713329,-3.941509166,1.192941049,80,189
IRIS_313-11952,-8.115713329,-3.941509166,1.192941049,80,189
IRIS_313-11953,-8.115713329,-3.941509166,1.192941049,80,189
IRIS_313-11954,-8.115713329,-3.941509166,1.192941049,80,189
IRIS_313-11955,-8.115713329,-3.941509166,1.192941049,80,189
IRIS_313-11965,-1.608308273,-0.713586362,-0.386745012,53,189
IRIS_313-11966,-1.608308273,-0.713586362,-0.386745012,53,189
IRIS_313-11967,-1.608308273,-0.713586362,-0.386745012,53,189
IRIS_313-11968,-1.608308273,-0.713586362,-0.386745012,53,189
IRIS_313-12007,-1.608308273,-0.713586362,-0.386745012,53,189
IRIS_313-12009,-1.608308273,-0.713586362,-0.386745012,53,189
IRIS_313-12010,-1.608308273,-0.713586362,-0.386745012,53,189
IRIS_313-12011,-1.608308273,-0.713586362,-0.386745012,53,189
IRIS_313-12012,-1.608308273,-0.713586362,-0.386745012,53,189
IRIS_313-12059,-3.768254384,-2.195013926,1.03295195,58,198
IRIS_313-12060,-3.768254384,-2.195013926,1.03295195,58,198
IRIS_313-12061,-3.768254384,-2.195013926,1.03295195,58,198
IRIS_313-12273,-1.084391354,-0.018160903,-0.171410486,NA,NA
IRIS_313-12275,-3.248271418,-1.988089555,-0.195533466,51,215
IRIS_313-8380,-8.115713329,-3.941509166,1.192941049,80,189
IRIS_313-8645,-8.115713329,-3.941509166,1.192941049,80,189
IRIS_313-9017,-8.115713329,-3.941509166,1.192941049,80,189
IRIS_313-9204,-8.115713329,-3.941509166,1.192941049,80,189
IRIS_313-9324,-8.115713329,-3.941509166,1.192941049,80,189
IRIS_313-9372,-8.115713329,-3.941509166,1.192941049,80,189
IRIS_313-9469,-8.115713329,-3.941509166,1.192941049,80,189
IRIS_313-9555,-8.115713329,-3.941509166,1.192941049,80,189
IRIS_313-9730,-3.436520776,-1.821728993,0.687760552,57,243
IRIS_313-10614,-0.701928919,-0.18380235,-1.213123122,NA,NA
IRGC_117267,-1.545546241,3.62945106,0.173710012,72,283
IRGC_117398,-1.545546241,3.62945106,0.173710012,72,283
IRGC_117617,-0.111164391,0.605320024,-2.67917021,53,167
IRGC_12331,0.840135481,-0.301082487,-8.202444691,50,203
IRGC_12386,0.840135481,-0.301082487,-8.202444691,50,203
IRGC_12894,-1.545546241,3.62945106,0.173710012,72,283
IRGC_13746,-1.213046856,-0.485248868,-2.740660805,56,177
IRGC_177,-1.545546241,3.62945106,0.173710012,72,283
IRGC_32559,-1.545546241,3.62945106,0.173710012,72,283
IRGC_32561,-1.545546241,3.62945106,0.173710012,72,283
IRGC_34962,-0.985393003,2.586428097,0.556037115,63,161
IRGC_3697,-1.545546241,3.62945106,0.173710012,72,283
IRGC_42469,-0.51503227,0.441393647,-2.211737897,53,159
IRGC_46202,-1.545546241,3.62945106,0.173710012,72,283
IRGC_46531,-1.545546241,3.62945106,0.173710012,72,283
IRGC_46768,-1.545546241,3.62945106,0.173710012,72,283
IRGC_53931,-1.545546241,3.62945106,0.173710012,72,283
IRGC_5999,-1.545546241,3.62945106,0.173710012,72,283
IRGC_6264,-1.545546241,3.62945106,0.173710012,72,283
IRGC_6274,-1.545546241,3.62945106,0.173710012,72,283
IRGC_6298,-1.545546241,3.62945106,0.173710012,72,283
IRGC_6307,-1.545546241,3.62945106,0.173710012,72,283
IRGC_6331,-1.545546241,3.62945106,0.173710012,72,283
IRGC_72479,-1.545546241,3.62945106,0.173710012,72,283
IRGC_74719,-1.961270521,3.440819586,1.062570993,64,427
IRGC_74777,-2.508888147,3.299576417,0.622250894,74,232
IRGC_77530,0.117279291,1.744939674,2.293857449,60,271
IRGC_7919,-1.545546241,3.62945106,0.173710012,72,283
IRGC_8896,-1.545546241,3.62945106,0.173710012,72,283
IRGC_9062,-1.545546241,3.62945106,0.173710012,72,283
IRGC_9069,-1.545546241,3.62945106,0.173710012,72,283
IRGC_9070,-1.545546241,3.62945106,0.173710012,72,283
IRGC_9091,-1.545546241,3.62945106,0.173710012,72,283
IRGC_9175,-1.545546241,3.62945106,0.173710012,72,283
IRGC_9177,-1.545546241,3.62945106,0.173710012,72,283
IRGC_9179,-1.545546241,3.62945106,0.173710012,72,283
IRIS_313-10150,-1.545546241,3.62945106,0.173710012,72,283
IRIS_313-10628,-1.545546241,3.62945106,0.173710012,72,283
IRIS_313-10664,-0.884871969,0.610068009,-0.89466174,56,210
IRIS_313-10666,-0.51503227,0.441393647,-2.211737897,53,159
IRIS_313-10667,0.840135481,-0.301082487,-8.202444691,50,203
IRIS_313-10668,0.840135481,-0.301082487,-8.202444691,50,203
IRIS_313-10670,0.840135481,-0.301082487,-8.202444691,50,203
IRIS_313-10671,-0.947455664,-2.589127938,-5.858669136,NA,NA
IRIS_313-10673,-0.947455664,-2.589127938,-5.858669136,NA,NA
IRIS_313-10674,-0.947455664,-2.589127938,-5.858669136,NA,NA
IRIS_313-10675,-0.947455664,-2.589127938,-5.858669136,NA,NA
IRIS_313-10676,-0.947455664,-2.589127938,-5.858669136,NA,NA
IRIS_313-10845,-1.536866171,0.475995727,0.539582436,NA,NA
IRIS_313-10847,-0.884871969,0.610068009,-0.89466174,56,210
IRIS_313-10848,-0.647721534,-2.891836607,-7.232440247,51,221
IRIS_313-10849,0.840135481,-0.301082487,-8.202444691,50,203
IRIS_313-10850,0.840135481,-0.301082487,-8.202444691,50,203
IRIS_313-10851,0.840135481,-0.301082487,-8.202444691,50,203
IRIS_313-10852,0.840135481,-0.301082487,-8.202444691,50,203
IRIS_313-10853,0.840135481,-0.301082487,-8.202444691,50,203
IRIS_313-10854,0.840135481,-0.301082487,-8.202444691,50,203
IRIS_313-10855,0.840135481,-0.301082487,-8.202444691,50,203
IRIS_313-10856,-0.947455664,-2.589127938,-5.858669136,NA,NA
IRIS_313-10857,-0.947455664,-2.589127938,-5.858669136,NA,NA
IRIS_313-10858,-0.947455664,-2.589127938,-5.858669136,NA,NA
IRIS_313-10859,-0.947455664,-2.589127938,-5.858669136,NA,NA
IRIS_313-10861,0.840135481,-0.301082487,-8.202444691,50,203
IRIS_313-10862,0.840135481,-0.301082487,-8.202444691,50,203
IRIS_313-10863,-0.965592188,0.772118942,-0.389899818,57,179
IRIS_313-10864,0.840135481,-0.301082487,-8.202444691,50,203
IRIS_313-10865,-2.731572621,-2.135606402,-1.349920732,53,210
IRIS_313-10866,-2.731572621,-2.135606402,-1.349920732,53,210
IRIS_313-10867,-1.254404127,-0.572170957,-2.171364168,51,180
IRIS_313-10868,-1.254404127,-0.572170957,-2.171364168,51,180
IRIS_313-10869,-1.191009686,-0.428871316,-3.142502421,52,159
IRIS_313-10870,-1.191009686,-0.428871316,-3.142502421,52,159
IRIS_313-11041,0.595619395,2.311444463,2.479542924,76,304
IRIS_313-11042,0.842226536,2.211114748,2.405044319,75,302
IRIS_313-11164,-1.359317049,2.462805058,0.614935785,66,182
IRIS_313-11166,-0.985393003,2.586428097,0.556037115,63,161
IRIS_313-11167,-1.300681445,2.439023653,0.724553082,NA,NA
IRIS_313-11169,0.459480122,1.096118832,-5.46665775,56,197
IRIS_313-11360,-1.545546241,3.62945106,0.173710012,72,283
IRIS_313-11371,-1.545546241,3.62945106,0.173710012,72,283
IRIS_313-11403,0.595619395,2.311444463,2.479542924,76,304
IRIS_313-11414,-1.545546241,3.62945106,0.173710012,72,283
IRIS_313-11442,-1.545546241,3.62945106,0.173710012,72,283
IRIS_313-11443,-1.545546241,3.62945106,0.173710012,72,283
IRIS_313-11445,-2.289820677,2.261352426,0.6594223,70,154
IRIS_313-11446,-1.213046856,-0.485248868,-2.740660805,56,177
IRIS_313-11447,-1.213046856,-0.485248868,-2.740660805,56,177
IRIS_313-11448,-3.337462394,3.437521984,1.365849911,NA,NA
IRIS_313-11449,-3.337462394,3.437521984,1.365849911,NA,NA
IRIS_313-11451,-1.904667663,2.092945319,2.739430651,71,360
IRIS_313-11452,-0.801294083,1.841313084,0.283708563,64,354
IRIS_313-11453,-1.728588969,4.16277878,1.942084649,NA,NA
IRIS_313-11454,-2.081505109,4.036431554,1.107255587,NA,NA
IRIS_313-11455,-2.081505109,4.036431554,1.107255587,NA,NA
IRIS_313-11456,-2.081505109,4.036431554,1.107255587,NA,NA
IRIS_313-11458,-1.545546241,3.62945106,0.173710012,72,283
IRIS_313-11460,-1.545546241,3.62945106,0.173710012,72,283
IRIS_313-11461,-1.545546241,3.62945106,0.173710012,72,283
IRIS_313-11462,1.963439563,2.0788335,-4.085623572,60,213
IRIS_313-11489,-3.498851532,2.868365318,1.316928879,75,146
IRIS_313-11490,-1.265292845,-0.813759144,-1.352631802,52,217
IRIS_313-11492,-1.545546241,3.62945106,0.173710012,72,283
IRIS_313-11493,-0.690030447,0.62470367,-1.657998343,53,178
IRIS_313-11494,-2.623114747,-1.860911572,-1.297650281,53,221
IRIS_313-11505,-1.545546241,3.62945106,0.173710012,72,283
IRIS_313-11506,-1.545546241,3.62945106,0.173710012,72,283
IRIS_313-11595,-1.852062591,3.69268475,0.372952849,73,369
IRIS_313-11596,-1.695532243,3.460909258,0.334291842,69,244
IRIS_313-11597,-2.052851462,3.984723026,0.396682746,74,404
IRIS_313-11598,-2.270422495,2.299766514,-0.28881524,68,394
IRIS_313-11599,-1.554832011,3.727596684,0.373109222,72,348
IRIS_313-11600,-2.338472774,4.035926872,0.782252188,74,380
IRIS_313-11602,-2.222440975,3.703616216,0.270211888,73,420
IRIS_313-11603,-1.814333294,3.884053015,0.529039182,73,344
IRIS_313-11604,-2.109335105,3.796397151,0.660766478,74,390
IRIS_313-11606,-2.052851462,3.984723026,0.396682746,74,404
IRIS_313-11607,-2.052851462,3.984723026,0.396682746,74,404
IRIS_313-11616,-2.491511814,3.308272656,0.696947515,71,201
IRIS_313-11617,-2.491511814,3.308272656,0.696947515,71,201
IRIS_313-11618,-2.491511814,3.308272656,0.696947515,71,201
IRIS_313-11619,-2.491511814,3.308272656,0.696947515,71,201
IRIS_313-11620,-2.491511814,3.308272656,0.696947515,71,201
IRIS_313-11621,-2.491511814,3.308272656,0.696947515,71,201
IRIS_313-11636,-1.545546241,3.62945106,0.173710012,72,283
IRIS_313-11638,-1.545546241,3.62945106,0.173710012,72,283
IRIS_313-11639,-1.545546241,3.62945106,0.173710012,72,283
IRIS_313-11640,-1.545546241,3.62945106,0.173710012,72,283
IRIS_313-11641,-1.545546241,3.62945106,0.173710012,72,283
IRIS_313-11642,-1.545546241,3.62945106,0.173710012,72,283
IRIS_313-11643,-1.545546241,3.62945106,0.173710012,72,283
IRIS_313-11644,-1.545546241,3.62945106,0.173710012,72,283
IRIS_313-11645,-1.545546241,3.62945106,0.173710012,72,283
IRIS_313-11646,-1.545546241,3.62945106,0.173710012,72,283
IRIS_313-11647,-1.545546241,3.62945106,0.173710012,72,283
IRIS_313-11648,-1.545546241,3.62945106,0.173710012,72,283
IRIS_313-11650,-1.545546241,3.62945106,0.173710012,72,283
IRIS_313-11712,-1.545546241,3.62945106,0.173710012,72,283
IRIS_313-11737,-1.852062591,3.69268475,0.372952849,73,369
IRIS_313-11738,-2.160602307,3.226569178,0.219774038,62,350
IRIS_313-11742,-1.545546241,3.62945106,0.173710012,72,283
IRIS_313-11821,-1.545546241,3.62945106,0.173710012,72,283
IRIS_313-11822,-1.545546241,3.62945106,0.173710012,72,283
IRIS_313-11823,-1.545546241,3.62945106,0.173710012,72,283
IRIS_313-11824,-1.545546241,3.62945106,0.173710012,72,283
IRIS_313-11825,-1.545546241,3.62945106,0.173710012,72,283
IRIS_313-11826,-1.545546241,3.62945106,0.173710012,72,283
IRIS_313-11827,-1.545546241,3.62945106,0.173710012,72,283
IRIS_313-11828,-1.545546241,3.62945106,0.173710012,72,283
IRIS_313-11917,-2.311107494,3.974133995,0.682405924,74,370
IRIS_313-11918,-2.123091601,3.713789909,0.715137717,69,394
IRIS_313-11919,-2.311107494,3.974133995,0.682405924,74,370
IRIS_313-11969,-2.491511814,3.308272656,0.696947515,71,201
IRIS_313-12013,-1.545546241,3.62945106,0.173710012,72,283
IRIS_313-12052,-2.017523165,-3.936703684,0.351742767,59,177
IRIS_313-7736,-1.545546241,3.62945106,0.173710012,72,283
IRIS_313-7780,-1.545546241,3.62945106,0.173710012,72,283
IRIS_313-8265,-1.545546241,3.62945106,0.173710012,72,283
IRIS_313-8303,-1.505698866,3.747034857,-0.474773969,60,274
IRIS_313-8305,-1.545546241,3.62945106,0.173710012,72,283
IRIS_313-8386,-0.947455664,-2.589127938,-5.858669136,NA,NA
IRIS_313-8435,-2.491511814,3.308272656,0.696947515,71,201
IRIS_313-8498,0.840135481,-0.301082487,-8.202444691,50,203
IRIS_313-8530,-1.545546241,3.62945106,0.173710012,72,283
IRIS_313-8568,-0.801294083,1.841313084,0.283708563,64,354
IRIS_313-8614,-1.545546241,3.62945106,0.173710012,72,283
IRIS_313-8631,-3.324664577,4.107014027,2.191268161,76,121
IRIS_313-8704,-2.771117832,4.550758363,1.311961216,78,211
IRIS_313-8727,-1.545546241,3.62945106,0.173710012,72,283
IRIS_313-8731,-2.311107494,3.974133995,0.682405924,74,370
IRIS_313-8754,-2.374682958,3.870913654,1.09814212,72,223
IRIS_313-8757,-2.052851462,3.984723026,0.396682746,74,404
IRIS_313-8796,-2.311107494,3.974133995,0.682405924,74,370
IRIS_313-8813,-0.947455664,-2.589127938,-5.858669136,NA,NA
IRIS_313-8920,-2.052851462,3.984723026,0.396682746,74,404
IRIS_313-8924,-3.337462394,3.437521984,1.365849911,NA,NA
IRIS_313-8986,-0.947455664,-2.589127938,-5.858669136,NA,NA
IRIS_313-8988,-1.816030189,3.64501633,0.756117979,73,444
IRIS_313-9137,0.840135481,-0.301082487,-8.202444691,50,203
IRIS_313-9176,0.840135481,-0.301082487,-8.202444691,50,203
IRIS_313-9201,-0.884871969,0.610068009,-0.89466174,56,210
IRIS_313-9258,-1.505698866,3.747034857,-0.474773969,60,274
IRIS_313-9313,-0.947455664,-2.589127938,-5.858669136,NA,NA
IRIS_313-9360,-1.545546241,3.62945106,0.173710012,72,283
IRIS_313-9384,1.904844846,2.588953829,-4.360748848,61,231
IRIS_313-9392,-1.254404127,-0.572170957,-2.171364168,51,180
IRIS_313-9400,-1.545546241,3.62945106,0.173710012,72,283
IRIS_313-9403,-2.423239989,2.673099679,0.300222568,71,162
IRIS_313-9424,-1.536866171,0.475995727,0.539582436,NA,NA
IRIS_313-9484,-2.435705043,3.323624315,-0.072807187,71,427
IRIS_313-9492,-1.545546241,3.62945106,0.173710012,72,283
IRIS_313-9516,-1.545546241,3.62945106,0.173710012,72,283
IRIS_313-9547,-1.505698866,3.747034857,-0.474773969,60,274
IRIS_313-9557,-2.017523165,-3.936703684,0.351742767,59,177
IRIS_313-9605,-2.491511814,3.308272656,0.696947515,71,201
IRIS_313-9609,-0.947455664,-2.589127938,-5.858669136,NA,NA
IRIS_313-9610,-2.264966574,4.08814279,1.350998371,73,316
IRIS_313-9611,-3.337462394,3.437521984,1.365849911,NA,NA
IRIS_313-9629,-1.545546241,3.62945106,0.173710012,72,283
IRGC_122298,3.39965217,-0.972672811,1.13408989,49,226
IRGC_14413,3.775459039,-0.522314074,-0.485055476,53,265
IRGC_19972,3.062492706,-2.985493118,1.516946013,49,222
IRGC_27129,3.062492706,-2.985493118,1.516946013,49,222
IRGC_35834,2.14405292,-2.426565036,1.148865106,54,207
IRGC_43322,4.048594695,-1.367199823,0.878302422,48,248
IRGC_43369,4.048594695,-1.367199823,0.878302422,48,248
IRGC_43372,2.08935946,-1.726601651,0.177677895,53,190
IRGC_43394,1.415697479,1.246877459,0.900271131,NA,NA
IRGC_43400,4.725425024,-2.949437788,0.584159796,47,199
IRGC_43540,4.725425024,-2.949437788,0.584159796,47,199
IRGC_54333,1.514751572,0.738644809,0.841695331,58,154
IRGC_66640,4.685030754,-2.843862967,0.761553231,47,208
IRGC_8260,3.062492706,-2.985493118,1.516946013,49,222
IRGC_8261,3.062492706,-2.985493118,1.516946013,49,222
IRGC_9147,3.062492706,-2.985493118,1.516946013,49,222
IRIS_313-10152,3.673729521,-0.479215408,2.100508434,50,186
IRIS_313-10689,3.349332104,-1.238462961,1.437618823,50,206
IRIS_313-10690,2.731752203,-0.946319955,-0.791721108,55,257
IRIS_313-10692,2.545140101,-2.568010104,1.416632672,48,147
IRIS_313-10693,2.48618876,-4.783271075,-0.160298358,53,245
IRIS_313-10738,3.062492706,-2.985493118,1.516946013,49,222
IRIS_313-10739,3.062492706,-2.985493118,1.516946013,49,222
IRIS_313-10740,3.062492706,-2.985493118,1.516946013,49,222
IRIS_313-10741,3.062492706,-2.985493118,1.516946013,49,222
IRIS_313-10742,3.062492706,-2.985493118,1.516946013,49,222
IRIS_313-10743,3.062492706,-2.985493118,1.516946013,49,222
IRIS_313-10744,3.062492706,-2.985493118,1.516946013,49,222
IRIS_313-10745,3.062492706,-2.985493118,1.516946013,49,222
IRIS_313-10746,3.062492706,-2.985493118,1.516946013,49,222
IRIS_313-10747,3.062492706,-2.985493118,1.516946013,49,222
IRIS_313-10758,1.139725615,-0.189834092,1.311522495,60,217
IRIS_313-10759,1.415697479,1.246877459,0.900271131,NA,NA
IRIS_313-10760,2.686615285,-2.521663181,1.554289929,53,177
IRIS_313-10761,2.14405292,-2.426565036,1.148865106,54,207
IRIS_313-10762,3.763823425,-1.407991208,1.613537273,46,196
IRIS_313-10765,2.14405292,-2.426565036,1.148865106,54,207
IRIS_313-10766,2.14405292,-2.426565036,1.148865106,54,207
IRIS_313-10767,3.305609796,-0.895286212,1.289409501,49,229
IRIS_313-10768,3.867711124,-1.206620252,1.364614023,49,204
IRIS_313-10769,3.867711124,-1.206620252,1.364614023,49,204
IRIS_313-10770,3.062492706,-2.985493118,1.516946013,49,222
IRIS_313-10771,1.139725615,-0.189834092,1.311522495,60,217
IRIS_313-10772,2.892891302,-0.077639786,0.66752026,NA,NA
IRIS_313-10773,4.725425024,-2.949437788,0.584159796,47,199
IRIS_313-10774,2.14405292,-2.426565036,1.148865106,54,207
IRIS_313-10775,2.14405292,-2.426565036,1.148865106,54,207
IRIS_313-10776,1.139725615,-0.189834092,1.311522495,60,217
IRIS_313-10777,2.14405292,-2.426565036,1.148865106,54,207
IRIS_313-10778,3.867711124,-1.206620252,1.364614023,49,204
IRIS_313-10779,3.763823425,-1.407991208,1.613537273,46,196
IRIS_313-10780,3.305609796,-0.895286212,1.289409501,49,229
IRIS_313-10781,1.415697479,1.246877459,0.900271131,NA,NA
IRIS_313-10782,2.14405292,-2.426565036,1.148865106,54,207
IRIS_313-10783,2.14405292,-2.426565036,1.148865106,54,207
IRIS_313-10784,2.892891302,-0.077639786,0.66752026,NA,NA
IRIS_313-10785,1.415697479,1.246877459,0.900271131,NA,NA
IRIS_313-10786,2.684391711,-0.016130146,0.833293686,53,206
IRIS_313-10787,3.867711124,-1.206620252,1.364614023,49,204
IRIS_313-10788,2.14405292,-2.426565036,1.148865106,54,207
IRIS_313-10789,2.892891302,-0.077639786,0.66752026,NA,NA
IRIS_313-10790,1.139725615,-0.189834092,1.311522495,60,217
IRIS_313-10791,2.14405292,-2.426565036,1.148865106,54,207
IRIS_313-10792,3.24570815,-1.678204407,1.670421486,49,119
IRIS_313-10793,2.892891302,-0.077639786,0.66752026,NA,NA
IRIS_313-10794,3.305609796,-0.895286212,1.289409501,49,229
IRIS_313-10795,2.892891302,-0.077639786,0.66752026,NA,NA
IRIS_313-10796,2.892891302,-0.077639786,0.66752026,NA,NA
IRIS_313-10797,3.763823425,-1.407991208,1.613537273,46,196
IRIS_313-10798,2.109035621,0.517463269,0.62110874,53,210
IRIS_313-10799,2.851819105,-0.306368862,1.75820327,50,143
IRIS_313-10800,1.415697479,1.246877459,0.900271131,NA,NA
IRIS_313-10801,1.034524808,0.953148697,1.15569508,55,193
IRIS_313-10802,2.14405292,-2.426565036,1.148865106,54,207
IRIS_313-10803,1.631771268,-1.358793661,-0.150408974,56,150
IRIS_313-10804,3.867711124,-1.206620252,1.364614023,49,204
IRIS_313-10805,2.686615285,-2.521663181,1.554289929,53,177
IRIS_313-10806,3.867711124,-1.206620252,1.364614023,49,204
IRIS_313-10807,4.532548856,-2.436942553,1.272302937,47,174
IRIS_313-10808,2.892891302,-0.077639786,0.66752026,NA,NA
IRIS_313-10809,2.892891302,-0.077639786,0.66752026,NA,NA
IRIS_313-10810,2.14405292,-2.426565036,1.148865106,54,207
IRIS_313-10811,2.14405292,-2.426565036,1.148865106,54,207
IRIS_313-10812,3.305609796,-0.895286212,1.289409501,49,229
IRIS_313-10813,3.867711124,-1.206620252,1.364614023,49,204
IRIS_313-10814,4.718030467,-2.76699994,0.695712414,48,151
IRIS_313-10815,4.500420371,-1.743617941,1.211294824,46,175
IRIS_313-10816,3.305609796,-0.895286212,1.289409501,49,229
IRIS_313-10817,1.415697479,1.246877459,0.900271131,NA,NA
IRIS_313-10818,3.763823425,-1.407991208,1.613537273,46,196
IRIS_313-10819,2.14405292,-2.426565036,1.148865106,54,207
IRIS_313-10820,2.14405292,-2.426565036,1.148865106,54,207
IRIS_313-10821,2.14405292,-2.426565036,1.148865106,54,207
IRIS_313-10822,4.725425024,-2.949437788,0.584159796,47,199
IRIS_313-10823,3.763823425,-1.407991208,1.613537273,46,196
IRIS_313-10824,3.062492706,-2.985493118,1.516946013,49,222
IRIS_313-10841,3.062492706,-2.985493118,1.516946013,49,222
IRIS_313-10842,3.062492706,-2.985493118,1.516946013,49,222
IRIS_313-10844,3.062492706,-2.985493118,1.516946013,49,222
IRIS_313-10935,4.718030467,-2.76699994,0.695712414,48,151
IRIS_313-10936,4.048594695,-1.367199823,0.878302422,48,248
IRIS_313-10937,4.048303501,-1.75940729,1.197180098,46,160
IRIS_313-10938,4.070722142,-2.244989306,1.34387568,47,200
IRIS_313-10940,4.070722142,-2.244989306,1.34387568,47,200
IRIS_313-10941,4.070722142,-2.244989306,1.34387568,47,200
IRIS_313-10942,4.725425024,-2.949437788,0.584159796,47,199
IRIS_313-10943,3.792814554,-1.352654375,1.779716229,50,278
IRIS_313-10944,4.725425024,-2.949437788,0.584159796,47,169
IRIS_313-10945,3.062492706,-2.985493118,1.516946013,49,222
IRIS_313-10946,3.062492706,-2.985493118,1.516946013,49,222
IRIS_313-10950,3.062492706,-2.985493118,1.516946013,49,222
IRIS_313-10951,4.718030467,-2.76699994,0.695712414,48,151
IRIS_313-10952,4.048594695,-1.367199823,0.878302422,48,248
IRIS_313-10953,3.690540282,-2.104291801,0.83262159,55,231
IRIS_313-10954,3.000325917,-3.957328171,0.774869933,51,299
IRIS_313-10955,3.775459039,-0.522314074,-0.485055476,53,265
IRIS_313-10956,4.718030467,-2.76699994,0.695712414,48,151
IRIS_313-10957,4.048594695,-1.367199823,0.878302422,48,248
IRIS_313-10958,4.048594695,-1.367199823,0.878302422,48,248
IRIS_313-10959,3.062492706,-2.985493118,1.516946013,49,222
IRIS_313-10960,3.763823425,-1.407991208,1.613537273,46,196
IRIS_313-10961,3.763823425,-1.407991208,1.613537273,46,196
IRIS_313-10962,3.763823425,-1.407991208,1.613537273,46,196
IRIS_313-10995,3.775459039,-0.522314074,-0.485055476,53,265
IRIS_313-10996,2.249155731,-3.071923584,2.160246095,51,224
IRIS_313-10997,3.062492706,-2.985493118,1.516946013,49,222
IRIS_313-10998,3.062492706,-2.985493118,1.516946013,49,222
IRIS_313-10999,3.162544267,-1.988318638,1.908450952,NA,NA
IRIS_313-11000,3.062492706,-2.985493118,1.516946013,49,222
IRIS_313-11001,2.907254321,-0.690361015,1.977103283,51,162
IRIS_313-11003,3.087829106,-0.854267592,1.923151516,52,226
IRIS_313-11004,3.087829106,-0.854267592,1.923151516,52,226
IRIS_313-11005,2.902193728,-1.091008545,1.418718075,53,168
IRIS_313-11006,2.902193728,-1.091008545,1.418718075,53,168
IRIS_313-11007,2.561781913,-2.612649185,1.857372911,50,194
IRIS_313-11008,3.398749673,-0.627112139,1.753205736,53,238
IRIS_313-11009,2.686615285,-2.521663181,1.554289929,53,177
IRIS_313-11010,2.76944446,-1.005571219,2.325711474,54,200
IRIS_313-11011,3.062492706,-2.985493118,1.516946013,49,222
IRIS_313-11012,3.062492706,-2.985493118,1.516946013,49,222
IRIS_313-11117,4.059041053,-1.779815928,1.518121702,47,217
IRIS_313-11162,1.859899649,0.068095694,0.385149731,56,172
IRIS_313-11177,2.892891302,-0.077639786,0.66752026,NA,NA
IRIS_313-11178,4.725425024,-2.949437788,0.584159796,47,199
IRIS_313-11179,4.718030467,-2.76699994,0.695712414,48,151
IRIS_313-11180,4.725425024,-2.949437788,0.584159796,47,199
IRIS_313-11181,4.718030467,-2.76699994,0.695712414,48,151
IRIS_313-11182,3.062492706,-2.985493118,1.516946013,49,222
IRIS_313-11183,1.415697479,1.246877459,0.900271131,NA,NA
IRIS_313-11311,2.08935946,-1.726601651,0.177677895,53,190
IRIS_313-11312,3.83181673,-3.79594737,0.809022231,47,184
IRIS_313-11313,4.048594695,-1.367199823,0.878302422,48,248
IRIS_313-11314,3.83181673,-3.79594737,0.809022231,47,184
IRIS_313-11315,4.048594695,-1.367199823,0.878302422,48,248
IRIS_313-11316,3.83181673,-3.79594737,0.809022231,47,184
IRIS_313-11317,4.718030467,-2.76699994,0.695712414,48,151
IRIS_313-11318,2.686615285,-2.521663181,1.554289929,53,177
IRIS_313-11319,4.066286433,-1.079884419,1.52111041,51,243
IRIS_313-11320,4.250796148,-1.29880357,1.585312405,54,232
IRIS_313-11394,1.415697479,1.246877459,0.900271131,NA,NA
IRIS_313-11395,1.415697479,1.246877459,0.900271131,NA,NA
IRIS_313-11397,2.888391059,-2.18858778,2.651436395,53,196
IRIS_313-11398,2.949085963,-0.97257206,2.927103244,NA,NA
IRIS_313-11495,0.388593003,0.013159708,0.56960593,61,176
IRIS_313-11496,1.089499738,0.837941292,1.013247136,61,179
IRIS_313-11497,1.034524808,0.953148697,1.15569508,59,182
IRIS_313-11498,1.05549687,0.627878045,1.478308896,62,205
IRIS_313-11499,1.208308081,0.647508132,1.072399581,59,147
IRIS_313-11500,0.861896884,0.152775445,0.485769746,60,155
IRIS_313-11717,4.846988113,-2.565247551,0.782766043,NA,NA
IRIS_313-11970,3.775459039,-0.522314074,-0.485055476,53,265
IRIS_313-11971,2.447393053,-3.626561157,0.714544805,52,225
IRIS_313-12027,2.934562799,-3.195172441,1.001366443,48,217
IRIS_313-12045,5.45929958,-2.615948222,0.903608086,50,208
IRIS_313-12046,5.45929958,-2.615948222,0.903608086,50,208
IRIS_313-12047,4.489303218,-1.744316672,1.121325683,NA,NA
IRIS_313-12048,4.918265391,-1.80477649,0.781422757,NA,NA
IRIS_313-12068,5.45929958,-2.615948222,0.903608086,50,208
IRIS_313-12069,5.144365595,-2.211786739,1.233189095,49,183
IRIS_313-7883,2.888391059,-2.18858778,2.651436395,54,250
IRIS_313-7885,2.08935946,-1.726601651,0.177677895,53,190
IRIS_313-8291,4.037856248,-2.60743187,1.553579912,54,202
IRIS_313-8314,2.14405292,-2.426565036,1.148865106,54,207
IRIS_313-8324,3.062492706,-2.985493118,1.516946013,49,222
IRIS_313-8368,2.14405292,-2.426565036,1.148865106,54,207
IRIS_313-8436,3.763823425,-1.407991208,1.613537273,46,196
IRIS_313-8457,4.641712737,-2.010221889,1.279929979,49,266
IRIS_313-8493,4.378360972,-1.87205243,1.171194077,51,259
IRIS_313-8536,3.83181673,-3.79594737,0.809022231,47,184
IRIS_313-8608,4.846988113,-2.565247551,0.782766043,NA,NA
IRIS_313-8643,4.500420371,-1.743617941,1.211294824,46,175
IRIS_313-8664,4.756057538,-2.610093342,0.79436545,50,198
IRIS_313-8713,4.846988113,-2.565247551,0.782766043,NA,NA
IRIS_313-8725,3.044850615,-1.379046726,2.845075518,53,251
IRIS_313-8744,2.14405292,-2.426565036,1.148865106,54,207
IRIS_313-8767,4.037856248,-2.60743187,1.553579912,54,202
IRIS_313-8812,1.932479486,-0.159219699,1.666081738,59,172
IRIS_313-8831,4.179883932,-1.275843429,2.087083779,51,231
IRIS_313-8833,4.718030467,-2.76699994,0.695712414,48,151
IRIS_313-8865,3.794098483,-0.507869675,1.745854932,48,253
IRIS_313-8922,4.048594695,-1.367199823,0.878302422,48,248
IRIS_313-8956,3.062492706,-2.985493118,1.516946013,49,222
IRIS_313-8978,4.181883742,-2.406557553,1.516186968,51,247
IRIS_313-8998,4.685030754,-2.843862967,0.761553231,47,208
IRIS_313-9005,3.062492706,-2.985493118,1.516946013,49,222
IRIS_313-9054,4.070722142,-2.244989306,1.34387568,47,200
IRIS_313-9097,3.842708975,-2.400927301,1.680149923,55,239
IRIS_313-9098,4.941762018,-2.140283745,1.153204769,52,304
IRIS_313-9117,3.867711124,-1.206620252,1.364614023,49,204
IRIS_313-9129,3.062492706,-2.985493118,1.516946013,49,222
IRIS_313-9188,4.921534644,-2.577318008,0.805737363,48,265
IRIS_313-9208,4.725425024,-2.949437788,0.584159796,47,199
IRIS_313-9239,4.250796148,-1.29880357,1.585312405,54,232
IRIS_313-9242,4.500420371,-1.743617941,1.211294824,46,175
IRIS_313-9251,3.83181673,-3.79594737,0.809022231,47,184
IRIS_313-9273,3.062492706,-2.985493118,1.516946013,49,222
IRIS_313-9301,0.861896884,0.152775445,0.485769746,60,155
IRIS_313-9310,4.941762018,-2.140283745,1.153204769,52,304
IRIS_313-9314,2.686615285,-2.521663181,1.554289929,53,177
IRIS_313-9320,3.062492706,-2.985493118,1.516946013,49,222
IRIS_313-9405,2.08935946,-1.726601651,0.177677895,53,190
IRIS_313-9470,4.756057538,-2.610093342,0.79436545,50,198
IRIS_313-9590,1.926190187,-0.946080705,0.081283463,53,141
IRIS_313-9691,4.846988113,-2.565247551,0.782766043,NA,NA
IRGC_12731,-4.111832975,-2.360187426,0.486303784,57,184
IRGC_14779,-4.111832975,-2.360187426,0.486303784,57,184
IRGC_40252,-4.111832975,-2.360187426,0.486303784,57,184
IRGC_410,-4.111832975,-2.360187426,0.486303784,57,184
IRGC_8191,-4.111832975,-2.360187426,0.486303784,57,184
IRGC_8257,-4.111832975,-2.360187426,0.486303784,57,184
IRIS_313-10071,-4.111832975,-2.360187426,0.486303784,57,184
IRIS_313-10073,-4.111832975,-2.360187426,0.486303784,57,184
IRIS_313-10074,-4.111832975,-2.360187426,0.486303784,57,184
IRIS_313-10075,-4.111832975,-2.360187426,0.486303784,57,184
IRIS_313-10076,-4.111832975,-2.360187426,0.486303784,57,184
IRIS_313-10077,-4.111832975,-2.360187426,0.486303784,57,184
IRIS_313-10078,-4.111832975,-2.360187426,0.486303784,57,184
IRIS_313-10079,-4.111832975,-2.360187426,0.486303784,57,184
IRIS_313-10080,-4.111832975,-2.360187426,0.486303784,57,184
IRIS_313-10082,-4.111832975,-2.360187426,0.486303784,57,184
IRIS_313-10469,-4.111832975,-2.360187426,0.486303784,57,184
IRIS_313-10569,-4.111832975,-2.360187426,0.486303784,57,184
IRIS_313-10642,-4.111832975,-2.360187426,0.486303784,57,184
IRIS_313-11725,-4.111832975,-2.360187426,0.486303784,57,184
IRIS_313-8755,-4.111832975,-2.360187426,0.486303784,57,184
IRIS_313-9002,-4.111832975,-2.360187426,0.486303784,57,184
IRIS_313-9081,-4.111832975,-2.360187426,0.486303784,57,184
IRIS_313-9800,-4.111832975,-2.360187426,0.486303784,57,184
IRIS_313-9884,-4.111832975,-2.360187426,0.486303784,57,184
IRIS_313-10651,-0.208637863,1.804571647,0.359797658,NA,NA
IRIS_313-10652,-0.208637863,1.804571647,0.359797658,NA,NA
IRIS_313-10653,-1.02137886,0.753836237,1.041517821,55,202
IRIS_313-10654,-0.208637863,1.804571647,0.359797658,NA,NA
IRIS_313-10655,0.360274154,1.760161525,0.013262419,58,163
IRIS_313-10656,0.360274154,1.760161525,0.013262419,58,163
IRIS_313-10657,-0.200828307,1.778358436,-0.140096421,56,151
IRIS_313-10659,0.053614409,1.2029831,-0.313570208,57,151
IRIS_313-10660,0.053614409,1.2029831,-0.313570208,57,151
IRIS_313-10679,-0.607412108,1.519109165,0.05984974,54,188
IRIS_313-10680,-0.932217174,0.72760286,0.02002524,54,229
IRIS_313-10681,0.118898866,1.669887002,-0.997708112,53,110
IRIS_313-10682,-0.041444249,1.899133076,0.636505487,56,164
IRIS_313-10683,-0.118378045,1.80299219,0.470815381,57,144
IRIS_313-10921,-0.824039036,0.830230518,0.586908702,NA,NA
IRIS_313-11071,-0.109170374,1.380025024,-1.343073855,53,178
IRIS_313-11072,0.362594108,0.949707853,-3.52874132,54,169
IRIS_313-11073,-1.782857574,-1.431442225,-0.402482174,56,205
IRIS_313-11074,-0.208637863,1.804571647,0.359797658,NA,NA
IRIS_313-11075,-0.208637863,1.804571647,0.359797658,NA,NA
IRIS_313-11076,0.468205854,0.5546945,-3.399526987,54,168
IRIS_313-11077,0.362594108,0.949707853,-3.52874132,54,169
IRIS_313-11078,-0.109256121,1.736229109,-0.839292787,55,174
IRIS_313-11079,0.362594108,0.949707853,-3.52874132,54,169
IRIS_313-11080,-0.824039036,0.830230518,0.586908702,NA,NA
IRIS_313-11081,0.362594108,0.949707853,-3.52874132,54,169
IRIS_313-11082,0.362594108,0.949707853,-3.52874132,54,169
IRIS_313-11083,0.053614409,1.2029831,-0.313570208,57,151
IRIS_313-11085,0.165001948,0.446591103,-0.208140169,56,199
IRIS_313-11086,-0.208637863,1.804571647,0.359797658,NA,NA
IRIS_313-11090,-0.208637863,1.804571647,0.359797658,NA,NA
IRIS_313-11091,0.053614409,1.2029831,-0.313570208,57,151
IRIS_313-11092,-0.109170374,1.380025024,-1.343073855,53,178
IRIS_313-11093,0.455020322,0.74587798,-4.546869893,54,178
IRIS_313-11094,-0.162085157,1.712069899,0.378437842,NA,NA
IRIS_313-11095,0.053614409,1.2029831,-0.313570208,57,151
IRIS_313-11991,-1.341612045,-0.255991226,-0.212415145,53,202
IRIS_313-11992,-1.328761172,-0.0888897,-0.341591096,52,194
IRIS_313-12028,-1.341612045,-0.255991226,-0.212415145,53,202
IRIS_313-12029,-0.824039036,0.830230518,0.586908702,NA,NA
IRIS_313-12049,-0.2182625,1.766181948,0.347103981,57,146
IRIS_313-12071,0.362594108,0.949707853,-3.52874132,54,169
IRIS_313-12076,-1.341243295,-0.514071612,-0.303873396,57,162
IRIS_313-12077,-1.782857574,-1.431442225,-0.402482174,56,205
IRIS_313-12121,1.887329706,1.640196852,-1.52633128,60,196
IRIS_313-12127,-0.162085157,1.712069899,0.378437842,58,144
IRIS_313-12128,-0.162085157,1.712069899,0.378437842,58,144
IRIS_313-12129,0.087635883,0.163618267,-3.040720499,NA,NA
IRIS_313-12130,0.854248889,2.089040656,-0.846456216,56,191
IRIS_313-12131,-0.089896489,1.705300056,-0.316757153,56,129
IRIS_313-12133,0.071264859,1.075417341,-0.255391244,55,159
IRIS_313-12134,1.887329706,1.640196852,-1.52633128,60,196
IRIS_313-12190,-1.291811958,-0.513179693,-0.292724557,51,191
IRIS_313-12193,0.087635883,0.163618267,-3.040720499,NA,NA
IRIS_313-12194,1.887329706,1.640196852,-1.52633128,60,196
IRIS_313-12207,-1.291811958,-0.513179693,-0.292724557,51,191
IRIS_313-12220,-0.007839726,1.467281808,-0.843567533,56,127
IRIS_313-12221,-0.007839726,1.467281808,-0.843567533,56,127
IRIS_313-12222,-0.162085157,1.712069899,0.378437842,58,144
IRIS_313-12224,-0.007839726,1.467281808,-0.843567533,56,127
IRIS_313-12225,0.071264859,1.075417341,-0.255391244,55,159
IRIS_313-12226,-1.328761172,-0.0888897,-0.341591096,52,194
IRIS_313-12227,-0.162085157,1.712069899,0.378437842,58,144
IRIS_313-12228,-0.93501826,0.723506171,0.629525007,58,178
IRIS_313-12229,-1.328761172,-0.0888897,-0.341591096,52,194
IRIS_313-12231,-0.007839726,1.467281808,-0.843567533,56,127
IRIS_313-12242,0.006899128,0.358492289,-3.085004393,51,225
IRIS_313-12252,0.187256441,0.142982052,-1.763061093,55,186
IRIS_313-12254,-1.218439483,0.070244168,-0.419147868,52,186
IRIS_313-12257,-0.78877114,0.376690704,-0.628166194,54,192
IRIS_313-12258,-1.291811958,-0.513179693,-0.292724557,51,191
IRIS_313-12259,1.217592668,1.742187177,-1.787242312,58,195
IRIS_313-12260,0.071264859,1.075417341,-0.255391244,55,159
IRIS_313-12261,-0.200828307,1.778358436,-0.140096421,58,171
IRIS_313-12262,-0.78877114,0.376690704,-0.628166194,54,192
IRIS_313-12263,0.368583364,1.78276428,0.005427367,58,172
IRIS_313-12265,-1.218439483,0.070244168,-0.419147868,52,186
IRIS_313-12297,-1.015478333,0.961778571,0.652751868,58,171
IRIS_313-12299,-0.007839726,1.467281808,-0.843567533,55,138
IRIS_313-12300,-1.174520515,-0.364172486,-0.699115253,52,211
IRIS_313-12301,0.006899128,0.358492289,-3.085004393,51,225
IRIS_313-12302,-0.824039036,0.830230518,0.586908702,52,223
IRIS_313-12303,-0.824039036,0.830230518,0.586908702,NA,NA
IRIS_313-12305,-0.067853524,1.695012927,0.195990825,57,148
IRIS_313-12307,-0.844242358,0.485817222,-0.491316559,54,197
IRIS_313-12308,0.071264859,1.075417341,-0.255391244,55,159
IRIS_313-12309,0.004540105,1.50832135,-0.416534663,54,151
IRIS_313-12311,-1.291811958,-0.513179693,-0.292724557,51,191
IRIS_313-12312,-1.152453174,0.608538869,0.578557375,53,204
IRIS_313-12313,-1.015478333,0.961778571,0.652751868,58,171
IRIS_313-12321,0.549325398,0.788536651,-0.677888526,56,157
IRIS_313-12329,-0.93991799,1.375498083,1.25401178,56,149
IRIS_313-12332,-0.985319958,0.427528062,-0.170465393,51,173
IRIS_313-12334,-0.814533606,1.023192374,0.990462779,59,159
IRIS_313-12336,-1.17801329,0.19334624,-0.434591071,54,201
IRIS_313-12337,-1.341612045,-0.255991226,-0.212415145,52,191
IRIS_313-12341,-1.246140693,-0.069117272,0.015526334,52,205
IRIS_313-12342,-1.200781371,0.419553275,0.173175488,55,178
IRIS_313-12344,-1.319095869,-0.19459235,-0.268584748,51,203
IRIS_313-12346,-1.015478333,0.961778571,0.652751868,57,158
IRIS_313-12347,-1.426704342,-0.807611378,-0.294472492,56,168
IRIS_313-12348,-1.152998289,-0.076794594,-0.46441492,52,194
IRIS_313-12349,-1.17801329,0.19334624,-0.434591071,54,188
IRIS_313-12350,-0.985319958,0.427528062,-0.170465393,54,213
IRIS_313-12352,-1.125391098,-0.066863111,-0.268000419,54,197
IRIS_313-12353,-1.534579993,-1.105180062,-0.63083132,55,213
IRIS_313-12354,-0.881230724,0.655582909,-0.380049154,52,207
IRIS_313-12355,-0.95714332,0.589997454,0.012019308,56,209
IRIS_313-8638,-0.208637863,1.804571647,0.359797658,NA,NA
IRIS_313-9198,-0.109170374,1.380025024,-1.343073855,53,178
IRGC_31,4.936932445,-1.788710795,-0.813103256,49,177
IRGC_44076,4.94805054,-4.468600072,0.597840085,50,204
IRGC_71494,2.635630918,-2.90432815,1.832706671,54,245
IRGC_71524,2.455833416,-3.57992899,1.594769727,52,248
IRGC_71528,4.230601884,-1.361234917,1.24009253,51,282
IRGC_71589,5.105772605,-1.903901391,0.348988725,53,246
IRGC_71598,3.186144311,-2.411747517,1.684852139,53,212
IRIS_313-10428,4.936932445,-1.788710795,-0.813103256,49,177
IRIS_313-10684,3.78952917,-1.160783449,1.231605927,55,225
IRIS_313-10687,4.790034516,-1.272773063,-0.464094619,NA,NA
IRIS_313-10688,4.936932445,-1.788710795,-0.813103256,49,177
IRIS_313-10694,4.936932445,-1.788710795,-0.813103256,49,177
IRIS_313-10695,4.936932445,-1.788710795,-0.813103256,49,177
IRIS_313-10697,4.936932445,-1.788710795,-0.813103256,49,177
IRIS_313-10698,4.936932445,-1.788710795,-0.813103256,49,177
IRIS_313-10699,4.936932445,-1.788710795,-0.813103256,49,177
IRIS_313-10700,4.936932445,-1.788710795,-0.813103256,49,177
IRIS_313-10701,4.936932445,-1.788710795,-0.813103256,49,177
IRIS_313-10702,4.936932445,-1.788710795,-0.813103256,49,177
IRIS_313-10703,4.936932445,-1.788710795,-0.813103256,49,177
IRIS_313-10704,3.279143348,-2.465538415,1.926623179,55,207
IRIS_313-10705,4.936932445,-1.788710795,-0.813103256,49,177
IRIS_313-10706,4.936932445,-1.788710795,-0.813103256,49,177
IRIS_313-10707,4.936932445,-1.788710795,-0.813103256,49,177
IRIS_313-11328,5.508511654,-3.531054776,0.47976069,49,150
IRIS_313-11329,4.94805054,-4.468600072,0.597840085,50,204
IRIS_313-11848,2.734713934,-4.245141384,1.446100911,50,259
IRIS_313-11849,4.936932445,-1.788710795,-0.813103256,49,177
IRIS_313-11850,4.936932445,-1.788710795,-0.813103256,49,177
IRIS_313-12005,4.936932445,-1.788710795,-0.813103256,49,177
IRIS_313-12006,4.936932445,-1.788710795,-0.813103256,49,177
IRIS_313-12030,4.936932445,-1.788710795,-0.813103256,49,177
IRIS_313-12070,3.622411954,-2.846705114,1.695710779,51,225
IRIS_313-12108,5.441735468,-2.907655051,0.843722077,48,222
IRIS_313-12135,5.441735468,-2.907655051,0.843722077,48,222
IRIS_313-12285,4.936932445,-1.788710795,-0.813103256,49,177
IRIS_313-8279,2.53232283,-3.546770105,1.499614289,53,230
IRIS_313-8312,4.537271261,-2.275950382,1.103310136,52,314
IRIS_313-8316,4.936932445,-1.788710795,-0.813103256,49,177
IRIS_313-8407,4.936932445,-1.788710795,-0.813103256,49,177
IRIS_313-8439,4.936932445,-1.788710795,-0.813103256,49,177
IRIS_313-8468,4.936932445,-1.788710795,-0.813103256,49,177
IRIS_313-8492,4.914680915,-1.819308874,0.400238485,52,262
IRIS_313-8557,4.936932445,-1.788710795,-0.813103256,49,177
IRIS_313-8591,4.936932445,-1.788710795,-0.813103256,49,177
IRIS_313-8626,4.94805054,-4.468600072,0.597840085,50,204
IRIS_313-8723,4.936932445,-1.788710795,-0.813103256,49,177
IRIS_313-8781,4.936932445,-1.788710795,-0.813103256,49,177
IRIS_313-8811,3.685959247,-0.876981431,1.059155924,55,273
IRIS_313-8883,2.635630918,-2.90432815,1.832706671,54,247
IRIS_313-8894,5.105772605,-1.903901391,0.348988725,54,255
IRIS_313-8987,2.947327322,-2.812155644,1.815312976,51,214
IRIS_313-9050,2.920170169,-2.149157436,2.106391326,52,230
IRIS_313-9070,4.936932445,-1.788710795,-0.813103256,49,177
IRIS_313-9101,2.920170169,-2.149157436,2.106391326,52,183
IRIS_313-9102,4.822597544,-1.875317869,0.756164465,50,288
IRIS_313-9187,2.635630918,-2.90432815,1.832706671,55,255
IRIS_313-9210,4.936932445,-1.788710795,-0.813103256,49,177
IRIS_313-9375,4.096334864,-2.609262523,1.612370637,53,219
IRIS_313-9558,2.885454535,-1.848518398,2.344031022,52,202
IRIS_313-9582,5.441735468,-2.907655051,0.843722077,48,222
IRIS_313-9694,3.225716311,-2.314083306,1.881068028,52,184
IRIS_313-9699,4.936932445,-1.788710795,-0.813103256,49,177
IRGC_33130,-0.690172097,1.07526033,0.225716729,56,218
IRGC_33888,-0.690172097,1.07526033,0.225716729,56,218
IRIS_313-11195,-0.690172097,1.07526033,0.225716729,56,218
IRIS_313-11405,-0.690172097,1.07526033,0.225716729,56,218
IRIS_313-11541,0.044623549,2.032001654,-0.447092757,62,231
IRIS_313-11542,-2.196593292,-0.850776099,0.418883724,55,242
IRIS_313-11543,1.080363731,2.573835106,-3.253319603,60,235
IRIS_313-11544,-2.196593292,-0.850776099,0.418883724,55,242
IRIS_313-11545,-1.298574771,0.866503774,-0.571542063,55,207
IRIS_313-11546,-1.298574771,0.866503774,-0.571542063,55,207
IRIS_313-11547,-2.196593292,-0.850776099,0.418883724,55,242
IRIS_313-11548,-1.298574771,0.866503774,-0.571542063,55,207
IRIS_313-11549,-1.298574771,0.866503774,-0.571542063,55,207
IRIS_313-11816,-0.690172097,1.07526033,0.225716729,56,218
IRIS_313-11817,-0.690172097,1.07526033,0.225716729,56,218
IRIS_313-11818,-0.690172097,1.07526033,0.225716729,56,218
IRIS_313-11819,-0.690172097,1.07526033,0.225716729,56,218
IRIS_313-11820,-0.690172097,1.07526033,0.225716729,56,218
IRIS_313-11993,0.865680204,2.024296702,-1.399027578,63,235
IRIS_313-12050,-2.473486156,-1.075933321,0.387829205,60,177
IRIS_313-12074,0.865680204,2.024296702,-1.399027578,63,235
IRIS_313-12266,-1.969900781,-0.262045388,-0.247630566,55,224
IRIS_313-12268,-0.043207626,0.067347427,-5.348907139,55,219
IRIS_313-12269,2.016105872,1.322698187,-7.996670234,53,226
IRIS_313-12270,-0.043207626,0.067347427,-5.348907139,55,219
IRIS_313-12286,2.756169268,2.258629629,-5.978663507,NA,NA
IRIS_313-12287,2.756169268,2.258629629,-5.978663507,NA,NA
IRIS_313-12288,4.154749643,0.342749861,-3.2621146,NA,NA
IRIS_313-12289,-1.379908241,0.748895819,1.096483884,57,120
IRIS_313-12290,-0.849001629,0.618484617,-2.123037019,54,201
IRIS_313-12291,-1.600022765,0.478844276,0.875747054,59,178
IRIS_313-12292,4.154749643,0.342749861,-3.2621146,NA,NA
IRIS_313-12296,2.405288419,1.155140896,-4.608099147,55,231
IRIS_313-8659,-1.298574771,0.866503774,-0.571542063,55,207
IRIS_313-8751,0.699745771,2.518553714,-1.221610872,65,295
IRIS_313-8793,-2.196593292,-0.850776099,0.418883724,55,242
IRIS_313-9182,-0.690172097,1.07526033,0.225716729,56,218
IRGC_61953,-4.863416122,-5.625179816,-0.023236522,58,243
IRIS_313-10007,-2.0247605,2.614259618,-0.751491199,64,154
IRIS_313-10924,-4.863416122,-5.625179816,-0.023236522,58,243
IRIS_313-10925,-4.863416122,-5.625179816,-0.023236522,58,243
IRIS_313-10926,-4.863416122,-5.625179816,-0.023236522,58,243
IRIS_313-10927,-4.863416122,-5.625179816,-0.023236522,58,243
IRIS_313-11561,-1.766677465,1.995681985,-1.132951197,60,153
IRIS_313-11563,-1.867081652,2.111135234,-0.991915809,67,166
IRIS_313-11564,-1.466674589,1.839927506,-0.65006911,64,165
IRIS_313-11565,-1.84222586,1.852170547,-1.240337517,66,146
IRIS_313-11566,-0.450113347,1.676949675,-3.603260206,54,150
IRIS_313-11567,-1.9750645,1.650493468,-1.185960292,66,162
IRIS_313-11568,-3.095471173,-2.159847979,-2.516445055,NA,NA
IRIS_313-11624,-2.23330324,-0.873037692,-3.040317674,55,214
IRIS_313-11625,-2.23330324,-0.873037692,-3.040317674,55,214
IRIS_313-11626,-3.342062985,-2.588894905,-1.242640564,58,245
IRIS_313-11627,-5.078023629,-5.903312198,0.036314435,57,239
IRIS_313-11629,-2.344626357,-0.552483987,-0.445287634,58,208
IRIS_313-11630,-2.732482988,-1.407523398,-1.560346958,59,256
IRIS_313-11632,-1.885038781,-0.368272445,-3.357411564,55,194
IRIS_313-11671,-1.889800852,2.121413357,-1.618234218,66,167
IRIS_313-11672,-7.9976694,-8.717755924,0.527486875,67,284
IRIS_313-11943,-4.863416122,-5.625179816,-0.023236522,58,243
IRIS_313-11944,-4.863416122,-5.625179816,-0.023236522,58,243
IRIS_313-12093,-4.863416122,-5.625179816,-0.023236522,58,243
IRIS_313-12139,-2.785851036,-1.157967075,-0.661193145,57,238
IRIS_313-12180,-2.759294291,-0.824980664,-1.673104437,59,228
IRIS_313-12182,-1.920074662,-0.314313007,-0.64927991,57,175
IRIS_313-12183,-5.183221991,-5.511002109,0.395178521,66,274
IRIS_313-7933,-3.017631588,-1.513174242,-2.128156598,NA,NA
IRIS_313-9698,-8.601698422,-4.809095275,-0.633409197,59,204
IRGC_27798,-4.383520003,1.348925676,2.678568809,77,200
IRGC_27819,-4.383520003,1.348925676,2.678568809,77,200
IRGC_27869,-4.383520003,1.348925676,2.678568809,77,200
IRGC_28134,-4.383520003,1.348925676,2.678568809,77,200
IRGC_38698,-5.876285978,-4.734011457,1.836429691,69,209
IRGC_67019,-3.72673025,2.761887475,1.783901915,86,160
IRGC_73118,-4.075165445,2.338995076,2.842426919,78,199
IRGC_73124,-3.383762059,4.641165258,3.498163671,83,164
IRGC_73126,-3.383762059,4.641165258,3.498163671,83,164
IRIS_313-11020,-4.383520003,1.348925676,2.678568809,77,200
IRIS_313-11021,-4.383520003,1.348925676,2.678568809,77,200
IRIS_313-11022,-4.383520003,1.348925676,2.678568809,77,200
IRIS_313-11023,-4.383520003,1.348925676,2.678568809,77,200
IRIS_313-11024,-4.383520003,1.348925676,2.678568809,77,200
IRIS_313-11025,-4.383520003,1.348925676,2.678568809,77,200
IRIS_313-11026,-4.383520003,1.348925676,2.678568809,77,200
IRIS_313-11027,-4.383520003,1.348925676,2.678568809,77,200
IRIS_313-11028,-3.446077099,4.44407817,2.883142505,81,160
IRIS_313-11029,-4.383520003,1.348925676,2.678568809,77,200
IRIS_313-11030,-4.383520003,1.348925676,2.678568809,77,200
IRIS_313-11031,-4.383520003,1.348925676,2.678568809,77,200
IRIS_313-11032,-4.383520003,1.348925676,2.678568809,77,200
IRIS_313-11033,-2.82458408,3.991540372,2.849572778,81,163
IRIS_313-11034,-4.383520003,1.348925676,2.678568809,77,200
IRIS_313-11035,-2.82458408,3.991540372,2.849572778,81,163
IRIS_313-11036,-4.383520003,1.348925676,2.678568809,77,200
IRIS_313-11037,-4.383520003,1.348925676,2.678568809,77,200
IRIS_313-11829,-4.490905057,-1.202518543,2.268279485,74,180
IRIS_313-11888,-3.499573968,3.029550799,3.134334642,79,170
IRIS_313-11889,-2.585611532,3.531437185,3.45651174,81,148
IRIS_313-8390,-4.383520003,1.348925676,2.678568809,77,200
IRIS_313-8398,-4.383520003,1.348925676,2.678568809,77,200
IRIS_313-9283,-3.383762059,4.641165258,3.498163671,83,164
IRIS_313-9449,-3.372218694,3.327354115,3.22227355,80,176
IRIS_313-9601,-2.948960091,3.713518242,3.274359298,80,173
IRIS_313-9695,-4.075165445,2.338995076,2.842426919,78,199
IRGC_121705,1.762625658,-1.303451424,-0.414882495,56,210
IRGC_23364,1.902846122,0.31942263,0.851788293,61,258
IRGC_26872,2.822464672,-0.919056172,0.934658965,56,191
IRGC_328,1.872339096,-0.218447127,1.322898319,55,212
IRGC_3849,1.762625658,-1.303451424,-0.414882495,56,210
IRGC_4020,1.762625658,-1.303451424,-0.414882495,56,210
IRGC_44455,1.262488263,0.658626045,1.174977372,59,227
IRGC_44513,1.816653111,-1.590138283,-0.6403565,56,217
IRGC_44600,1.485117949,1.56682434,-1.013027766,64,280
IRGC_5423,1.762625658,-1.303451424,-0.414882495,56,210
IRGC_55418,1.580632946,-2.331247242,-0.6347745,54,258
IRGC_67428,2.007213035,0.185716836,1.129428364,56,210
IRGC_67429,1.665273512,1.095528217,-0.709304201,63,270
IRGC_67431,2.007213035,0.185716836,1.129428364,56,210
IRGC_74606,1.756670172,0.353427009,0.699520954,56,215
IRGC_8182,1.762625658,-1.303451424,-0.414882495,56,210
IRGC_8244,1.762625658,-1.303451424,-0.414882495,56,210
IRGC_8245,1.762625658,-1.303451424,-0.414882495,56,210
IRGC_9804,1.762625658,-1.303451424,-0.414882495,56,210
IRIS_313-10433,1.762625658,-1.303451424,-0.414882495,56,210
IRIS_313-10489,1.762625658,-1.303451424,-0.414882495,56,210
IRIS_313-10510,1.762625658,-1.303451424,-0.414882495,56,210
IRIS_313-10511,1.762625658,-1.303451424,-0.414882495,56,210
IRIS_313-10514,1.762625658,-1.303451424,-0.414882495,56,210
IRIS_313-10577,0.727550541,-2.917284025,-1.306221844,52,246
IRIS_313-10578,1.816653111,-1.590138283,-0.6403565,56,217
IRIS_313-10580,1.816653111,-1.590138283,-0.6403565,56,217
IRIS_313-10581,2.583732317,-0.927189849,1.395737161,52,172
IRIS_313-10582,0.727550541,-2.917284025,-1.306221844,54,264
IRIS_313-10644,0.791026326,-0.296465221,0.897105975,57,196
IRIS_313-10645,0.791026326,-0.296465221,0.897105975,57,196
IRIS_313-10827,1.799858773,-0.26314466,1.33842456,55,202
IRIS_313-10828,1.872339096,-0.218447127,1.322898319,55,212
IRIS_313-10829,1.872339096,-0.218447127,1.322898319,55,212
IRIS_313-10830,1.942590906,0.470269179,1.479086158,56,220
IRIS_313-10831,1.872339096,-0.218447127,1.322898319,55,212
IRIS_313-10832,1.872339096,-0.218447127,1.322898319,55,212
IRIS_313-10917,1.293528025,-0.728057027,-1.520415742,54,216
IRIS_313-10918,1.293528025,-0.728057027,-1.520415742,54,216
IRIS_313-10919,1.293528025,-0.728057027,-1.520415742,54,216
IRIS_313-10920,1.293528025,-0.728057027,-1.520415742,54,216
IRIS_313-10931,0.57203296,-0.565979572,-1.308465051,54,212
IRIS_313-10990,2.785947476,-0.24292593,1.661529119,55,213
IRIS_313-10991,2.396270081,0.663124826,0.756539651,NA,NA
IRIS_313-10992,2.986076154,-0.660835228,0.147139051,56,295
IRIS_313-10993,1.450524669,-2.797808664,-0.697188634,53,248
IRIS_313-10994,1.450524669,-2.797808664,-0.697188634,53,248
IRIS_313-11097,2.226093264,0.145363515,2.493768105,NA,NA
IRIS_313-11196,1.674656289,1.350344113,-2.492675295,62,271
IRIS_313-11234,1.501297318,1.367615978,0.483477727,64,316
IRIS_313-11330,1.605222761,-0.533364489,-1.115580351,55,214
IRIS_313-11331,1.764801965,0.167245539,-0.258687129,64,310
IRIS_313-11334,1.764801965,0.167245539,-0.258687129,64,310
IRIS_313-11335,1.268423373,1.252501884,-1.176732603,58,192
IRIS_313-11336,3.413857774,0.893729216,-1.289031112,61,212
IRIS_313-11337,3.263500408,-0.534512715,1.041671299,53,165
IRIS_313-11338,3.170419543,-0.280654536,1.193796849,54,199
IRIS_313-11339,1.762625658,-1.303451424,-0.414882495,56,210
IRIS_313-11340,1.721855491,1.593554605,-2.052971894,61,191
IRIS_313-11341,1.764801965,0.167245539,-0.258687129,64,310
IRIS_313-11342,0.827532852,-3.509059242,-1.155588317,53,251
IRIS_313-11343,1.626810497,1.079267131,-1.494494732,66,288
IRIS_313-11344,1.615534452,2.010240192,-0.952931855,63,347
IRIS_313-11345,1.764801965,0.167245539,-0.258687129,64,310
IRIS_313-11346,2.997151115,-0.867989267,0.319296526,55,268
IRIS_313-11347,1.721855491,1.593554605,-2.052971894,NA,NA
IRIS_313-11377,1.780435905,1.031476616,-2.013010622,54,217
IRIS_313-11379,2.403608542,-0.236773198,1.0078396,57,135
IRIS_313-11380,4.367959977,-2.0799189,0.413202799,52,195
IRIS_313-11381,1.516815432,-1.618516147,0.027708983,55,206
IRIS_313-11424,1.497022342,-1.346455156,-0.264582458,55,203
IRIS_313-11441,3.144332647,-0.830555795,1.37084148,54,192
IRIS_313-11463,3.435975998,-0.818862148,-0.377738816,53,208
IRIS_313-11464,5.52679349,-2.415735281,0.396335236,50,159
IRIS_313-11465,2.986076154,-0.660835228,0.147139051,56,295
IRIS_313-11467,2.822464672,-0.919056172,0.934658965,56,191
IRIS_313-11471,1.609268587,1.74869812,-1.660085774,58,187
IRIS_313-11472,-0.040746382,-2.06555674,-1.244256699,54,200
IRIS_313-11473,-0.188959288,-2.921186349,-1.498146051,52,215
IRIS_313-11485,0.791368053,-0.323593416,1.036938881,NA,NA
IRIS_313-11511,1.450524669,-2.797808664,-0.697188634,53,281
IRIS_313-11512,1.580632946,-2.331247242,-0.6347745,54,258
IRIS_313-11532,2.822464672,-0.919056172,0.934658965,56,191
IRIS_313-11673,1.799858773,-0.26314466,1.33842456,55,202
IRIS_313-11736,1.665273512,1.095528217,-0.709304201,59,262
IRIS_313-11788,1.972591841,0.266166989,0.381570948,NA,NA
IRIS_313-11851,1.013209669,-1.723865643,-0.097384049,54,216
IRIS_313-11913,2.921212547,-0.168881481,2.158651001,55,180
IRIS_313-11928,1.872339096,-0.218447127,1.322898319,55,212
IRIS_313-11929,1.872339096,-0.218447127,1.322898319,55,212
IRIS_313-11934,3.078122998,-0.19442712,0.858710535,54,232
IRIS_313-11959,3.027837769,-0.084789313,1.438660906,55,182
IRIS_313-11994,2.930842348,0.898999508,-1.821581956,62,220
IRIS_313-11995,2.930842348,0.898999508,-1.821581956,62,220
IRIS_313-11996,2.350822494,-1.016742754,-0.317019854,55,218
IRIS_313-12051,1.762625658,-1.303451424,-0.414882495,56,210
IRIS_313-12066,1.762625658,-1.303451424,-0.414882495,56,210
IRIS_313-12067,1.762625658,-1.303451424,-0.414882495,56,210
IRIS_313-12073,2.930842348,0.898999508,-1.821581956,62,220
IRIS_313-12080,1.762625658,-1.303451424,-0.414882495,56,210
IRIS_313-12081,1.762625658,-1.303451424,-0.414882495,56,210
IRIS_313-12244,2.113621387,1.033912108,0.2419403,NA,NA
IRIS_313-12271,1.876593242,-0.28619028,1.380342511,54,174
IRIS_313-12272,1.691576938,-0.732205677,1.265575652,53,201
IRIS_313-8292,1.762625658,-1.303451424,-0.414882495,56,210
IRIS_313-8356,1.314296788,0.413491676,0.367474421,55,182
IRIS_313-8383,1.762625658,-1.303451424,-0.414882495,56,210
IRIS_313-8431,1.497022342,-1.346455156,-0.264582458,55,203
IRIS_313-8567,1.788249966,1.917371104,-1.619121767,61,295
IRIS_313-8594,1.756670172,0.353427009,0.699520954,56,215
IRIS_313-8948,1.399608272,1.389379634,-1.436666736,57,228
IRIS_313-9389,1.756670172,0.353427009,0.699520954,NA,NA
IRIS_313-9423,1.665273512,1.095528217,-0.709304201,63,270
IRIS_313-9505,1.762625658,-1.303451424,-0.414882495,56,210
IRIS_313-9616,1.665273512,1.095528217,-0.709304201,59,262
IRIS_313-9897,1.843872245,0.10525827,1.40546479,NA,NA
IRIS_313-9928,1.516815432,-1.618516147,0.027708983,55,276
IRIS_313-9929,1.000389063,0.681486624,0.672597853,57,200
IRGC_117276,-5.856643156,-2.989399671,-0.74555818,58,158
IRIS_313-10065,-5.856643156,-2.989399671,-0.74555818,58,158
IRIS_313-10067,-5.856643156,-2.989399671,-0.74555818,58,158
IRIS_313-10092,-4.956231977,-2.203699183,-0.395258347,56,178
IRIS_313-10093,-5.008108338,-2.239877266,-0.49251089,56,216
IRIS_313-10094,-4.956231977,-2.203699183,-0.395258347,55,187
IRIS_313-10096,-5.846022133,-2.175715545,-0.122346025,64,167
IRIS_313-10097,-5.008108338,-2.239877266,-0.49251089,56,216
IRIS_313-10124,-5.992508793,-2.649821609,-1.023382596,NA,NA
IRIS_313-10837,-5.856643156,-2.989399671,-0.74555818,58,158
IRIS_313-10838,-5.856643156,-2.989399671,-0.74555818,58,158
IRIS_313-10839,-5.856643156,-2.989399671,-0.74555818,58,158
IRIS_313-10840,-5.856643156,-2.989399671,-0.74555818,58,158
IRIS_313-11973,-5.558637437,-2.64360608,-0.185085489,60,170
IRIS_313-12217,-5.856643156,-2.989399671,-0.74555818,58,158
IRIS_313-9379,-5.856643156,-2.989399671,-0.74555818,58,158
IRIS_313-9886,-5.856643156,-2.989399671,-0.74555818,58,158
IRIS_313-9887,-5.856643156,-2.989399671,-0.74555818,58,158
IRIS_313-9890,-5.856643156,-2.989399671,-0.74555818,58,158
IRIS_313-9891,-5.856643156,-2.989399671,-0.74555818,58,158
IRIS_313-9974,-5.856643156,-2.989399671,-0.74555818,58,158
IRIS_313-9976,-5.856643156,-2.989399671,-0.74555818,58,158
IRGC_47383,2.209697898,0.831311257,1.14182043,NA,NA
IRGC_51064,1.442907094,1.137154446,1.281632387,58,180
IRGC_8952,3.940755056,-0.997642174,-0.593631803,NA,NA
IRIS_313-10020,4.481137951,-1.39922197,-0.882771238,52,203
IRIS_313-10298,1.707149965,0.511429185,1.150058876,57,185
IRIS_313-10609,4.040553267,-1.533474138,0.196421223,NA,NA
IRIS_313-10610,1.66110834,-0.84520096,1.274322023,54,155
IRIS_313-10661,0.916684187,-1.92541817,1.009383169,51,159
IRIS_313-10662,3.942707256,-1.083770629,-0.194778994,NA,NA
IRIS_313-10715,4.040553267,-1.533474138,0.196421223,NA,NA
IRIS_313-10716,3.940755056,-0.997642174,-0.593631803,NA,NA
IRIS_313-10717,1.63627014,1.669267974,0.824312904,63,269
IRIS_313-10718,2.48329013,1.097952093,0.860419703,NA,NA
IRIS_313-10719,2.48329013,1.097952093,0.860419703,NA,NA
IRIS_313-10720,1.516253867,0.928386112,1.628397509,58,198
IRIS_313-10721,1.516253867,0.928386112,1.628397509,58,198
IRIS_313-10722,4.264320817,-2.179005755,-1.43122328,53,300
IRIS_313-11110,3.942707256,-1.083770629,-0.194778994,NA,NA
IRIS_313-11191,4.040553267,-1.533474138,0.196421223,NA,NA
IRIS_313-11382,2.740217641,-2.140077636,0.846717258,NA,NA
IRIS_313-11741,4.481137951,-1.39922197,-0.882771238,53,246
IRIS_313-11916,4.435107699,-1.44434124,-0.652700467,53,263
IRIS_313-8244,1.66110834,-0.84520096,1.274322023,54,155
IRIS_313-8342,3.479335514,-1.280313775,1.062314896,52,214
IRIS_313-8699,1.408545346,1.128336339,1.614900493,58,169
IRIS_313-8783,3.249322723,-0.972240581,1.351310298,NA,NA
IRIS_313-8925,4.264320817,-2.179005755,-1.43122328,53,300
IRIS_313-8968,2.209697898,0.831311257,1.14182043,NA,NA
IRIS_313-9039,2.366711715,0.196772633,1.116454624,NA,NA
IRIS_313-9256,3.942707256,-1.083770629,-0.194778994,NA,NA
IRIS_313-9636,3.942707256,-1.083770629,-0.194778994,NA,NA
IRIS_313-9809,1.63627014,1.669267974,0.824312904,63,269
IRIS_313-9831,3.940755056,-0.997642174,-0.593631803,NA,NA
IRIS_313-9832,2.48329013,1.097952093,0.860419703,NA,NA
IRIS_313-9861,1.63627014,1.669267974,0.824312904,63,269
IRIS_313-9862,1.63627014,1.669267974,0.824312904,63,269
IRIS_313-9867,2.740217641,-2.140077636,0.846717258,NA,NA
IRIS_313-9917,1.707149965,0.511429185,1.150058876,57,185
IRIS_313-9949,0.916684187,-1.92541817,1.009383169,52,139
IRIS_313-9968,1.651677433,1.226386595,0.917044503,58,221
IRIS_313-9969,1.892003885,1.132457176,1.363343349,NA,NA
IRIS_313-9970,1.892003885,1.132457176,1.363343349,NA,NA
IRGC_10430,-0.475129237,-0.580848643,-2.309694767,53,216
IRGC_117279,-0.475129237,-0.580848643,-2.309694767,53,216
IRGC_42576,-0.475129237,-0.580848643,-2.309694767,53,216
IRGC_5508,-0.475129237,-0.580848643,-2.309694767,53,216
IRGC_65293,-0.475129237,-0.580848643,-2.309694767,53,216
IRGC_8196,-0.475129237,-0.580848643,-2.309694767,53,216
IRGC_8238,-0.475129237,-0.580848643,-2.309694767,53,216
IRGC_8242,-0.475129237,-0.580848643,-2.309694767,53,216
IRGC_8267,-0.475129237,-0.580848643,-2.309694767,53,216
IRGC_8268,-0.475129237,-0.580848643,-2.309694767,53,216
IRGC_8269,-0.475129237,-0.580848643,-2.309694767,53,216
IRIS_313-10429,-0.475129237,-0.580848643,-2.309694767,53,216
IRIS_313-10515,-0.475129237,-0.580848643,-2.309694767,53,216
IRIS_313-10631,-0.475129237,-0.580848643,-2.309694767,53,216
IRIS_313-11692,-0.475129237,-0.580848643,-2.309694767,53,216
IRIS_313-11693,-0.475129237,-0.580848643,-2.309694767,53,216
IRIS_313-11694,-0.475129237,-0.580848643,-2.309694767,53,216
IRIS_313-11695,-0.475129237,-0.580848643,-2.309694767,53,216
IRIS_313-11698,-0.475129237,-0.580848643,-2.309694767,53,216
IRIS_313-11981,-0.475129237,-0.580848643,-2.309694767,53,216
IRIS_313-8743,-0.475129237,-0.580848643,-2.309694767,53,216
IRIS_313-9701,-0.475129237,-0.580848643,-2.309694767,53,216
IRIS_313-9702,-0.475129237,-0.580848643,-2.309694767,53,216
IRIS_313-9758,-0.475129237,-0.580848643,-2.309694767,53,216
IRGC_24224,1.001438483,1.273449598,1.353616317,57,190
IRGC_27716,-1.141301849,1.823380634,1.712053037,NA,NA
IRGC_27748,1.103788225,1.826617557,1.233841482,54,248
IRGC_27762,1.001438483,1.273449598,1.353616317,57,190
IRGC_30238,1.001438483,1.273449598,1.353616317,57,190
IRGC_40673,0.098925004,2.418623704,1.663450971,62,206
IRGC_78253,0.354159461,2.159720784,1.842143399,60,226
IRGC_78257,1.328917391,1.292446852,0.432836558,52,181
IRGC_78267,1.185879276,1.61533821,1.346606462,55,166
IRIS_313-10134,1.001438483,1.273449598,1.353616317,57,190
IRIS_313-10176,-1.774512544,0.149350677,1.392439696,56,175
IRIS_313-10650,2.366063114,-0.055281536,1.339662591,53,144
IRIS_313-10757,1.001438483,1.273449598,1.353616317,57,190
IRIS_313-10923,1.001438483,1.273449598,1.353616317,57,190
IRIS_313-10928,1.001438483,1.273449598,1.353616317,57,190
IRIS_313-11248,1.001438483,1.273449598,1.353616317,57,190
IRIS_313-11327,-0.296950513,2.071373837,1.587331862,56,149
IRIS_313-11386,1.001438483,1.273449598,1.353616317,57,190
IRIS_313-11387,1.001438483,1.273449598,1.353616317,57,190
IRIS_313-11388,-1.398812782,0.807581805,1.37179344,56,174
IRIS_313-11389,0.880669559,1.912034141,1.48146064,NA,NA
IRIS_313-11390,0.101446405,2.333882083,1.644343965,NA,NA
IRIS_313-11391,-0.277598295,2.485707887,1.768884285,NA,NA
IRIS_313-11392,-0.277598295,2.485707887,1.768884285,NA,NA
IRIS_313-11393,0.101446405,2.333882083,1.644343965,NA,NA
IRIS_313-11508,-0.114933246,2.031728454,1.70758913,58,254
IRIS_313-11509,1.001438483,1.273449598,1.353616317,57,190
IRIS_313-11530,1.001438483,1.273449598,1.353616317,57,190
IRIS_313-11534,2.74568873,0.390261666,0.731628712,52,194
IRIS_313-11535,2.588415507,0.002260716,1.276357829,52,160
IRIS_313-11608,2.057525074,-0.502049543,0.952089297,51,192
IRIS_313-11609,1.001438483,1.273449598,1.353616317,57,190
IRIS_313-11610,2.057525074,-0.502049543,0.952089297,51,192
IRIS_313-11611,2.247013736,0.791139408,1.206787934,53,128
IRIS_313-11635,-1.225650773,1.40144584,1.652715666,64,157
IRIS_313-11674,-0.374776825,2.30902674,1.623945469,NA,NA
IRIS_313-11676,-0.13461627,2.026589325,1.272635601,57,117
IRIS_313-11677,0.602240279,1.759735577,-0.726318936,59,196
IRIS_313-11678,-0.3231457,2.067013616,1.831880955,59,186
IRIS_313-11679,0.098925004,2.418623704,1.663450971,62,206
IRIS_313-11680,-0.174473419,1.873749855,1.760497894,NA,NA
IRIS_313-11681,0.098925004,2.418623704,1.663450971,62,206
IRIS_313-11682,-0.3231457,2.067013616,1.831880955,59,186
IRIS_313-11683,-0.277598295,2.485707887,1.768884285,NA,NA
IRIS_313-11684,-0.277598295,2.485707887,1.768884285,NA,NA
IRIS_313-11685,0.602240279,1.759735577,-0.726318936,59,196
IRIS_313-11686,1.001438483,1.273449598,1.353616317,57,190
IRIS_313-11687,-0.550125788,1.487135818,1.807297644,62,160
IRIS_313-11688,0.731765449,1.969819925,1.16589284,52,197
IRIS_313-11700,-0.810374527,1.948357691,1.502770618,NA,NA
IRIS_313-11704,0.354159461,2.159720784,1.842143399,NA,NA
IRIS_313-11705,-0.810374527,1.948357691,1.502770618,NA,NA
IRIS_313-11706,0.632114434,2.031214787,1.535811651,56,220
IRIS_313-11707,0.101446405,2.333882083,1.644343965,NA,NA
IRIS_313-11708,1.260231042,1.414961231,1.33792277,NA,NA
IRIS_313-11709,0.969528242,1.552759317,1.450349363,58,112
IRIS_313-11710,0.101446405,2.333882083,1.644343965,NA,NA
IRIS_313-11711,2.450305565,0.53753002,0.800052815,51,132
IRIS_313-11719,1.001438483,1.273449598,1.353616317,57,190
IRIS_313-11720,1.001438483,1.273449598,1.353616317,57,190
IRIS_313-11721,1.001438483,1.273449598,1.353616317,57,190
IRIS_313-11831,1.001438483,1.273449598,1.353616317,57,190
IRIS_313-11832,0.555141059,2.090165969,1.943696002,NA,NA
IRIS_313-11833,2.474300319,0.268706243,1.199382562,52,170
IRIS_313-11834,0.555141059,2.090165969,1.943696002,NA,NA
IRIS_313-11835,-0.162945346,2.041821418,1.189752638,NA,NA
IRIS_313-11836,0.528859974,1.793107919,1.317752777,57,194
IRIS_313-11837,0.837976855,1.658205355,1.34155042,57,150
IRIS_313-11838,-0.019767811,2.060750405,1.450698821,NA,NA
IRIS_313-11839,-0.174473419,1.873749855,1.760497894,NA,NA
IRIS_313-11840,2.474300319,0.268706243,1.199382562,52,170
IRIS_313-11841,0.528859974,1.793107919,1.317752777,57,194
IRIS_313-11842,3.041783737,0.055804278,0.399002661,NA,NA
IRIS_313-11843,-0.078773011,2.037852274,1.330942742,59,181
IRIS_313-11844,0.555141059,2.090165969,1.943696002,NA,NA
IRIS_313-11845,0.181969245,2.391694492,1.859718352,60,209
IRIS_313-11846,0.463290799,2.203632909,1.936332248,NA,NA
IRIS_313-11897,1.001438483,1.273449598,1.353616317,57,190
IRIS_313-11920,0.837976855,1.658205355,1.34155042,57,150
IRIS_313-11921,0.731765449,1.969819925,1.16589284,52,197
IRIS_313-11922,-0.810374527,1.948357691,1.502770618,NA,NA
IRIS_313-11923,-0.368975726,1.613322793,1.642907027,62,253
IRIS_313-11924,-0.810374527,1.948357691,1.502770618,NA,NA
IRIS_313-11925,1.585432576,1.169480111,-0.308144674,54,195
IRIS_313-11926,-0.92938653,1.873864262,1.381732954,NA,NA
IRIS_313-11927,-0.348443825,1.877382868,0.756021665,56,194
IRIS_313-11957,1.001438483,1.273449598,1.353616317,57,190
IRIS_313-11958,1.001438483,1.273449598,1.353616317,57,190
IRIS_313-11961,0.354871168,1.658115427,-1.548259641,54,138
IRIS_313-11962,0.632114434,2.031214787,1.535811651,56,220
IRIS_313-8466,2.695475571,0.352975103,0.58004611,54,179
IRIS_313-8474,-1.322767805,1.196709532,1.401469577,56,158
IRIS_313-8485,-0.296950513,2.071373837,1.587331862,56,149
IRIS_313-8565,-1.540497277,0.63766092,1.373666259,56,189
IRIS_313-8580,1.001438483,1.273449598,1.353616317,57,190
IRIS_313-8586,-0.810374527,1.948357691,1.502770618,NA,NA
IRIS_313-8599,1.001438483,1.273449598,1.353616317,57,190
IRIS_313-8674,-0.277598295,2.485707887,1.768884285,NA,NA
IRIS_313-8679,0.555141059,2.090165969,1.943696002,NA,NA
IRIS_313-8702,0.731765449,1.969819925,1.16589284,52,197
IRIS_313-8722,-0.185220865,2.031960036,1.126856642,57,82
IRIS_313-8732,1.001438483,1.273449598,1.353616317,57,190
IRIS_313-8785,0.463290799,2.203632909,1.936332248,NA,NA
IRIS_313-8870,0.969528242,1.552759317,1.450349363,58,112
IRIS_313-8872,0.041706199,1.461704088,1.270170256,57,184
IRIS_313-8884,0.555141059,2.090165969,1.943696002,NA,NA
IRIS_313-8911,1.001438483,1.273449598,1.353616317,57,190
IRIS_313-8980,-0.185220865,2.031960036,1.126856642,57,82
IRIS_313-9006,-0.810374527,1.948357691,1.502770618,NA,NA
IRIS_313-9019,-1.635736887,0.583801067,1.59328354,59,130
IRIS_313-9020,0.197834165,2.21764791,1.773327054,63,260
IRIS_313-9032,1.001438483,1.273449598,1.353616317,57,190
IRIS_313-9062,-0.810374527,1.948357691,1.502770618,NA,NA
IRIS_313-9112,1.001438483,1.273449598,1.353616317,57,190
IRIS_313-9115,1.001438483,1.273449598,1.353616317,57,190
IRIS_313-9116,1.001438483,1.273449598,1.353616317,57,190
IRIS_313-9119,1.001438483,1.273449598,1.353616317,57,190
IRIS_313-9121,0.463290799,2.203632909,1.936332248,NA,NA
IRIS_313-9123,0.463290799,2.203632909,1.936332248,NA,NA
IRIS_313-9209,-1.164638982,1.620741358,1.498444433,60,152
IRIS_313-9281,2.041587887,1.305158414,-1.3590491,52,166
IRIS_313-9288,-0.810374527,1.948357691,1.502770618,NA,NA
IRIS_313-9302,1.001438483,1.273449598,1.353616317,57,190
IRIS_313-9357,1.001438483,1.273449598,1.353616317,57,190
IRIS_313-9406,1.328917391,1.292446852,0.432836558,52,181
IRIS_313-9415,0.731765449,1.969819925,1.16589284,52,197
IRIS_313-9451,1.001438483,1.273449598,1.353616317,57,190
IRIS_313-9567,1.001438483,1.273449598,1.353616317,57,190
IRIS_313-9575,-0.277598295,2.485707887,1.768884285,NA,NA
IRIS_313-9600,-0.348443825,1.877382868,0.756021665,56,194
IRIS_313-9669,-1.16800166,1.61135667,1.490293052,56,160
IRIS_313-9697,2.423874129,0.20465847,1.408199161,52,166
IRGC_16800,0.265705829,0.008322725,-0.829724023,56,223
IRGC_16872,0.265705829,0.008322725,-0.829724023,56,223
IRGC_40748,-0.564432181,0.476654341,-0.475790367,61,209
IRGC_56036,-0.426114927,0.50485939,-0.802323097,NA,NA
IRGC_8227,0.265705829,0.008322725,-0.829724023,56,223
IRGC_8228,0.265705829,0.008322725,-0.829724023,56,223
IRGC_8231,0.265705829,0.008322725,-0.829724023,56,223
IRGC_8234,0.265705829,0.008322725,-0.829724023,56,223
IRIS_313-10554,0.265705829,0.008322725,-0.829724023,56,223
IRIS_313-10555,0.265705829,0.008322725,-0.829724023,56,223
IRIS_313-10556,0.265705829,0.008322725,-0.829724023,56,223
IRIS_313-10748,0.265705829,0.008322725,-0.829724023,56,223
IRIS_313-10749,0.265705829,0.008322725,-0.829724023,56,223
IRIS_313-10750,0.265705829,0.008322725,-0.829724023,56,223
IRIS_313-10751,0.265705829,0.008322725,-0.829724023,56,223
IRIS_313-10755,0.265705829,0.008322725,-0.829724023,56,223
IRIS_313-10970,0.265705829,0.008322725,-0.829724023,56,223
IRIS_313-11118,0.265705829,0.008322725,-0.829724023,56,223
IRIS_313-11119,0.265705829,0.008322725,-0.829724023,56,223
IRIS_313-11383,0.265705829,0.008322725,-0.829724023,56,223
IRIS_313-11384,0.265705829,0.008322725,-0.829724023,56,223
IRIS_313-11521,0.265705829,0.008322725,-0.829724023,56,223
IRIS_313-11594,0.265705829,0.008322725,-0.829724023,56,223
IRIS_313-11893,-1.758333791,-1.305363639,-1.325020244,56,163
IRIS_313-11894,-0.847908831,0.159818717,-0.255348884,55,176
IRIS_313-11895,0.265705829,0.008322725,-0.829724023,56,223
IRIS_313-11896,0.265705829,0.008322725,-0.829724023,56,223
IRIS_313-11984,-2.189712114,-2.885026916,-1.926916009,55,199
IRIS_313-12078,0.265705829,0.008322725,-0.829724023,56,223
IRIS_313-12210,-1.315450935,-0.827637254,-1.175267384,53,203
IRIS_313-8341,0.265705829,0.008322725,-0.829724023,56,223
IRIS_313-8409,0.265705829,0.008322725,-0.829724023,56,223
IRIS_313-8578,-1.299718396,-0.894759157,-1.489479743,52,231
IRIS_313-8735,-0.749145527,0.294441852,-1.092768855,55,191
IRIS_313-9131,0.265705829,0.008322725,-0.829724023,56,223
IRIS_313-9317,-0.392942507,0.736988721,-0.456247516,58,199
IRIS_313-9429,0.265705829,0.008322725,-0.829724023,56,223
IRIS_313-9637,0.265705829,0.008322725,-0.829724023,56,223