"Lines","Long","Lat","crop","n_value","log_n"
"88",0.683333,47.4,"arabidopsis",539,2.73158876518674
"108",-4.06667,48.5167,"arabidopsis",516,2.71264970162721
"139",-4.06667,48.5167,"arabidopsis",516,2.71264970162721
"159",3.93333,47.35,"arabidopsis",788,2.89652621748956
"265",-1.16667,44.65,"arabidopsis",NA,NA
"350",4.11667,46.6667,"arabidopsis",551,2.74115159885178
"351",4.11667,46.6667,"arabidopsis",551,2.74115159885178
"403",16.2667,49.3667,"arabidopsis",605,2.78175537465247
"410",16.3497,49.4211,"arabidopsis",653,2.81491318127507
"424",16.2815,49.4112,"arabidopsis",556,2.74507479158206
"428",16.232,49.403,"arabidopsis",669,2.82542611776782
"430",15.5,47,"arabidopsis",NA,NA
"470",-87.735,40.8313,"arabidopsis",895,2.95182303531591
"476",-87.735,40.8313,"arabidopsis",895,2.95182303531591
"484",-87.735,40.8313,"arabidopsis",895,2.95182303531591
"504",-87.735,40.8313,"arabidopsis",895,2.95182303531591
"506",-87.735,40.8313,"arabidopsis",895,2.95182303531591
"531",-87.735,40.8313,"arabidopsis",895,2.95182303531591
"544",-73.2089,40.9076,"arabidopsis",NA,NA
"546",-73.2089,40.9076,"arabidopsis",NA,NA
"628",-72.9069,40.7777,"arabidopsis",975,2.98900461569854
"630",-72.9069,40.7777,"arabidopsis",975,2.98900461569854
"680",-72.8615,40.9447,"arabidopsis",855,2.93196611472817
"681",-72.8615,40.9447,"arabidopsis",855,2.93196611472817
"685",-73.1493,40.9064,"arabidopsis",827,2.91750550955255
"687",-73.1493,40.9064,"arabidopsis",827,2.91750550955255
"728",-73.114,40.9352,"arabidopsis",854,2.931457870689
"742",-73.114,40.9352,"arabidopsis",854,2.931457870689
"763",74.3667,42.3,"arabidopsis",438,2.6414741105041
"765",73.41,42.19,"arabidopsis",652,2.81424759573192
"766",73.6333,42.5833,"arabidopsis",508,2.70586371228392
"768",76.35,42.8,"arabidopsis",474,2.67577834167409
"772",72.4667,37.35,"arabidopsis",443,2.64640372622307
"801",-84.4639,37.9169,"arabidopsis",434,2.63748972951251
"853",-86.6691,41.7976,"arabidopsis",635,2.80277372529198
"854",-86.6691,41.7976,"arabidopsis",635,2.80277372529198
"867",-86.4366,41.8266,"arabidopsis",998,2.99913054128737
"868",-86.4366,41.8266,"arabidopsis",998,2.99913054128737
"870",-86.4366,41.8266,"arabidopsis",998,2.99913054128737
"915",-71.4378,41.8972,"arabidopsis",1634,3.2132520521964
"932",-71.1445,42.3634,"arabidopsis",NA,NA
"991",14.0526813,55.3822641,"arabidopsis",690,2.83884909073726
"992",14.0526813,55.3822641,"arabidopsis",690,2.83884909073726
"997",14.0526813,55.3822641,"arabidopsis",690,2.83884909073726
"1002",14.0526813,55.3822641,"arabidopsis",690,2.83884909073726
"1006",14.0526813,55.3822641,"arabidopsis",690,2.83884909073726
"1061",14.1333,55.7167,"arabidopsis",579,2.76267856372744
"1062",14.1333,55.7167,"arabidopsis",579,2.76267856372744
"1063",14.1333,55.7167,"arabidopsis",579,2.76267856372744
"1066",14.1333,55.7167,"arabidopsis",579,2.76267856372744
"1070",14.1333,55.7167,"arabidopsis",579,2.76267856372744
"1158",16.5167,56.7,"arabidopsis",876,2.94250410616808
"1166",16.5167,56.7,"arabidopsis",876,2.94250410616808
"1254",17.0167,59.4333,"arabidopsis",835,2.9216864754836
"1257",17.0167,59.4333,"arabidopsis",835,2.9216864754836
"1313",16.8667,59.5667,"arabidopsis",899,2.95375969173323
"1317",16.8667,59.5667,"arabidopsis",899,2.95375969173323
"1552",18.3667,63.0833,"arabidopsis",939,2.97266559226611
"1612",-86.583,41.9,"arabidopsis",NA,NA
"1622",-86.583,41.9,"arabidopsis",NA,NA
"1651",-86.4045,43.3431,"arabidopsis",NA,NA
"1652",-86.4045,43.3431,"arabidopsis",NA,NA
"1676",-86.607,41.879,"arabidopsis",NA,NA
"1684",-86.607,41.879,"arabidopsis",NA,NA
"1739",-85.398,42.405,"arabidopsis",791,2.89817648349768
"1741",-85.398,42.405,"arabidopsis",791,2.89817648349768
"1756",-86.358,42.184,"arabidopsis",795,2.90036712865647
"1757",-86.358,42.184,"arabidopsis",795,2.90036712865647
"1793",-86.67,41.847,"arabidopsis",791,2.89817648349768
"1797",-86.67,41.847,"arabidopsis",791,2.89817648349768
"1819",-86.67,41.8,"arabidopsis",635,2.80277372529198
"1820",-86.67,41.8,"arabidopsis",635,2.80277372529198
"1829",-86.509,42.051,"arabidopsis",NA,NA
"1834",-86.509,42.051,"arabidopsis",NA,NA
"1835",-86.509,42.051,"arabidopsis",NA,NA
"1851",-86.2657,43.595,"arabidopsis",705,2.8481891169914
"1852",-86.2657,43.595,"arabidopsis",705,2.8481891169914
"1853",-86.2657,43.595,"arabidopsis",705,2.8481891169914
"1872",-86.2657,43.595,"arabidopsis",705,2.8481891169914
"1890",-86.1859,43.5139,"arabidopsis",550,2.74036268949424
"1925",-86.1843,43.5251,"arabidopsis",637,2.80413943233535
"1942",-86.1843,43.5251,"arabidopsis",637,2.80413943233535
"1943",-86.1843,43.5251,"arabidopsis",637,2.80413943233535
"1954",-86.1739,43.5187,"arabidopsis",478,2.67942789661212
"2016",-86.1788,43.5356,"arabidopsis",631,2.80002935924413
"2017",-86.1788,43.5356,"arabidopsis",631,2.80002935924413
"2031",-86.412,42.166,"arabidopsis",700,2.84509804001426
"2053",-86.412,42.166,"arabidopsis",700,2.84509804001426
"2057",-86.412,42.166,"arabidopsis",700,2.84509804001426
"2081",-86.3368,43.2483,"arabidopsis",659,2.81888541459401
"2091",-86.3368,43.2483,"arabidopsis",659,2.81888541459401
"2106",-86.0891,43.2749,"arabidopsis",494,2.69372694892365
"2108",-86.0891,43.2749,"arabidopsis",494,2.69372694892365
"2141",-86.0891,43.2749,"arabidopsis",494,2.69372694892365
"2159",-86.431,42.148,"arabidopsis",NA,NA
"2166",-86.431,42.148,"arabidopsis",NA,NA
"2171",-86.431,42.148,"arabidopsis",NA,NA
"2191",-86.3929,43.7623,"arabidopsis",606,2.78247262416629
"2202",-86.3929,43.7623,"arabidopsis",606,2.78247262416629
"2212",-86.3929,43.7623,"arabidopsis",606,2.78247262416629
"2239",-86.382,42.184,"arabidopsis",773,2.88817949391832
"2240",-86.382,42.184,"arabidopsis",773,2.88817949391832
"2276",-86.496,43.665,"arabidopsis",NA,NA
"2278",-86.496,43.665,"arabidopsis",NA,NA
"2285",-86.496,43.665,"arabidopsis",NA,NA
"2286",-86.496,43.665,"arabidopsis",NA,NA
"2317",-86.514,42.03,"arabidopsis",NA,NA
"2370",-86.646,41.865,"arabidopsis",807,2.90687353472207
"2412",-86.646,41.865,"arabidopsis",807,2.90687353472207
"4779",-4.9,50.4,"arabidopsis",704,2.84757265914211
"4807",-4.9,50.4,"arabidopsis",704,2.84757265914211
"4826",-4.9,50.4,"arabidopsis",704,2.84757265914211
"4840",-4.9,50.4,"arabidopsis",704,2.84757265914211
"4857",-4.9,50.3,"arabidopsis",680,2.83250891270624
"4884",-4.9,50.3,"arabidopsis",680,2.83250891270624
"4900",-4.8,50.3,"arabidopsis",690,2.83884909073726
"4939",-4.7,50.4,"arabidopsis",678,2.83122969386706
"4958",-4.5,50.5,"arabidopsis",705,2.8481891169914
"5023",0.5,51.3,"arabidopsis",658,2.81822589361396
"5104",0.5,51.3,"arabidopsis",658,2.81822589361396
"5151",-1.7,52.2,"arabidopsis",573,2.75815462196739
"5165",0.4,51.3,"arabidopsis",639,2.8055008581584
"5210",0.3,51.2,"arabidopsis",518,2.71432975974523
"5236",0.4,51.2,"arabidopsis",566,2.75281643118827
"5249",0.3,51.2,"arabidopsis",518,2.71432975974523
"5253",0.6,51.1,"arabidopsis",600,2.77815125038364
"5276",1.1,51.3,"arabidopsis",645,2.80955971463527
"5279",1.1,51.3,"arabidopsis",645,2.80955971463527
"5349",0.4,51.1,"arabidopsis",550,2.74036268949424
"5353",-3,54.5,"arabidopsis",1484,3.17143390094301
"5395",-3,54.4,"arabidopsis",1039,3.01661554755718
"5486",-3.3,54.6,"arabidopsis",952,2.97863694838447
"5577",-3.4,54.7,"arabidopsis",831,2.91960102378411
"5644",-2.9,54.4,"arabidopsis",937,2.97173959088778
"5651",-2.9,54.4,"arabidopsis",937,2.97173959088778
"5717",-3.2,54.6,"arabidopsis",1171,3.06855689507236
"5718",-3.4,57,"arabidopsis",1292,3.11126251365907
"5720",-1.6,53.3,"arabidopsis",766,2.8842287696326
"5726",1.1,51.3,"arabidopsis",645,2.80955971463527
"5741",-4.1,56.6,"arabidopsis",1337,3.12613140726198
"5748",-4.4,56,"arabidopsis",1690,3.22788670461367
"5757",-2.3,54.6,"arabidopsis",1468,3.16672605558005
"5768",-1.5,54.1,"arabidopsis",769,2.88592633980143
"5772",-2.3,54.1,"arabidopsis",838,2.92324401863028
"5776",-1.3,52.9,"arabidopsis",NA,NA
"5779",-3.1,51,"arabidopsis",551,2.74115159885178
"5784",-5.2,56.4,"arabidopsis",1609,3.20655604409903
"5798",-3.3,53.1,"arabidopsis",645,2.80955971463527
"5800",-5.5,57.4,"arabidopsis",1571,3.19617618503997
"5811",-3.1,52.9,"arabidopsis",718,2.8561244442423
"5822",-5.98333,56.7333,"arabidopsis",1584,3.19975517725347
"5830",15.9807762,56.3130014,"arabidopsis",758,2.87966920563205
"5831",15.9807762,56.3130014,"arabidopsis",758,2.87966920563205
"5832",15.9807762,56.3130014,"arabidopsis",758,2.87966920563205
"5836",13.51,55.86,"arabidopsis",583,2.76566855475901
"5837",16.2326,49.4013,"arabidopsis",706,2.8488047010518
"5856",17.4849587,63.0091989,"arabidopsis",864,2.93651374247889
"5860",18.0141098,62.6827735,"arabidopsis",NA,NA
"5865",14.1231006,55.7565106,"arabidopsis",554,2.74350976472843
"5867",14.1220385,55.7570661,"arabidopsis",554,2.74350976472843
"5874",16.2815,49.4112,"arabidopsis",556,2.74507479158206
"5890",16.2815,49.4112,"arabidopsis",556,2.74507479158206
"5893",16.2815,49.4112,"arabidopsis",556,2.74507479158206
"5907",16.2815,49.4112,"arabidopsis",556,2.74507479158206
"5921",16.2815,49.4112,"arabidopsis",556,2.74507479158206
"5950",16.2815,49.4112,"arabidopsis",556,2.74507479158206
"5984",16.2815,49.4112,"arabidopsis",556,2.74507479158206
"5993",16.2815,49.4112,"arabidopsis",556,2.74507479158206
"6008",16.2,49.1,"arabidopsis",469,2.67117284271508
"6009",18.1749827,62.8759855,"arabidopsis",870,2.93951925261862
"6010",18.1749827,62.8759855,"arabidopsis",870,2.93951925261862
"6011",18.1749827,62.8759855,"arabidopsis",870,2.93951925261862
"6012",18.1749827,62.8759855,"arabidopsis",870,2.93951925261862
"6013",18.1749827,62.8759855,"arabidopsis",870,2.93951925261862
"6016",18.4045,62.9147,"arabidopsis",NA,NA
"6017",18.4045,62.9147,"arabidopsis",NA,NA
"6019",14.2786489,56.0617671,"arabidopsis",850,2.92941892571429
"6020",14.2786489,56.0617671,"arabidopsis",850,2.92941892571429
"6021",14.281492,56.068008,"arabidopsis",697,2.84323277809801
"6022",14.281492,56.068008,"arabidopsis",697,2.84323277809801
"6023",13.3720798,55.7501271,"arabidopsis",NA,NA
"6024",13.3720798,55.7501271,"arabidopsis",NA,NA
"6025",17.7311,62.6381,"arabidopsis",924,2.96567197122011
"6030",18.1896,62.806,"arabidopsis",NA,NA
"6034",13.7453108,56.0755241,"arabidopsis",688,2.83758843823551
"6035",13.7453108,56.0755241,"arabidopsis",688,2.83758843823551
"6036",13.7249024,56.1045244,"arabidopsis",653,2.81491318127507
"6038",13.7249024,56.1045244,"arabidopsis",653,2.81491318127507
"6039",13.7296953,56.1132251,"arabidopsis",NA,NA
"6040",13.4,55.66,"arabidopsis",725,2.86033800657099
"6041",14.7427433,56.0089259,"arabidopsis",981,2.99166900737995
"6042",13.8561835,56.0964877,"arabidopsis",556,2.74507479158206
"6043",18.075722,62.8003225,"arabidopsis",798,2.90200289135073
"6046",18.075722,62.8003225,"arabidopsis",798,2.90200289135073
"6064",18.2763,62.9513,"arabidopsis",991,2.99607365448528
"6069",18.2763,62.95681,"arabidopsis",991,2.99607365448528
"6070",18.339997,62.956806,"arabidopsis",1005,3.00216606175651
"6071",18.339997,62.956806,"arabidopsis",1005,3.00216606175651
"6073",15.7779722,56.1460908,"arabidopsis",913,2.9604707775343
"6074",16.1301702,56.4573992,"arabidopsis",929,2.96801571399364
"6076",13.4354695,55.7170459,"arabidopsis",871,2.94001815500766
"6077",13.4354695,55.7170459,"arabidopsis",871,2.94001815500766
"6085",13.2155403,55.709434,"arabidopsis",NA,NA
"6086",11.2,58.9,"arabidopsis",NA,NA
"6087",16.1302444,56.465642,"arabidopsis",929,2.96801571399364
"6088",16.1302444,56.465642,"arabidopsis",929,2.96801571399364
"6090",13.2197,55.6525,"arabidopsis",872,2.94051648493257
"6091",13.215,55.6525,"arabidopsis",564,2.75127910398334
"6092",13.2233,55.6514,"arabidopsis",872,2.94051648493257
"6094",13.2147,55.6494,"arabidopsis",NA,NA
"6095",13.2161,55.6486,"arabidopsis",NA,NA
"6096",13.2225,55.6472,"arabidopsis",NA,NA
"6097",13.2264,55.6481,"arabidopsis",NA,NA
"6098",13.2178,55.6561,"arabidopsis",564,2.75127910398334
"6099",13.2193742,55.6532394,"arabidopsis",872,2.94051648493257
"6100",13.2226591,55.6465188,"arabidopsis",NA,NA
"6101",13.2199068,55.6465188,"arabidopsis",NA,NA
"6102",13.2240307,55.6484554,"arabidopsis",NA,NA
"6104",13.2078964,55.6995163,"arabidopsis",694,2.84135947045485
"6105",13.1166475,55.7912838,"arabidopsis",NA,NA
"6106",13.1151131,55.7892517,"arabidopsis",NA,NA
"6107",13.1172969,55.789833,"arabidopsis",NA,NA
"6108",13.1162548,55.7925311,"arabidopsis",613,2.78746047451842
"6109",13.1113481,55.7895346,"arabidopsis",NA,NA
"6111",13.1104309,55.7928025,"arabidopsis",613,2.78746047451842
"6112",13.09336,55.7908676,"arabidopsis",531,2.72509452108147
"6113",13.0996565,55.7976997,"arabidopsis",531,2.72509452108147
"6114",13.1296295,55.7990936,"arabidopsis",640,2.80617997398389
"6115",13.1326552,55.7932875,"arabidopsis",640,2.80617997398389
"6118",13.1745511,55.7138306,"arabidopsis",739,2.86864443839483
"6119",13.1729204,55.7034097,"arabidopsis",764,2.88309335857569
"6122",13.2954193,55.8350143,"arabidopsis",NA,NA
"6123",13.2986651,55.8351287,"arabidopsis",NA,NA
"6124",13.2995709,55.8362185,"arabidopsis",NA,NA
"6125",13.2984818,55.8371341,"arabidopsis",NA,NA
"6126",13.3002261,55.8379372,"arabidopsis",NA,NA
"6128",13.2881,55.8397,"arabidopsis",NA,NA
"6131",13.3181,55.8369,"arabidopsis",NA,NA
"6132",13.3186,55.8386,"arabidopsis",NA,NA
"6133",13.2995693,55.8422437,"arabidopsis",637,2.80413943233535
"6134",13.2906,55.8383,"arabidopsis",NA,NA
"6136",13.5519,55.9336,"arabidopsis",NA,NA
"6137",13.5603,55.9419,"arabidopsis",NA,NA
"6138",13.5511,55.9403,"arabidopsis",NA,NA
"6140",13.5539,55.9392,"arabidopsis",NA,NA
"6141",13.5542,55.9414,"arabidopsis",NA,NA
"6142",13.5558,55.9428,"arabidopsis",875,2.94200805302231
"6145",13.5533,55.9497,"arabidopsis",772,2.88761730033574
"6148",13.5508,55.9319,"arabidopsis",NA,NA
"6149",13.5481,55.9281,"arabidopsis",NA,NA
"6150",13.5319,55.9261,"arabidopsis",745,2.87215627274829
"6151",13.2244,55.6528,"arabidopsis",872,2.94051648493257
"6153",17.7311,62.6381,"arabidopsis",924,2.96567197122011
"6154",17.7311,62.6381,"arabidopsis",924,2.96567197122011
"6163",17.7311,62.6381,"arabidopsis",924,2.96567197122011
"6166",17.7311,62.6381,"arabidopsis",924,2.96567197122011
"6169",18.336,62.8622,"arabidopsis",833,2.92064500140679
"6172",18.336,62.8622,"arabidopsis",833,2.92064500140679
"6173",18.336,62.8622,"arabidopsis",833,2.92064500140679
"6174",17.6771,62.6252,"arabidopsis",847,2.92788341033071
"6177",17.6771,62.6252,"arabidopsis",847,2.92788341033071
"6180",17.6771,62.6252,"arabidopsis",847,2.92788341033071
"6184",18.4473,62.8794,"arabidopsis",NA,NA
"6188",14.1328223,55.758856,"arabidopsis",554,2.74350976472843
"6189",14.1328223,55.758856,"arabidopsis",554,2.74350976472843
"6191",14.1328223,55.758856,"arabidopsis",554,2.74350976472843
"6192",14.1328223,55.758856,"arabidopsis",554,2.74350976472843
"6193",14.1328223,55.758856,"arabidopsis",554,2.74350976472843
"6194",14.1328223,55.758856,"arabidopsis",554,2.74350976472843
"6195",14.1328223,55.758856,"arabidopsis",554,2.74350976472843
"6198",14.1225226,55.7567793,"arabidopsis",554,2.74350976472843
"6201",14.1225226,55.7567793,"arabidopsis",554,2.74350976472843
"6202",14.1225226,55.7567793,"arabidopsis",554,2.74350976472843
"6203",14.1225226,55.7567793,"arabidopsis",554,2.74350976472843
"6209",18.1749827,62.8759855,"arabidopsis",870,2.93951925261862
"6210",18.1749827,62.8759855,"arabidopsis",870,2.93951925261862
"6214",18.3174,63.0165,"arabidopsis",797,2.90145832139611
"6216",18.3174,63.0165,"arabidopsis",797,2.90145832139611
"6217",18.3174,63.0165,"arabidopsis",797,2.90145832139611
"6218",18.3174,63.0165,"arabidopsis",797,2.90145832139611
"6220",18.1896,62.806,"arabidopsis",NA,NA
"6221",18.1896,62.806,"arabidopsis",NA,NA
"6231",18.2763,62.9513,"arabidopsis",991,2.99607365448528
"6235",18.339997,62.956806,"arabidopsis",1005,3.00216606175651
"6237",18.339997,62.956806,"arabidopsis",1005,3.00216606175651
"6238",18.339997,62.956806,"arabidopsis",1005,3.00216606175651
"6240",18.339997,62.956806,"arabidopsis",1005,3.00216606175651
"6241",18.339997,62.956806,"arabidopsis",1005,3.00216606175651
"6242",13.1960732,55.7060213,"arabidopsis",NA,NA
"6243",13.85,55.95,"arabidopsis",529,2.72345567203519
"6244",18.4728,62.9169,"arabidopsis",896,2.95230800966213
"6252",14.3336,55.5796,"arabidopsis",757,2.87909587950007
"6255",14.3336,55.5796,"arabidopsis",757,2.87909587950007
"6258",14.3336,55.5796,"arabidopsis",757,2.87909587950007
"6268",14.3336,55.5796,"arabidopsis",757,2.87909587950007
"6276",14.3336,55.5796,"arabidopsis",757,2.87909587950007
"6284",14.3336,55.5796,"arabidopsis",757,2.87909587950007
"6296",16.6314,49.2771,"arabidopsis",600,2.77815125038364
"6390",16.6314,49.2771,"arabidopsis",600,2.77815125038364
"6396",16.6314,49.2771,"arabidopsis",600,2.77815125038364
"6413",13.9583592,56.0630848,"arabidopsis",609,2.78461729263288
"6424",16.2544,49.3853,"arabidopsis",675,2.82930377283102
"6434",16.2544,49.3853,"arabidopsis",675,2.82930377283102
"6445",16.2544,49.3853,"arabidopsis",675,2.82930377283102
"6680",6.4333,51.85,"arabidopsis",478,2.67942789661212
"6739",-73.4675,40.8585,"arabidopsis",NA,NA
"6740",-73.4675,40.8585,"arabidopsis",NA,NA
"6744",-73.4675,40.8585,"arabidopsis",NA,NA
"6749",-76.5072,42.4489,"arabidopsis",712,2.85247999363686
"6750",-76.5072,42.4489,"arabidopsis",712,2.85247999363686
"6805",-71.0627,42.373,"arabidopsis",NA,NA
"6806",-71.0627,42.373,"arabidopsis",NA,NA
"6814",-86.621,41.2816,"arabidopsis",NA,NA
"6830",73.1,49.5,"arabidopsis",459,2.66181268553726
"6897",1.3,45,"arabidopsis",925,2.96614173273903
"6898",4.4,51.2167,"arabidopsis",NA,NA
"6900",18.4840729,63.322186,"arabidopsis",996,2.9982593384237
"6901",18.4840729,63.322186,"arabidopsis",996,2.9982593384237
"6903",16.2326,49.4013,"arabidopsis",706,2.8488047010518
"6904",16.6166,49.2,"arabidopsis",NA,NA
"6907",-0.6383,51.4083,"arabidopsis",706,2.8488047010518
"6908",-0.6383,51.4083,"arabidopsis",706,2.8488047010518
"6909",-92.3,38.3,"arabidopsis",340,2.53147891704225
"6911",-23.6167,15.1111,"arabidopsis",207,2.31597034545692
"6913",18.1749827,62.8759855,"arabidopsis",870,2.93951925261862
"6915",6.3,50.3,"arabidopsis",725,2.86033800657099
"6917",18.3174,63.0165,"arabidopsis",797,2.90145832139611
"6918",18.3174,63.0165,"arabidopsis",797,2.90145832139611
"6919",8,50.3,"arabidopsis",542,2.73399928653839
"6920",9.9355,51.5338,"arabidopsis",NA,NA
"6922",8,50.3,"arabidopsis",542,2.73399928653839
"6923",-0.6383,51.4083,"arabidopsis",706,2.8488047010518
"6924",-0.6383,51.4083,"arabidopsis",706,2.8488047010518
"6926",-85.37,44.46,"arabidopsis",848,2.92839585225671
"6927",-86.621,41.2816,"arabidopsis",NA,NA
"6929",68.49,38.48,"arabidopsis",256,2.40823996531185
"6931",73.1,49.5,"arabidopsis",459,2.66181268553726
"6932",15.2369,52.7325,"arabidopsis",NA,NA
"6933",2.49,41.59,"arabidopsis",492,2.69196510276736
"6938",37.6322,55.7522,"arabidopsis",NA,NA
"6940",8.3,50.3,"arabidopsis",558,2.74663419893758
"6943",-0.6383,51.4083,"arabidopsis",706,2.8488047010518
"6944",-0.6383,51.4083,"arabidopsis",706,2.8488047010518
"6945",4.45,52.24,"arabidopsis",NA,NA
"6951",16.36,49.42,"arabidopsis",653,2.81491318127507
"6956",16.36,49.42,"arabidopsis",653,2.81491318127507
"6957",16.36,49.42,"arabidopsis",653,2.81491318127507
"6958",3.3,46,"arabidopsis",530,2.72427586960079
"6959",-1.41,48.5,"arabidopsis",627,2.79726754083072
"6960",-1.41,48.5,"arabidopsis",627,2.79726754083072
"6961",-3.53333,38.3333,"arabidopsis",NA,NA
"6963",68.48,38.35,"arabidopsis",360,2.55630250076729
"6966",-0.6383,51.4083,"arabidopsis",706,2.8488047010518
"6967",-0.6383,51.4083,"arabidopsis",706,2.8488047010518
"6968",23.5,60,"arabidopsis",889,2.94890176097021
"6969",23.5,60,"arabidopsis",889,2.94890176097021
"6970",2.93056,41.7194,"arabidopsis",380,2.57978359661681
"6971",2.93056,41.7194,"arabidopsis",380,2.57978359661681
"6973",13.9707,56.0648,"arabidopsis",607,2.78318869107526
"6974",13.9707,56.0648,"arabidopsis",607,2.78318869107526
"6975",14.45,48.3,"arabidopsis",672,2.82736927305383
"6976",14.45,48.3,"arabidopsis",672,2.82736927305383
"6979",8.26,47.25,"arabidopsis",700,2.84509804001426
"6981",30,52.3,"arabidopsis",1053,3.02242837118549
"6982",9.3,52.3,"arabidopsis",598,2.77670118398841
"6984",16.2544,49.3853,"arabidopsis",675,2.82930377283102
"6986",-2.2207,57.1539,"arabidopsis",991,2.99607365448528
"6987",7.62551,48.0683,"arabidopsis",663,2.82151352840477
"6989",-2.4333,54.8,"arabidopsis",906,2.95712819767681
"6990",5.73,53.448,"arabidopsis",734,2.86569605991607
"6992",5.3,50.3,"arabidopsis",604,2.78103693862113
"6997",5.5833,51.8333,"arabidopsis",550,2.74036268949424
"7000",9.57073,50.9167,"arabidopsis",581,2.76417613239033
"7002",6.1,51.3333,"arabidopsis",487,2.68752896121463
"7003",7.5,47.5,"arabidopsis",518,2.71432975974523
"7008",5.675,52,"arabidopsis",NA,NA
"7013",13.287,52.4584,"arabidopsis",NA,NA
"7014",-4.79821,56.5459,"arabidopsis",1619,3.20924684875337
"7025",11.3396,44.5041,"arabidopsis",NA,NA
"7026",-3.2667,54.4,"arabidopsis",1342,3.12775251583297
"7028",9.3166,49.5166,"arabidopsis",423,2.62634036737504
"7031",8.6667,50.0167,"arabidopsis",NA,NA
"7033",-122.755,41.3599,"arabidopsis",407,2.60959440922522
"7036",9.5,50.5,"arabidopsis",611,2.78604121024255
"7058",-9.0755556,53.87,"arabidopsis",908,2.95808584852109
"7061",-1.64293,53.2699,"arabidopsis",751,2.87563993700417
"7062",8.26607,50.2981,"arabidopsis",NA,NA
"7063",-13.4811,29.2144,"arabidopsis",NA,NA
"7064",1.1,51.3,"arabidopsis",645,2.80955971463527
"7067",15.09,37.51,"arabidopsis",NA,NA
"7068",12.1,42,"arabidopsis",289,2.46089784275655
"7071",1.33867,48.0717,"arabidopsis",664,2.82216807936802
"7072",34.7361,53.7502,"arabidopsis",NA,NA
"7077",-8.25,40.12,"arabidopsis",387,2.58771096501891
"7081",-8.42639,40.2077,"arabidopsis",NA,NA
"7092",2.823,49.416,"arabidopsis",NA,NA
"7094",8.65081,49.8724,"arabidopsis",NA,NA
"7096",5.04278,47.3239,"arabidopsis",NA,NA
"7102",8.2372,50.7224,"arabidopsis",688,2.83758843823551
"7103",16.2667,49.4167,"arabidopsis",704,2.84757265914211
"7106",13.7336,51.051,"arabidopsis",NA,NA
"7107",-1.5733,54.7761,"arabidopsis",NA,NA
"7109",0.5,51.3,"arabidopsis",658,2.81822589361396
"7111",-3.16028,55.9494,"arabidopsis",908,2.95808584852109
"7117",9.68253,51.5105,"arabidopsis",549,2.73957234445009
"7119",8.5,50,"arabidopsis",640,2.80617997398389
"7120",8.5,50,"arabidopsis",640,2.80617997398389
"7125",11.0087,49.5955,"arabidopsis",NA,NA
"7126",24.5682,60.1997,"arabidopsis",1100,3.04139268515822
"7127",24.9871,58.6656,"arabidopsis",934,2.97034687623009
"7130",2.56481,44.6447,"arabidopsis",564,2.75127910398334
"7133",8.6822,50.1102,"arabidopsis",NA,NA
"7138",8.0167,50.5,"arabidopsis",488,2.68841982200271
"7143",5.86667,51.0167,"arabidopsis",NA,NA
"7147",8.67825,50.584,"arabidopsis",NA,NA
"7158",15.5,47,"arabidopsis",NA,NA
"7160",-85.2532,43.178,"arabidopsis",NA,NA
"7161",10.5,53.5,"arabidopsis",NA,NA
"7162",9.44,52.24,"arabidopsis",647,2.8109042806687
"7163",9.73569,52.3721,"arabidopsis",NA,NA
"7164",12.5686,55.675,"arabidopsis",NA,NA
"7165",8.28844,51.3472,"arabidopsis",NA,NA
"7169",9.88682,54.4175,"arabidopsis",530,2.72427586960079
"7177",15,49,"arabidopsis",662,2.8208579894397
"7181",11.587,50.927,"arabidopsis",NA,NA
"7183",77,35,"arabidopsis",NA,NA
"7186",23.8924,54.8969,"arabidopsis",849,2.92890769024395
"7192",-5.66364,55.6395,"arabidopsis",NA,NA
"7199",6.9666,50.95,"arabidopsis",NA,NA
"7202",8.50861,50.1797,"arabidopsis",NA,NA
"7203",11.5722,49.631,"arabidopsis",418,2.62117628177504
"7207",135.752,35.0085,"arabidopsis",NA,NA
"7208",-3.78181,55.6739,"arabidopsis",1152,3.06145247908719
"7209",15.2333,52.7333,"arabidopsis",NA,NA
"7213",15.2369,52.7325,"arabidopsis",NA,NA
"7217",0.5,48,"arabidopsis",644,2.80888586735981
"7218",4.49015,52.1611,"arabidopsis",NA,NA
"7223",8.0666,50.3833,"arabidopsis",NA,NA
"7231",8.0666,50.3833,"arabidopsis",NA,NA
"7244",8.26664,50.001,"arabidopsis",NA,NA
"7248",-70.6652,41.3923,"arabidopsis",1430,3.15533603746506
"7250",10.1138,51.9183,"arabidopsis",492,2.69196510276736
"7255",20.5,50.95,"arabidopsis",971,2.987219229908
"7258",8.5,50.5,"arabidopsis",663,2.82151352840477
"7268",10.981,52.6969,"arabidopsis",765,2.88366143515362
"7276",8.5833,50.2,"arabidopsis",NA,NA
"7280",8.2,53.1667,"arabidopsis",567,2.75358305889291
"7282",8.01161,50.3827,"arabidopsis",587,2.76863810124761
"7287",8.42255,53.3422,"arabidopsis",650,2.81291335664286
"7288",6.193019,60.385543,"arabidopsis",NA,NA
"7296",29,59,"arabidopsis",1085,3.03542973818455
"7298",10.51,47.04,"arabidopsis",1157,3.06333335895175
"7305",10.6065,53.476,"arabidopsis",513,2.71011736511182
"7306",-123.206,49.2655,"arabidopsis",NA,NA
"7307",-2.96591,48.0653,"arabidopsis",NA,NA
"7314",-3.41697,54.3512,"arabidopsis",NA,NA
"7316",5.56667,51.9667,"arabidopsis",285,2.45484486000851
"7319",12.1,42,"arabidopsis",289,2.46089784275655
"7320",1.09849,49.4424,"arabidopsis",NA,NA
"7322",34,56.3,"arabidopsis",1165,3.06632592536204
"7323",38.28,49,"arabidopsis",801,2.90363251608424
"7327",3.03333,41.7833,"arabidopsis",NA,NA
"7328",3.03333,41.7833,"arabidopsis",NA,NA
"7332",-122.2,47,"arabidopsis",1082,3.03422726077055
"7333",11.5614,46.5438,"arabidopsis",699,2.84447717574568
"7337",8.02341,50.8738,"arabidopsis",NA,NA
"7342",-3.00733,53.6473,"arabidopsis",NA,NA
"7343",13.181,52.5339,"arabidopsis",NA,NA
"7344",9.5,47.6667,"arabidopsis",NA,NA
"7346",11.8558,52.6058,"arabidopsis",NA,NA
"7347",36,52,"arabidopsis",1205,3.08098704691089
"7349",14.5,49.5,"arabidopsis",906,2.95712819767681
"7350",-122.459,47.2413,"arabidopsis",NA,NA
"7353",4.3,52.08,"arabidopsis",NA,NA
"7354",14.9,56.5,"arabidopsis",783,2.89376176205794
"7356",-83.5553,41.6639,"arabidopsis",NA,NA
"7358",-83.5553,41.6639,"arabidopsis",NA,NA
"7359",-83.5553,41.6639,"arabidopsis",NA,NA
"7372",9.9042,47.0748,"arabidopsis",970,2.98677173426624
"7373",136.31,34.43,"arabidopsis",374,2.57287160220048
"7377",-85.2563,43.2708,"arabidopsis",698,2.84385542262316
"7378",7.7667,48.0333,"arabidopsis",626,2.79657433321043
"7382",5.1145,52.0918,"arabidopsis",NA,NA
"7383",-123.206,49.2655,"arabidopsis",NA,NA
"7384",5.55,52.0333,"arabidopsis",NA,NA
"7387",-2.3671,54.9902,"arabidopsis",826,2.91698004732038
"7394",21,52.3,"arabidopsis",NA,NA
"7396",30,52.3,"arabidopsis",1053,3.02242837118549
"7404",10.0667,52.6,"arabidopsis",NA,NA
"7411",10.8134,47.9299,"arabidopsis",773,2.88817949391832
"7413",25.3167,54.6833,"arabidopsis",NA,NA
"7415",9.9361,49.7878,"arabidopsis",NA,NA
"7416",-119.35,37.45,"arabidopsis",287,2.45788189673399
"7417",8.55,47.3667,"arabidopsis",NA,NA
"7418",8.55,47.3667,"arabidopsis",NA,NA
"7419",8.32213,50.3058,"arabidopsis",629,2.79865064544527
"7424",16.6166,49.2,"arabidopsis",NA,NA
"7430",6.25,48.6167,"arabidopsis",680,2.83250891270624
"7461",15,49,"arabidopsis",662,2.8208579894397
"7475",-72.677,41.767,"arabidopsis",NA,NA
"7477",-71.2825,41.7302,"arabidopsis",NA,NA
"7514",-86.4251,41.5609,"arabidopsis",843,2.92582757462474
"7515",-86.4251,41.5609,"arabidopsis",843,2.92582757462474
"7516",14.334,55.58,"arabidopsis",757,2.87909587950007
"7517",14.334,55.58,"arabidopsis",757,2.87909587950007
"7520",16.81,49.38,"arabidopsis",739,2.86864443839483
"7521",16.81,49.38,"arabidopsis",739,2.86864443839483
"7523",-86.3253,42.0945,"arabidopsis",901,2.95472479097906
"7525",-86.511,42.036,"arabidopsis",NA,NA
"7529",-86.5128,42.0333,"arabidopsis",NA,NA
"7530",-86.5128,42.0333,"arabidopsis",NA,NA
"7566",-86.359,42.093,"arabidopsis",749,2.87448181769947
"7568",-86.359,42.093,"arabidopsis",749,2.87448181769947
"7717",-86.625,41.273,"arabidopsis",852,2.9304395947667
"7757",-86.625,41.273,"arabidopsis",852,2.9304395947667
"7767",-86.625,41.273,"arabidopsis",852,2.9304395947667
"7917",-86.3253,42.0945,"arabidopsis",901,2.95472479097906
"7947",-86.3253,42.0945,"arabidopsis",901,2.95472479097906
"8037",-86.7368,41.3423,"arabidopsis",1051,3.02160271602824
"8057",-86.7368,41.3423,"arabidopsis",1051,3.02160271602824
"8077",-86.7368,41.3423,"arabidopsis",1051,3.02160271602824
"8132",-86.511,42.036,"arabidopsis",NA,NA
"8171",-86.511,42.036,"arabidopsis",NA,NA
"8214",2,49,"arabidopsis",668,2.82477646247555
"8222",14.7427433,56.0089259,"arabidopsis",981,2.99166900737995
"8227",17.898516,62.7920572,"arabidopsis",862,2.93550726582471
"8230",16.5,56.68,"arabidopsis",931,2.96894968098134
"8231",15.9960089,56.3065535,"arabidopsis",758,2.87966920563205
"8233",-87.1923,41.1876,"arabidopsis",NA,NA
"8234",15.9753237,56.3201865,"arabidopsis",710,2.85125834871908
"8235",17.1,48.8,"arabidopsis",837,2.92272545799326
"8236",15.76,49.33,"arabidopsis",711,2.85186960072977
"8237",13.1,55.8,"arabidopsis",531,2.72509452108147
"8238",0.4,51.15,"arabidopsis",518,2.71432975974523
"8239",7,51,"arabidopsis",NA,NA
"8240",13.196,55.705,"arabidopsis",NA,NA
"8241",13.85,55.95,"arabidopsis",529,2.72345567203519
"8242",15.7832574,56.1510312,"arabidopsis",913,2.9604707775343
"8243",11.2547,43.7703,"arabidopsis",NA,NA
"8244",2.3086,48.6103,"arabidopsis",NA,NA
"8246",-79.18,35,"arabidopsis",339,2.53019969820308
"8247",13.7407939,56.0692873,"arabidopsis",764,2.88309335857569
"8249",15.8,57.7,"arabidopsis",873,2.94101424370557
"8256",12.9040338,56.4487477,"arabidopsis",NA,NA
"8258",12.9040338,56.4487477,"arabidopsis",NA,NA
"8259",12.9040338,56.4487477,"arabidopsis",NA,NA
"8264",2.8,41.6833,"arabidopsis",387,2.58771096501891
"8283",14.1262764,55.7599276,"arabidopsis",554,2.74350976472843
"8284",16.2815,49.4112,"arabidopsis",556,2.74507479158206
"8285",16.2815,49.4112,"arabidopsis",556,2.74507479158206
"8290",8.5,50,"arabidopsis",640,2.80617997398389
"8297",6.14,46.21,"arabidopsis",NA,NA
"8306",13.7134622,56.1035094,"arabidopsis",653,2.81491318127507
"8307",13.7296953,56.1132251,"arabidopsis",NA,NA
"8311",11.5,47.5,"arabidopsis",985,2.99343623049761
"8312",7.5,50.5,"arabidopsis",550,2.74036268949424
"8326",14.7427433,56.0089259,"arabidopsis",981,2.99166900737995
"8334",13.19,55.72,"arabidopsis",NA,NA
"8335",13.2,55.71,"arabidopsis",NA,NA
"8337",12.37,44,"arabidopsis",643,2.80821097292422
"8343",1.5,47.5,"arabidopsis",593,2.77305469336426
"8351",18.37,60.25,"arabidopsis",887,2.94792361983173
"8354",56.3167,58,"arabidopsis",NA,NA
"8357",2.25,41.5,"arabidopsis",NA,NA
"8365",16,49,"arabidopsis",590,2.77085201164214
"8366",8.5,50.5,"arabidopsis",663,2.82151352840477
"8369",13.4354695,55.7170459,"arabidopsis",871,2.94001815500766
"8376",17.997819,62.6897799,"arabidopsis",NA,NA
"8386",11.2,58.9,"arabidopsis",NA,NA
"8387",18.06,59.34,"arabidopsis",NA,NA
"8419",25.3167,54.6833,"arabidopsis",NA,NA
"8420",8.5333,50.0667,"arabidopsis",601,2.77887447200274
"8422",14.2786489,56.0617671,"arabidopsis",850,2.92941892571429
"8424",77,35,"arabidopsis",NA,NA
"8426",13.9589922,56.0681098,"arabidopsis",609,2.78461729263288
"8427",13.9707,56.0648,"arabidopsis",607,2.78318869107526
"8464",-86.8513,41.6862,"arabidopsis",NA,NA
"8483",-86.8513,41.6862,"arabidopsis",NA,NA
"8699",-86.3253,42.0945,"arabidopsis",901,2.95472479097906
"8723",-86.3253,42.0945,"arabidopsis",901,2.95472479097906
"9027",-86.511,42.036,"arabidopsis",NA,NA
"9057",13.9167,56.1,"arabidopsis",NA,NA
"9058",16.6333,57.75,"arabidopsis",NA,NA
"9067",48.7992,38.6536,"arabidopsis",534,2.72754125702856
"9069",48.7992,38.6536,"arabidopsis",534,2.72754125702856
"9070",48.7992,38.6536,"arabidopsis",534,2.72754125702856
"9075",48.6131,38.7406,"arabidopsis",454,2.6570558528571
"9078",48.6131,38.7406,"arabidopsis",454,2.6570558528571
"9079",48.5517,38.7833,"arabidopsis",522,2.71767050300226
"9081",48.5517,38.7833,"arabidopsis",522,2.71767050300226
"9084",48.5517,38.7833,"arabidopsis",522,2.71767050300226
"9085",48.5517,38.7833,"arabidopsis",522,2.71767050300226
"9089",48.925,38.9522,"arabidopsis",460,2.66275783168157
"9091",48.925,38.9522,"arabidopsis",460,2.66275783168157
"9095",48.5594,38.9786,"arabidopsis",439,2.64246452024212
"9099",48.5594,38.9786,"arabidopsis",439,2.64246452024212
"9100",46.2831,41.8296,"arabidopsis",578,2.76192783842053
"9102",46.2831,41.8296,"arabidopsis",578,2.76192783842053
"9103",46.2831,41.8296,"arabidopsis",578,2.76192783842053
"9104",46.2831,41.8296,"arabidopsis",578,2.76192783842053
"9105",46.2831,41.8296,"arabidopsis",578,2.76192783842053
"9106",46.2831,41.8296,"arabidopsis",578,2.76192783842053
"9111",46.2831,41.8296,"arabidopsis",578,2.76192783842053
"9113",46.2831,41.8296,"arabidopsis",578,2.76192783842053
"9114",46.2831,41.8296,"arabidopsis",578,2.76192783842053
"9115",46.2831,41.8296,"arabidopsis",578,2.76192783842053
"9121",43.4767,41.7942,"arabidopsis",489,2.68930885912362
"9125",44.8203,40.1408,"arabidopsis",460,2.66275783168157
"9128",45.3622,39.8692,"arabidopsis",405,2.60745502321467
"9130",45.3622,39.8692,"arabidopsis",405,2.60745502321467
"9131",45.3622,39.8692,"arabidopsis",405,2.60745502321467
"9133",45.3622,39.8692,"arabidopsis",405,2.60745502321467
"9134",45.3622,39.8692,"arabidopsis",405,2.60745502321467
"9298",-3.21833,55.9681,"arabidopsis",NA,NA
"9312",-5.1525,57.9,"arabidopsis",1357,3.13257984765974
"9314",-3.96722,57.9672,"arabidopsis",NA,NA
"9321",18.336,62.8622,"arabidopsis",833,2.92064500140679
"9323",18.336,62.8622,"arabidopsis",833,2.92064500140679
"9332",18.381,62.8698,"arabidopsis",877,2.94299959336604
"9336",18.4473,62.8794,"arabidopsis",NA,NA
"9339",15.0689,57.7133,"arabidopsis",550,2.74036268949424
"9343",18.1512,57.3089,"arabidopsis",NA,NA
"9352",16.3675,57.2608,"arabidopsis",735,2.8662873390842
"9353",16.3675,57.2608,"arabidopsis",735,2.8662873390842
"9363",18.4045,62.9147,"arabidopsis",NA,NA
"9369",14.9986,57.6781,"arabidopsis",892,2.95036485437612
"9370",14.9986,57.6781,"arabidopsis",892,2.95036485437612
"9371",18.3175,63.016,"arabidopsis",797,2.90145832139611
"9380",13.3742,55.7488,"arabidopsis",NA,NA
"9381",14.2091,55.8106,"arabidopsis",NA,NA
"9382",14.2091,55.8106,"arabidopsis",NA,NA
"9383",14.2091,55.8106,"arabidopsis",NA,NA
"9386",18.1896,62.806,"arabidopsis",NA,NA
"9388",18.1896,62.806,"arabidopsis",NA,NA
"9390",15.8979,57.3263,"arabidopsis",926,2.96661098668193
"9391",15.8979,57.3263,"arabidopsis",926,2.96661098668193
"9392",15.8979,57.3263,"arabidopsis",926,2.96661098668193
"9394",16.4063,56.5804,"arabidopsis",NA,NA
"9395",15.0105,57.5089,"arabidopsis",624,2.79518458968242
"9399",13.9905,55.4234,"arabidopsis",769,2.88592633980143
"9402",14.8549,57.8765,"arabidopsis",NA,NA
"9404",13.399,55.7491,"arabidopsis",697,2.84323277809801
"9405",13.399,55.7491,"arabidopsis",697,2.84323277809801
"9407",13.399,55.7491,"arabidopsis",697,2.84323277809801
"9408",13.9519,56.047,"arabidopsis",559,2.74741180788642
"9409",14.302,56.0573,"arabidopsis",975,2.98900461569854
"9412",16.1494,57.2746,"arabidopsis",740,2.86923171973098
"9413",16.1494,57.2746,"arabidopsis",740,2.86923171973098
"9416",18.3837,57.7215,"arabidopsis",NA,NA
"9421",14.3997,55.9745,"arabidopsis",884,2.94645226501307
"9427",18.4055,62.8815,"arabidopsis",938,2.97220283837906
"9433",18.2763,62.9513,"arabidopsis",991,2.99607365448528
"9436",14.6806,56.1633,"arabidopsis",NA,NA
"9437",14.6806,56.1633,"arabidopsis",NA,NA
"9442",14.3398,55.5678,"arabidopsis",817,2.91222205653242
"9450",18.2109,57.2545,"arabidopsis",929,2.96801571399364
"9451",18.2109,57.2545,"arabidopsis",929,2.96801571399364
"9452",18.2109,57.2545,"arabidopsis",929,2.96801571399364
"9453",18.5162,57.8009,"arabidopsis",900,2.95424250943932
"9454",18.5162,57.8009,"arabidopsis",900,2.95424250943932
"9455",18.5162,57.8009,"arabidopsis",900,2.95424250943932
"9470",14.8043,57.6511,"arabidopsis",588,2.76937732607614
"9471",13.9707,56.0648,"arabidopsis",607,2.78318869107526
"9476",14.3336,55.5796,"arabidopsis",757,2.87909587950007
"9481",13.8484,55.4242,"arabidopsis",NA,NA
"9503",-3.21072,55.8877,"arabidopsis",1129,3.05269394192497
"9506",-7.476146,40.10969,"arabidopsis",692,2.84010609445676
"9507",-7.5,38.45,"arabidopsis",257,2.40993312333129
"9508",-7.11,40.04,"arabidopsis",275,2.43933269383026
"9509",-7.4,39.29,"arabidopsis",360,2.55630250076729
"9510",-7.59,38.75,"arabidopsis",291,2.46389298898591
"9511",-8.02,38.53,"arabidopsis",280,2.44715803134222
"9512",-7.84,38.22,"arabidopsis",239,2.37839790094814
"9513",-4.07,38.77,"arabidopsis",240,2.38021124171161
"9514",-4.54,39.15,"arabidopsis",258,2.41161970596323
"9515",-6.89,39.72,"arabidopsis",300,2.47712125471966
"9517",-7.8,42.19,"arabidopsis",NA,NA
"9518",-0.36,39.88,"arabidopsis",492,2.69196510276736
"9519",2.64,41.94,"arabidopsis",446,2.64933485871214
"9520",-3.68,41.7,"arabidopsis",279,2.4456042032736
"9521",2.13,41.43,"arabidopsis",492,2.69196510276736
"9522",-5.27,36.52,"arabidopsis",377,2.57634135020579
"9523",-2.66,38.37,"arabidopsis",264,2.42160392686983
"9524",-0.56,42.52,"arabidopsis",531,2.72509452108147
"9525",0.54,42.49,"arabidopsis",622,2.79379038469082
"9526",2.39,41.54,"arabidopsis",383,2.58319877396862
"9527",-5.74,40.37,"arabidopsis",534,2.72754125702856
"9528",-1.37,40.94,"arabidopsis",298,2.47421626407626
"9529",-3.36,36.97,"arabidopsis",379,2.57863920996807
"9530",-4.32,38.25,"arabidopsis",216,2.33445375115093
"9531",-4.54,41.21,"arabidopsis",616,2.78958071216443
"9532",-4.64,42.23,"arabidopsis",393,2.59439255037543
"9533",-4.32,41.15,"arabidopsis",387,2.58771096501891
"9534",-4.65,40.05,"arabidopsis",280,2.44715803134222
"9535",3.19,42.31,"arabidopsis",411,2.61384182187607
"9536",-2,40.83,"arabidopsis",517,2.71349054309394
"9537",-6.66,38.07,"arabidopsis",260,2.41497334797082
"9539",-6.67,40.29,"arabidopsis",523,2.71850168886727
"9540",2.34,41.81,"arabidopsis",481,2.68214507637383
"9541",-5.42,38.26,"arabidopsis",218,2.3384564936046
"9542",-4.05,40.79,"arabidopsis",763,2.88252453795488
"9543",-5.39,36.77,"arabidopsis",441,2.64443858946784
"9544",-5.33,39.4,"arabidopsis",406,2.60852603357719
"9545",-5.782793,39.3948,"arabidopsis",515,2.71180722904119
"9546",-1.68601,40.8168,"arabidopsis",388,2.58883172559421
"9547",2.62,41.67,"arabidopsis",506,2.7041505168398
"9548",-5,40.4,"arabidopsis",482,2.68304703823885
"9549",-3.688887,42.22718,"arabidopsis",270,2.43136376415899
"9550",-5.37,43.05,"arabidopsis",722,2.85853719756964
"9551",-5.92,42.28,"arabidopsis",319,2.50379068305718
"9552",-4.5,40.87,"arabidopsis",486,2.68663626926229
"9553",-4.70746,41.57614,"arabidopsis",412,2.61489721603313
"9554",-3.16,38.86,"arabidopsis",237,2.3747483460101
"9555",-3.931648,39.58133,"arabidopsis",448,2.65127801399814
"9556",-4.34,39.66,"arabidopsis",250,2.39794000867204
"9557",0.7,42.46,"arabidopsis",570,2.75587485567249
"9558",-5.64,41.57,"arabidopsis",382,2.58206336291171
"9559",-4.38,38.06,"arabidopsis",273,2.43616264704076
"9560",-6.24,38.19,"arabidopsis",255,2.40654018043396
"9561",-5.04,40.71,"arabidopsis",362,2.55870857053317
"9562",2,41.67,"arabidopsis",569,2.75511226639507
"9564",-1.6,40.45,"arabidopsis",539,2.73158876518674
"9565",-1.23,42.97,"arabidopsis",657,2.81756536955978
"9567",1.3,42.34,"arabidopsis",613,2.78746047451842
"9568",-0.23,42.76,"arabidopsis",672,2.82736927305383
"9569",-6.45,42.87,"arabidopsis",775,2.88930170250631
"9571",-6.01,43.28,"arabidopsis",1002,3.00086772153123
"9573",2.99,41.86,"arabidopsis",494,2.69372694892365
"9574",-2.7,38.6,"arabidopsis",496,2.6954816764902
"9576",-4.11,40.86,"arabidopsis",383,2.58319877396862
"9577",2.17,42.34,"arabidopsis",525,2.72015930340596
"9578",-6.7,42.13,"arabidopsis",519,2.71516735784846
"9579",-3.51,38.33,"arabidopsis",338,2.52891670027765
"9581",-5.12,42.84,"arabidopsis",554,2.74350976472843
"9582",-1.63,41.48,"arabidopsis",380,2.57978359661681
"9583",-3.38,37.09,"arabidopsis",372,2.5705429398819
"9584",-3.58,41.19,"arabidopsis",345,2.53781909507327
"9585",-7.39,43.4,"arabidopsis",1076,3.03181227133037
"9586",-3.27,41.03,"arabidopsis",477,2.67851837904011
"9587",-1.88,41.5,"arabidopsis",326,2.51321760006794
"9588",0.6,42.11,"arabidopsis",336,2.52633927738984
"9589",-2.83,41.6,"arabidopsis",337,2.52762990087134
"9590",-5.49,43.37,"arabidopsis",851,2.92992956008459
"9591",-3.59,42.86,"arabidopsis",625,2.79588001734408
"9592",-5.44,42.1,"arabidopsis",390,2.5910646070265
"9593",-2.99,42.26,"arabidopsis",593,2.77305469336426
"9594",1.01,42.04,"arabidopsis",399,2.60097289568675
"9595",-5.5,40.89,"arabidopsis",309,2.48995847942483
"9596",-7.45,41.95,"arabidopsis",803,2.90471554527868
"9597",-2.53,42.31,"arabidopsis",389,2.58994960132571
"9598",-6.51,41.88,"arabidopsis",611,2.78604121024255
"9599",-5.77,42.8,"arabidopsis",605,2.78175537465247
"9600",-6.04,39.85,"arabidopsis",283,2.45178643552429
"9601",-1.88,41.85,"arabidopsis",354,2.54900326202579
"9602",-3.96,40.5,"arabidopsis",254,2.40483371661994
"9606",-7.45,31.48,"arabidopsis",255,2.40654018043396
"9607",52.15,53.05,"arabidopsis",685,2.83569057149243
"9608",59.44,51.37,"arabidopsis",522,2.71767050300226
"9609",59.98,51.41,"arabidopsis",448,2.65127801399814
"9610",51.96,53.04,"arabidopsis",699,2.84447717574568
"9611",51.9,53.04,"arabidopsis",771,2.88705437805096
"9612",51.94,53.04,"arabidopsis",717,2.8555191556678
"9613",61.41,55.36,"arabidopsis",407,2.60959440922522
"9615",52.16,52.99,"arabidopsis",838,2.92324401863028
"9616",51.96,53.06,"arabidopsis",732,2.86451108105839
"9617",59.44,51.37,"arabidopsis",522,2.71767050300226
"9619",79.48,51.84,"arabidopsis",477,2.67851837904011
"9620",79.48,51.82,"arabidopsis",434,2.63748972951251
"9621",79.46,51.84,"arabidopsis",591,2.77158748088126
"9622",85.27,52.52,"arabidopsis",478,2.67942789661212
"9624",79.37,53.6,"arabidopsis",553,2.7427251313047
"9625",82.59,51.31,"arabidopsis",506,2.7041505168398
"9626",82.59,51.36,"arabidopsis",511,2.70842090013471
"9627",82.55,51.32,"arabidopsis",616,2.78958071216443
"9628",82.54,51.33,"arabidopsis",630,2.79934054945358
"9629",82.18,51.35,"arabidopsis",470,2.67209785793572
"9630",82.16,51.34,"arabidopsis",509,2.70671778233676
"9631",80.79,51.65,"arabidopsis",270,2.43136376415899
"9632",80.82,51.67,"arabidopsis",266,2.42488163663107
"9633",80.83,51.63,"arabidopsis",342,2.53402610605613
"9634",81.31,54.13,"arabidopsis",365,2.56229286445647
"9635",80.6,51.87,"arabidopsis",306,2.48572142648158
"9636",80.82,51.75,"arabidopsis",317,2.50105926221775
"9637",80.85,51.77,"arabidopsis",NA,NA
"9638",80.86,51.73,"arabidopsis",249,2.39619934709574
"9639",80.31,53.82,"arabidopsis",311,2.49276038902684
"9640",80.06,51.87,"arabidopsis",462,2.66464197555613
"9641",80.06,51.9,"arabidopsis",473,2.67486114073781
"9642",80.06,51.84,"arabidopsis",341,2.5327543789925
"9643",79.31,52.1,"arabidopsis",366,2.56348108539441
"9644",18.72,45.07,"arabidopsis",NA,NA
"9645",18.7,45.17,"arabidopsis",454,2.6570558528571
"9646",16.170188,39.126899,"arabidopsis",459,2.66181268553726
"9647",16.77,40.37,"arabidopsis",278,2.44404479591808
"9648",16.28,39.48,"arabidopsis",308,2.48855071650044
"9649",16.17,39.13,"arabidopsis",459,2.66181268553726
"9651",14.87,40.68,"arabidopsis",336,2.52633927738984
"9653",16.13,38.44,"arabidopsis",419,2.6222140229663
"9655",16.47,38.92,"arabidopsis",375,2.57403126772772
"9656",17.31,40.64,"arabidopsis",347,2.54032947479087
"9657",16.04,38.45,"arabidopsis",398,2.59988307207369
"9658",16.34,38.97,"arabidopsis",411,2.61384182187607
"9659",14.18,41.18,"arabidopsis",NA,NA
"9660",14.57,40.84,"arabidopsis",355,2.55022835305509
"9661",16.21,39.58,"arabidopsis",345,2.53781909507327
"9663",14.09,41.33,"arabidopsis",310,2.49136169383427
"9664",11.2832,46.366,"arabidopsis",782,2.89320675305985
"9665",11.2832,46.366,"arabidopsis",782,2.89320675305985
"9666",11.2832,46.366,"arabidopsis",782,2.89320675305985
"9667",11.2832,46.366,"arabidopsis",782,2.89320675305985
"9668",11.2837,46.3668,"arabidopsis",854,2.931457870689
"9669",11.2837,46.3668,"arabidopsis",854,2.931457870689
"9670",11.2837,46.3668,"arabidopsis",854,2.931457870689
"9671",11.2837,46.3668,"arabidopsis",854,2.931457870689
"9672",11.2837,46.3668,"arabidopsis",854,2.931457870689
"9673",11.2837,46.3668,"arabidopsis",854,2.931457870689
"9676",11.2866,46.3718,"arabidopsis",854,2.931457870689
"9677",11.2866,46.3718,"arabidopsis",854,2.931457870689
"9678",11.2866,46.3718,"arabidopsis",854,2.931457870689
"9679",11.2928,46.3378,"arabidopsis",833,2.92064500140679
"9680",11.2928,46.3378,"arabidopsis",833,2.92064500140679
"9681",11.2928,46.3378,"arabidopsis",833,2.92064500140679
"9682",11.2928,46.3378,"arabidopsis",833,2.92064500140679
"9683",11.2928,46.3378,"arabidopsis",833,2.92064500140679
"9684",11.2928,46.3378,"arabidopsis",833,2.92064500140679
"9685",11.2928,46.3378,"arabidopsis",833,2.92064500140679
"9686",11.2928,46.3378,"arabidopsis",833,2.92064500140679
"9687",11.2928,46.3378,"arabidopsis",833,2.92064500140679
"9689",11.2928,46.3378,"arabidopsis",833,2.92064500140679
"9690",11.2928,46.3378,"arabidopsis",833,2.92064500140679
"9691",11.2928,46.3378,"arabidopsis",833,2.92064500140679
"9692",11.2928,46.3378,"arabidopsis",833,2.92064500140679
"9693",11.2928,46.3378,"arabidopsis",833,2.92064500140679
"9694",11.2928,46.3378,"arabidopsis",833,2.92064500140679
"9695",11.2928,46.3378,"arabidopsis",833,2.92064500140679
"9696",11.2928,46.3378,"arabidopsis",833,2.92064500140679
"9697",23.94,41.62,"arabidopsis",347,2.54032947479087
"9698",23.85,41.57,"arabidopsis",323,2.5092025223311
"9699",23.14,41.37,"arabidopsis",364,2.56110138364906
"9700",23.1,42.32,"arabidopsis",556,2.74507479158206
"9701",25.91,43.7,"arabidopsis",533,2.72672720902657
"9703",23.39,41.53,"arabidopsis",358,2.55388302664387
"9704",23.39,41.53,"arabidopsis",358,2.55388302664387
"9705",23.33,41.5,"arabidopsis",330,2.51851393987789
"9706",24.18,41.64,"arabidopsis",417,2.62013605497376
"9707",24.84,41.57,"arabidopsis",544,2.73559889969818
"9708",25.35,41.62,"arabidopsis",281,2.44870631990508
"9709",23.13,41.85,"arabidopsis",388,2.58883172559421
"9710",23.13,41.85,"arabidopsis",388,2.58883172559421
"9711",23.1,42.32,"arabidopsis",556,2.74507479158206
"9712",23.1,42.32,"arabidopsis",556,2.74507479158206
"9713",25.61,42.49,"arabidopsis",427,2.63042787502502
"9714",25.75,41.84,"arabidopsis",477,2.67851837904011
"9716",24.98,41.54,"arabidopsis",397,2.59879050676312
"9717",25.47,41.66,"arabidopsis",439,2.64246452024212
"9718",24.75,41.55,"arabidopsis",562,2.74973631556906
"9719",25.69,41.83,"arabidopsis",300,2.47712125471966
"9720",25.68,41.77,"arabidopsis",336,2.52633927738984
"9721",25.33,42.72,"arabidopsis",686,2.83632411570675
"9722",24.41,41.71,"arabidopsis",522,2.71767050300226
"9723",23.67,41.42,"arabidopsis",512,2.70926996097583
"9725",23.08,37.6,"arabidopsis",289,2.46089784275655
"9726",22.04,37.07,"arabidopsis",335,2.52504480703685
"9727",21.62,37.63,"arabidopsis",368,2.56584781867352
"9728",18.9,48.46,"arabidopsis",768,2.88536122003151
"9729",18.9,48.46,"arabidopsis",768,2.88536122003151
"9730",18.94,48.47,"arabidopsis",NA,NA
"9731",18.9,48.46,"arabidopsis",768,2.88536122003151
"9732",18.96,48.47,"arabidopsis",849,2.92890769024395
"9733",18.94,48.47,"arabidopsis",NA,NA
"9735",18.94,48.47,"arabidopsis",NA,NA
"9736",25.17,44.69,"arabidopsis",474,2.67577834167409
"9737",22.62,45.95,"arabidopsis",458,2.66086547800387
"9738",25.42,45.57,"arabidopsis",459,2.66181268553726
"9739",22.33,46.01,"arabidopsis",523,2.71850168886727
"9741",23.16,45.84,"arabidopsis",398,2.59988307207369
"9743",25,45.14,"arabidopsis",490,2.69019608002851
"9744",27.59,47.16,"arabidopsis",NA,NA
"9745",70.05,41.45,"arabidopsis",433,2.63648789635337
"9747",21.22,44.38,"arabidopsis",476,2.67760695272049
"9748",21.71,44.23,"arabidopsis",545,2.73639650227664
"9749",22.29,43.54,"arabidopsis",480,2.68124123737559
"9754",21.37,44.66,"arabidopsis",527,2.72181061521255
"9755",22.56,44.56,"arabidopsis",532,2.72591163229505
"9756",21.08,44.3,"arabidopsis",479,2.68033551341456
"9757",21.08,44.3,"arabidopsis",479,2.68033551341456
"9758",88.4,47.75,"arabidopsis",328,2.51587384371168
"9759",49.47,37.47,"arabidopsis",NA,NA
"9761",35.7,33.92,"arabidopsis",452,2.65513843481138
"9762",14.98,37.69,"arabidopsis",579,2.76267856372744
"9764",35.84,34.1,"arabidopsis",489,2.68930885912362
"9766",74.16,42.26,"arabidopsis",408,2.61066016308988
"9768",9.16,48.57,"arabidopsis",855,2.93196611472817
"9769",8.99,48.55,"arabidopsis",682,2.83378437465648
"9770",9.01,48.53,"arabidopsis",790,2.89762709129044
"9771",9.11,48.56,"arabidopsis",743,2.87098881376058
"9772",8.85,48.41,"arabidopsis",413,2.6159500516564
"9774",9.22,48.59,"arabidopsis",596,2.77524625974024
"9775",8.79,48.41,"arabidopsis",704,2.84757265914211
"9776",8.79,48.43,"arabidopsis",NA,NA
"9777",9.17,48.57,"arabidopsis",720,2.85733249643127
"9778",8.84,48.41,"arabidopsis",472,2.67394199863409
"9779",8.78,48.5,"arabidopsis",408,2.61066016308988
"9780",8.79,48.43,"arabidopsis",NA,NA
"9781",9.11,48.52,"arabidopsis",814,2.9106244048892
"9782",9.09,48.53,"arabidopsis",NA,NA
"9783",9.05,48.52,"arabidopsis",NA,NA
"9784",8.8,48.5,"arabidopsis",426,2.62940959910272
"9785",9.02,48.54,"arabidopsis",NA,NA
"9786",9.01,48.54,"arabidopsis",684,2.83505610172012
"9787",9,48.5,"arabidopsis",NA,NA
"9788",9.01,48.53,"arabidopsis",790,2.89762709129044
"9789",8.96,48.39,"arabidopsis",692,2.84010609445676
"9790",9.18,48.58,"arabidopsis",579,2.76267856372744
"9791",9.2,48.6,"arabidopsis",775,2.88930170250631
"9792",9.09,48.54,"arabidopsis",767,2.88479536394898
"9793",9.16,48.57,"arabidopsis",855,2.93196611472817
"9794",9.08,48.52,"arabidopsis",557,2.74585519517373
"9795",9.11,48.5,"arabidopsis",539,2.73158876518674
"9796",8.84,48.41,"arabidopsis",472,2.67394199863409
"9797",9.02,48.54,"arabidopsis",NA,NA
"9798",9.01,48.54,"arabidopsis",684,2.83505610172012
"9799",8.85,48.39,"arabidopsis",450,2.65321251377534
"9800",9.01,48.54,"arabidopsis",684,2.83505610172012
"9801",9.01,48.54,"arabidopsis",684,2.83505610172012
"9802",9.11,48.51,"arabidopsis",620,2.79239168949825
"9803",8.76,48.42,"arabidopsis",413,2.6159500516564
"9804",8.87,48.45,"arabidopsis",780,2.89209460269048
"9805",9.09,48.54,"arabidopsis",767,2.88479536394898
"9806",9.16,48.56,"arabidopsis",718,2.8561244442423
"9807",9.22,48.6,"arabidopsis",576,2.76042248342321
"9808",9.08,48.52,"arabidopsis",557,2.74585519517373
"9809",9.05,48.52,"arabidopsis",NA,NA
"9810",9.07,48.53,"arabidopsis",NA,NA
"9811",9.05,48.52,"arabidopsis",NA,NA
"9812",9.03,48.52,"arabidopsis",624,2.79518458968242
"9813",8.77,48.4,"arabidopsis",681,2.83314711191279
"9814",8.79,48.42,"arabidopsis",446,2.64933485871214
"9815",9.02,48.54,"arabidopsis",NA,NA
"9816",9.06,48.55,"arabidopsis",843,2.92582757462474
"9817",-6.6,39.84,"arabidopsis",272,2.4345689040342
"9819",-3.03,42.35,"arabidopsis",619,2.79169064902012
"9820",-4.71,41,"arabidopsis",345,2.53781909507327
"9821",2.49,41.81,"arabidopsis",485,2.68574173860226
"9822",-4.02,40.52,"arabidopsis",559,2.74741180788642
"9823",-5.84,43.34,"arabidopsis",1019,3.00817418400643
"9824",-4.91,42.91,"arabidopsis",619,2.79169064902012
"9825",-3.88,40.4,"arabidopsis",NA,NA
"9826",-6.71,42.49,"arabidopsis",349,2.54282542695918
"9827",0.69,42.78,"arabidopsis",550,2.74036268949424
"9828",-6.15,42.5,"arabidopsis",345,2.53781909507327
"9830",-3.28,36.97,"arabidopsis",317,2.50105926221775
"9831",-3.39072,38.53408,"arabidopsis",297,2.47275644931721
"9832",-3.68695,40.54208,"arabidopsis",398,2.59988307207369
"9833",-4.21,40.38,"arabidopsis",239,2.37839790094814
"9834",-3.9,40.51,"arabidopsis",NA,NA
"9835",-6.57,40.61,"arabidopsis",397,2.59879050676312
"9836",-1.32,41.25,"arabidopsis",557,2.74585519517373
"9837",-5.6,37.94,"arabidopsis",478,2.67942789661212
"9838",-5.38,41.83,"arabidopsis",414,2.6170003411209
"9839",-4.27,40.44,"arabidopsis",558,2.74663419893758
"9840",-1.43,41.13,"arabidopsis",470,2.67209785793572
"9841",-4.15,40.59,"arabidopsis",566,2.75281643118827
"9843",-3.92,40.53,"arabidopsis",NA,NA
"9844",0.19,42.27,"arabidopsis",491,2.69108149212297
"9845",-3.959696,40.47918,"arabidopsis",250,2.39794000867204
"9846",-3.02,42.31,"arabidopsis",530,2.72427586960079
"9847",-5.7,43.31,"arabidopsis",NA,NA
"9848",-5.77,40.11,"arabidopsis",565,2.75204844781944
"9849",-4.11,40.65,"arabidopsis",496,2.6954816764902
"9850",-0.7,42.86,"arabidopsis",588,2.76937732607614
"9851",-6.1,42.96,"arabidopsis",544,2.73559889969818
"9852",-3.75,40.46,"arabidopsis",NA,NA
"9853",-5.91,43.33,"arabidopsis",908,2.95808584852109
"9854",-5.88,43.36,"arabidopsis",899,2.95375969173323
"9855",-3.89,40.57,"arabidopsis",359,2.55509444857832
"9856",-4,40.51,"arabidopsis",330,2.51851393987789
"9857",-3.8,40.33,"arabidopsis",NA,NA
"9858",-3.8,40.98,"arabidopsis",683,2.83442070368153
"9859",-3.88,40.5,"arabidopsis",NA,NA
"9860",-2.62,42.24,"arabidopsis",463,2.66558099101795
"9861",-3.21,40.72,"arabidopsis",301,2.47856649559384
"9862",-3.67,40.45,"arabidopsis",NA,NA
"9864",2.69,41.76,"arabidopsis",466,2.66838591669
"9866",-2.79,41.89,"arabidopsis",562,2.74973631556906
"9867",-3.218865,40.94151,"arabidopsis",560,2.7481880270062
"9868",2.37,41.78,"arabidopsis",534,2.72754125702856
"9869",-5.28,36.76,"arabidopsis",389,2.58994960132571
"9870",0.17,41.91,"arabidopsis",361,2.55750720190566
"9871",-3.99,40.75,"arabidopsis",622,2.79379038469082
"9873",-5.45,37.94,"arabidopsis",275,2.43933269383026
"9874",-3,42.34,"arabidopsis",360,2.55630250076729
"9875",-5.87,43.38,"arabidopsis",1043,3.01828430842653
"9876",0.99,41.34,"arabidopsis",534,2.72754125702856
"9877",-5.6,43.02,"arabidopsis",729,2.86272752831797
"9878",-3.62,40.78,"arabidopsis",406,2.60852603357719
"9879",-1.12,37.6,"arabidopsis",191,2.28103336724773
"9880",-3.44,42.72,"arabidopsis",512,2.70926996097583
"9881",-5.32,40.46,"arabidopsis",334,2.52374646681156
"9882",-4.26,40.46,"arabidopsis",478,2.67942789661212
"9883",-2.56,42.1,"arabidopsis",381,2.58092497567562
"9885",-3.68,41.14,"arabidopsis",461,2.66370092538965
"9886",1.73,42.38,"arabidopsis",518,2.71432975974523
"9887",-4.77,40.4,"arabidopsis",248,2.39445168082622
"9888",-3.31,40.93,"arabidopsis",278,2.44404479591808
"9890",-5.07,43.16,"arabidopsis",656,2.81690383937566
"9891",2.92,41.93,"arabidopsis",503,2.70156798505593
"9892",-6.96,42.68,"arabidopsis",617,2.79028516403324
"9894",0.76,42.59,"arabidopsis",623,2.79448804665917
"9895",2.57,41.78,"arabidopsis",474,2.67577834167409
"9897",-5.63,40.95,"arabidopsis",420,2.6232492903979
"9898",-3.58,41.14,"arabidopsis",381,2.58092497567562
"9899",0.84,42.54,"arabidopsis",632,2.80071707828239
"9900",-6.01,37.38,"arabidopsis",208,2.31806333496276
"9901",-2.98,42.27,"arabidopsis",581,2.76417613239033
"9902",-3.24,40.71,"arabidopsis",320,2.50514997831991
"9903",-3.1,42.31,"arabidopsis",527,2.72181061521255
"9904",-3.31,40.95,"arabidopsis",456,2.65896484266443
"9905",-4.01,40.76,"arabidopsis",642,2.80753502806885
"9906",4.25,40,"arabidopsis",NA,NA
"9908",3.47,50.72,"arabidopsis",491,2.69108149212297
"9909",3.3,50.59,"arabidopsis",493,2.69284691927723
"9910",3.52,50.68,"arabidopsis",543,2.73479982958885
"9911",4.28,47.16,"arabidopsis",783,2.89376176205794
"9912",4.55,46.67,"arabidopsis",537,2.72997428569956
"9914",5.33,47.58,"arabidopsis",530,2.72427586960079
"9915",3.94,47.45,"arabidopsis",704,2.84757265914211
"9917",4.34,46.69,"arabidopsis",406,2.60852603357719
"9918",5.21,47.43,"arabidopsis",564,2.75127910398334
"9920",4.32,48.54,"arabidopsis",492,2.69196510276736
"9921",4.41,48.57,"arabidopsis",590,2.77085201164214
"9924",4.24,48.59,"arabidopsis",584,2.7664128471124
"9925",4.52,48.91,"arabidopsis",569,2.75511226639507
"9926",4.1,48.86,"arabidopsis",637,2.80413943233535
"9927",3.69,44.05,"arabidopsis",457,2.65991620006985
"9928",3.77,44.12,"arabidopsis",449,2.65224634100332
"9929",3.71,43.92,"arabidopsis",NA,NA
"9930",4.14,43.91,"arabidopsis",427,2.63042787502502
"9932",4.33,44.12,"arabidopsis",355,2.55022835305509
"9933",3.89,43.74,"arabidopsis",510,2.70757017609794
"9935",2.93,50.6,"arabidopsis",NA,NA
"9937",2.69,50.79,"arabidopsis",515,2.71180722904119
"9938",2.99,50.65,"arabidopsis",NA,NA
"9939",-7.45,31.48,"arabidopsis",255,2.40654018043396
"9941",-8.54,40.92,"arabidopsis",NA,NA
"9942",-1.34,41.32,"arabidopsis",454,2.6570558528571
"9943",-5.74,39.73,"arabidopsis",284,2.45331834004704
"9944",-6.36,36.83,"arabidopsis",483,2.68394713075151
"9945",-3.11,41.8,"arabidopsis",510,2.70757017609794
"9946",-6.34,38.92,"arabidopsis",NA,NA
"9947",-3.9,40.74,"arabidopsis",452,2.65513843481138
"9948",-3.54,41.05,"arabidopsis",438,2.6414741105041
"9949",-6.93,42.69,"arabidopsis",768,2.88536122003151
"9950",0.76,42.63,"arabidopsis",743,2.87098881376058
"9951",82.5667,51.3333,"arabidopsis",635,2.80277372529198
"9952",82.55,51.32,"arabidopsis",616,2.78958071216443
"9953",82.19,51.33,"arabidopsis",560,2.7481880270062
"9955",60.46,54.09,"arabidopsis",369,2.56702636615906
"9956",60.48,54.06,"arabidopsis",330,2.51851393987789
"9957",51.75,53.04,"arabidopsis",568,2.75434833571102
"9958",49.48,53.33,"arabidopsis",752,2.87621784059164
"9959",49.48,53.33,"arabidopsis",752,2.87621784059164
"9960",57.56,51.31,"arabidopsis",460,2.66275783168157
"9962",15.32,40.57,"arabidopsis",315,2.4983105537896
"9963",16.26,39.18,"arabidopsis",462,2.66464197555613
"9964",16.23,38.36,"arabidopsis",461,2.66370092538965
"9965",16.22,38.38,"arabidopsis",485,2.68574173860226
"9966",15.65,40.28,"arabidopsis",421,2.62428209583567
"9968",16.27,39.27,"arabidopsis",374,2.57287160220048
"9969",16.45,40.18,"arabidopsis",446,2.64933485871214
"9970",11.2376,46.3716,"arabidopsis",827,2.91750550955255
"9971",11.331,46.513,"arabidopsis",701,2.84571801796666
"9972",11.331,46.513,"arabidopsis",701,2.84571801796666
"9973",11.2832,46.366,"arabidopsis",782,2.89320675305985
"9974",11.2928,46.3378,"arabidopsis",833,2.92064500140679
"9975",11.2928,46.3378,"arabidopsis",833,2.92064500140679
"9976",11.167,46.2543,"arabidopsis",729,2.86272752831797
"9978",10.817,46.6297,"arabidopsis",572,2.75739602879302
"9979",11.23,46.36,"arabidopsis",611,2.78604121024255
"9980",16.17,38.62,"arabidopsis",342,2.53402610605613
"9981",16.24,38.76,"arabidopsis",462,2.66464197555613
"9982",16.47,39.01,"arabidopsis",469,2.67117284271508
"9983",12.87,41.62,"arabidopsis",394,2.59549622182557
"9984",12.87,41.62,"arabidopsis",394,2.59549622182557
"9985",23.65,41.43,"arabidopsis",573,2.75815462196739
"9986",25.2,41.59,"arabidopsis",423,2.62634036737504
"9987",23.5,41.43,"arabidopsis",410,2.61278385671974
"9988",43.4767,41.7942,"arabidopsis",489,2.68930885912362
"9990",46.2831,41.8296,"arabidopsis",578,2.76192783842053
"9991",46.3728,41.2381,"arabidopsis",374,2.57287160220048
"9993",42.2394,38.6425,"arabidopsis",NA,NA
"9995",9.4,48.14,"arabidopsis",549,2.73957234445009
"9996",8.8,48.52,"arabidopsis",609,2.78461729263288
"9997",9.16,48.56,"arabidopsis",718,2.8561244442423
"9998",8.82,48.43,"arabidopsis",483,2.68394713075151
"9999",9.06,48.53,"arabidopsis",NA,NA
"10001",9.05,48.52,"arabidopsis",NA,NA
"10002",9.04,48.53,"arabidopsis",788,2.89652621748956
"10004",25.74,44.46,"arabidopsis",367,2.56466606425209
"10005",21.95,46.11,"arabidopsis",683,2.83442070368153
"10006",34.3814,44.6419,"arabidopsis",663,2.82151352840477
"10008",70.05,41.45,"arabidopsis",433,2.63648789635337
"10009",70.05,41.45,"arabidopsis",433,2.63648789635337
"10010",70.05,41.45,"arabidopsis",433,2.63648789635337
"10011",45.3622,39.8692,"arabidopsis",405,2.60745502321467
"10012",48.5594,38.9786,"arabidopsis",439,2.64246452024212
"10013",48.6131,38.7406,"arabidopsis",454,2.6570558528571
"10014",48.7992,38.6536,"arabidopsis",534,2.72754125702856
"10015",71.3,37.29,"arabidopsis",545,2.73639650227664
"10017",21.46,44.34,"arabidopsis",581,2.76417613239033
"10018",20.16,44.84,"arabidopsis",475,2.67669360962487
"10020",16.5,49.17,"arabidopsis",525,2.72015930340596
"10022",7.7667,48.0333,"arabidopsis",626,2.79657433321043
"10023",15.45,68.8,"arabidopsis",NA,NA
"10027",7.765567,48.02838,"arabidopsis",571,2.75663610824585
"14312",34.12,62.02,"arabidopsis",NA,NA
"14313",34.12,62.02,"arabidopsis",NA,NA
"14314",35.11,61.59,"arabidopsis",NA,NA
"14315",35.11,61.59,"arabidopsis",NA,NA
"14318",34.24,61.94,"arabidopsis",1109,3.04493154614916
"14319",34.24,61.94,"arabidopsis",1109,3.04493154614916
"15560",61.37,61.37,"arabidopsis",828,2.91803033678488
"15591",14.72665,48.3315333,"arabidopsis",659,2.81888541459401
"15592",14.7158667,48.3314667,"arabidopsis",645,2.80955971463527
"15593",14.7158667,48.3314667,"arabidopsis",645,2.80955971463527
"18694",32.09,60.4,"arabidopsis",NA,NA
"18696",30.63,61.57,"arabidopsis",NA,NA
"19949",14.7181667,48.3268333,"arabidopsis",645,2.80955971463527
"19950",14.7181667,48.3268333,"arabidopsis",645,2.80955971463527
"19951",14.7181667,48.3268333,"arabidopsis",645,2.80955971463527
