,nitrogen_0-5cm_mean_1000_sorghum,NHx-deposition1993
IS14446.70MUKAAXX.2.250006019,88,317.5799866
IS14567.MRG.4.250047680,NA,317.5799866
IS21519.628NVAAXX.5.250006979,107,389.6799927
IS25522.MRG.4.250047691,184,191.9499969
IS25523.MRG.4.250047692,184,191.9499969
IS25524.MRG.4.250047693,NA,191.9499969
IS30898.B064FABXX.1.250009989,281,419.1900024
IS31123.B064FABXX.1.250010001,321,419.1900024
IS9168.70MUKAAXX.2.250006009,360,490.5
IS10068.C1AB3ACXX.7.250137465,108,270.0799866
IS10189.C1AB3ACXX.7.250137466,NA,270.0799866
IS10191.C1AB3ACXX.7.250138387,76,182.9199982
IS10876.628P7AAXX.7.250007049,89,523.9000244
IS10882.628P7AAXX.7.250007073,89,523.9000244
IS11119.628NVAAXX.5.250006899,350,631.75
IS11374.70MUKAAXX.2.250006018,444,631.75
IS11424.C1AB3ACXX.7.250138388,265,445.6400146
IS11431.C1AB3ACXX.7.250138389,516,445.6400146
IS11473.D0D0HACXX.5.250046338,124,107.3399963
IS11619.D0D0HACXX.5.250046339,318,631.75
IS11758.B064FABXX.1.250009960,NA,469.1099854
IS11919.D0D0HACXX.5.250046340,248,107.3399963
IS11954.MRG.4.250047668,175,107.3399963
IS11960.D0D0HACXX.5.250046081,175,107.3399963
IS12031.C1AB3ACXX.7.250138390,266,515.0900269
IS12106.C1AB3ACXX.7.250138391,161,248.0200043
IS12110.70MUKAAXX.2.250006030,462,631.75
IS12169.628NVAAXX.5.250006923,271,317.5799866
IS12531.628NVAAXX.5.250006971,NA,469.1099854
IS12584.C1AB3ACXX.7.250138392,147,449.5
IS12590.C1AB3ACXX.7.250138393,186,250.3300018
IS13782.D0D0HACXX.5.250046354,NA,239.5099945
IS13791.628P7AAXX.7.250007099,NA,239.5099945
IS13827.70MUKAAXX.2.250006050,NA,239.5099945
IS13845.628NVAAXX.5.250006901,NA,239.5099945
IS13893.D0D0HACXX.5.250046355,NA,239.5099945
IS13919.D0D0HACXX.5.250046356,NA,239.5099945
IS13926.628NVAAXX.5.250006925,NA,239.5099945
IS13971.D0D0HACXX.5.250046357,NA,239.5099945
IS1398.628NVAAXX.5.250006961,172,318.8699951
IS13989.628NVAAXX.5.250006949,NA,239.5099945
IS14010.D0D0HACXX.5.250046358,NA,239.5099945
IS14449.70MUKAAXX.2.250006046,88,317.5799866
IS14478.70MUKAAXX.2.250006051,158,318.8699951
IS14556.70MUKAAXX.2.250006075,148,445.6400146
IS14564.MRG.4.250047679,88,317.5799866
IS14635.C1AB3ACXX.7.250138422,119,469.1099854
IS14719.MRG.4.250047681,NA,445.6400146
IS14724.C1AB3ACXX.7.250138424,366,445.6400146
IS14735.70MUKAAXX.2.250006039,308,445.6400146
IS17149.C1AB3ACXX.7.250138425,257,807.9500122
IS17185.C1AB3ACXX.7.250138426,97,206.8800049
IS17195.C1AB3ACXX.7.250138427,142,316.2099915
IS17196.C1AB3ACXX.7.250138428,105,807.9500122
IS18295.C1AB3ACXX.7.250138462,56,174.8500061
IS18303.C1AB3ACXX.7.250138463,50,197.6799927
IS18822.C1AB3ACXX.7.250138464,100,236.3399963
IS19016.70MUKAAXX.2.250006066,169,235.1300049
IS19026.628P7AAXX.7.250007103,169,235.1300049
IS19041.70MUKAAXX.2.250006078,169,235.1300049
IS19126.D0D0HACXX.5.250046083,169,235.1300049
IS19132.628NVAAXX.5.250006905,169,235.1300049
IS19153.MRG.4.250047481,169,235.1300049
IS19262.D0D0HACXX.5.250046084,169,235.1300049
IS19477.C1AB3ACXX.7.250138465,169,334.8399963
IS19485.C1AB3ACXX.7.250138466,232,334.8399963
IS19494.C1AB3ACXX.7.250138467,157,307.5400085
IS19507.C1AB3ACXX.7.250138468,234,193.0299988
IS19513.C1AB3ACXX.7.250138469,NA,334.8399963
IS19520.C1AB3ACXX.7.250138470,110,193.0299988
IS19946.C1AB3ACXX.7.250138479,48,99.94999695
IS19950.C1AB3ACXX.7.250138480,74,273.2399902
IS19953.628P7AAXX.7.250007033,56,99.94999695
IS19956.C1AB3ACXX.7.250138481,40,99.94999695
IS19962.C1AB3ACXX.7.250138482,58,11.47999954
IS19975.MRG.4.250047488,97,50.22000122
IS19978.C1AB3ACXX.7.250137625,99,50.22000122
IS19982.C1AB3ACXX.7.250137626,81,273.2399902
IS19988.C1AB3ACXX.7.250137627,53,99.94999695
IS19991.C1AB3ACXX.7.250137628,93,50.22000122
IS19998.C1AB3ACXX.7.250137629,80,273.2399902
IS20004.C1AB3ACXX.7.250137630,65,273.2399902
IS20016.628P7AAXX.7.250007057,58,273.2399902
IS20024.C1AB3ACXX.7.250137631,58,273.2399902
IS20027.C1AB3ACXX.7.250137632,94,273.2399902
IS20028.C1AB3ACXX.7.250137633,52,273.2399902
IS20049.C1AB3ACXX.7.250137634,80,273.2399902
IS20064.628P7AAXX.7.250007081,98,273.2399902
IS20073.C1AB3ACXX.7.250137635,175,273.2399902
IS20087.C1AB3ACXX.7.250137636,85,273.2399902
IS20105.C1AB3ACXX.7.250137637,126,273.2399902
IS20116.C1AB3ACXX.7.250137638,103,273.2399902
IS20125.C1AB3ACXX.7.250137639,156,273.2399902
IS20146.C1AB3ACXX.7.250137640,NA,50.22000122
IS20158.C1AB3ACXX.7.250137641,53,206.8800049
IS20164.C1AB3ACXX.7.250137642,100,206.8800049
IS20166.C1AB3ACXX.7.250137643,88,206.8800049
IS20173.C1AB3ACXX.7.250137644,77,206.8800049
IS20187.C1AB3ACXX.7.250137645,79,206.8800049
IS20216.C1AB3ACXX.7.250137646,92,174.8500061
IS20225.C1AB3ACXX.7.250137647,105,206.8800049
IS20230.C1AB3ACXX.7.250137648,54,174.8500061
IS20234.C1AB3ACXX.7.250137649,92,174.8500061
IS20243.C1AB3ACXX.7.250137650,82,174.8500061
IS20250.C1AB3ACXX.7.250137651,68,174.8500061
IS20261.C1AB3ACXX.7.250137652,47,174.8500061
IS20300.C1AB3ACXX.7.250137653,65,174.8500061
IS20307.C1AB3ACXX.7.250137654,38,197.6799927
IS20314.C1AB3ACXX.7.250137655,46,174.8500061
IS20328.C1AB3ACXX.7.250137656,57,174.8500061
IS20345.C1AB3ACXX.7.250137657,41,197.6799927
IS20348.C1AB3ACXX.7.250137658,38,197.6799927
IS20363.C1AB3ACXX.7.250137659,57,174.8500061
IS20364.C1AB3ACXX.7.250137660,51,-2.200000048
IS20378.C1AB3ACXX.7.250137661,41,174.8500061
IS20398.C1AB3ACXX.7.250137662,39,197.6799927
IS20441.C1AB3ACXX.7.250137663,57,197.6799927
IS20448.C1AB3ACXX.7.250137664,44,197.6799927
IS20450.C1AB3ACXX.7.250137665,49,197.6799927
IS20452.C1AB3ACXX.7.250137666,55,11.47000027
IS20460.C1AB3ACXX.7.250137667,43,197.6799927
IS20463.C1AB3ACXX.7.250137668,40,197.6799927
IS20488.C1AB3ACXX.7.250137669,50,197.6799927
IS20490.C1AB3ACXX.7.250137670,37,197.6799927
IS20492.C1AB3ACXX.7.250137671,70,197.6799927
IS20497.C1AB3ACXX.7.250137672,64,197.6799927
IS20498.C1AB3ACXX.7.250137673,52,197.6799927
IS20905.C1AB3ACXX.7.250137674,NA,225.1300049
IS21015.C1AB3ACXX.7.250137675,224,449.5
IS21055.C1AB3ACXX.7.250137676,320,419.1900024
IS21083.MRG.4.250047501,348,490.5
IS21124.628NVAAXX.5.250006955,303,490.5
IS21126.70MUKAAXX.2.250006025,329,490.5
IS21139.C1AB3ACXX.7.250137677,433,449.5
IS21155.C1AB3ACXX.7.250137678,328,490.5
IS21160.C1AB3ACXX.7.250137679,135,449.5
IS21169.C1AB3ACXX.7.250137680,459,449.5
IS21309.C1AB3ACXX.7.250137682,132,449.5
IS21310.C1AB3ACXX.7.250137683,140,449.5
IS21323.C1AB3ACXX.7.250137684,159,449.5
IS21328.C1AB3ACXX.7.250137685,143,392.2799988
IS21343.C1AB3ACXX.7.250137686,332,392.2799988
IS21347.C1AB3ACXX.7.250137687,185,449.5
IS21401.70MUKAAXX.2.250006035,134,389.6799927
IS21403.C1AB3ACXX.7.250137688,129,389.6799927
IS21425.70MUKAAXX.2.250006057,254,120.1299973
IS21464.C1AB3ACXX.7.250137689,137,120.1299973
IS21512.MRG.4.250047502,130,187.9299927
IS21521.C1AB3ACXX.7.250137690,254,120.1299973
IS21522.C1AB3ACXX.7.250137691,117,389.6799927
IS21535.C1AB3ACXX.7.250137692,127,389.6799927
IS21545.C1AB3ACXX.7.250137693,130,389.6799927
IS21546.C1AB3ACXX.7.250137694,NA,389.6799927
IS21557.C1AB3ACXX.7.250137695,112,78.81999969
IS2156.628P7AAXX.7.250007017,88,174.8500061
IS21565.C1AB3ACXX.7.250137696,134,202.9199982
IS21583.C1AB3ACXX.7.250137697,119,389.6799927
IS21631.C1AB3ACXX.7.250137698,127,389.6799927
IS21645.MRG.4.250047503,124,187.9299927
IS22239.70MUKAAXX.2.250006015,85,164.4100037
IS22282.628P7AAXX.7.250007059,NA,164.4100037
IS22287.628P7AAXX.7.250007083,NA,164.4100037
IS22291.70MUKAAXX.2.250006026,107,164.4100037
IS22294.628P7AAXX.7.250007107,107,164.4100037
IS22325.70MUKAAXX.2.250006036,97,227.6900024
IS22330.628NVAAXX.5.250006909,79,164.4100037
IS22334.628NVAAXX.5.250006933,61,227.6900024
IS2262.628P7AAXX.7.250007041,88,317.5799866
IS22701.C1AB3ACXX.7.250137718,126,515.0900269
IS22702.C1AB3ACXX.7.250137719,138,515.0900269
IS22720.MRG.4.250047510,179,269.230011
IS22742.C1AB3ACXX.7.250137720,128,269.230011
IS22746.D1EYBACXX.1.250137752,161,269.230011
IS22751.D1EYBACXX.1.250137753,141,269.230011
IS22785.D1EYBACXX.1.250137754,181,515.0900269
IS22789.D1EYBACXX.1.250137755,169,164.4799957
IS22792.D1EYBACXX.1.250137756,130,164.4799957
IS22799.MRG.4.250047511,147,248.0200043
IS22909.70MUKAAXX.2.250006094,103,236.3399963
IS22986.70MUKAAXX.2.250006007,156,318.8699951
IS22996.70MUKAAXX.2.250006016,156,318.8699951
IS23033.D0D0HACXX.5.250046087,55,236.3399963
IS23048.70MUKAAXX.2.250006027,100,225.1100006
IS23053.70MUKAAXX.2.250006037,91,236.3399963
IS23100.628NVAAXX.5.250006957,109,223.75
IS23108.D1EYBACXX.1.250137757,143,449.5
IS23142.628NVAAXX.5.250006981,90,308.7999878
IS23166.B064FABXX.1.250010004,NA,308.7999878
IS23178.628P7AAXX.7.250007037,116,114.5299988
IS23184.D1EYBACXX.1.250137758,126,114.5299988
IS23188.D1EYBACXX.1.250137759,111,389.6799927
IS23216.MRG.4.250047513,136,389.6799927
IS23225.D1EYBACXX.1.250137760,138,389.6799927
IS23240.D1EYBACXX.1.250137761,109,389.6799927
IS23248.D1EYBACXX.1.250137762,127,82.75
IS23262.D1EYBACXX.1.250137763,122,202.9199982
IS23263.D1EYBACXX.1.250137764,124,389.6799927
IS23275.D1EYBACXX.1.250137765,118,389.6799927
IS23283.D1EYBACXX.1.250137766,157,75.59999847
IS23298.D1EYBACXX.1.250137767,109,389.6799927
IS23306.D1EYBACXX.1.250137768,120,202.9199982
IS23308.D1EYBACXX.1.250137769,120,389.6799927
IS23319.D1EYBACXX.1.250137770,107,202.9199982
IS23322.D1EYBACXX.1.250137771,97,114.5299988
IS23335.D1EYBACXX.1.250137772,127,202.9199982
IS23341.D1EYBACXX.1.250137773,97,202.9199982
IS23357.D1EYBACXX.1.250137774,111,202.9199982
IS23358.D1EYBACXX.1.250137775,115,202.9199982
IS23363.D1EYBACXX.1.250137776,145,202.9199982
IS23366.D1EYBACXX.1.250137777,124,82.75
IS23367.D1EYBACXX.1.250137778,91,75.59999847
IS23370.D1EYBACXX.1.250137779,117,389.6799927
IS23373.D1EYBACXX.1.250137780,131,82.75
IS23375.D1EYBACXX.1.250137781,109,82.75
IS23376.D1EYBACXX.1.250137782,104,82.75
IS23514.MRG.4.250047514,365,318.8699951
IS23521.MRG.4.250047515,268,318.8699951
IS23574.70MUKAAXX.2.250006059,268,318.8699951
IS23579.MRG.4.250047516,NA,318.8699951
IS23586.MRG.4.250047517,282,318.8699951
IS23590.MRG.4.250047518,282,318.8699951
IS23601.70MUKAAXX.2.250006071,258,318.8699951
IS23615.D1EYBACXX.1.250137783,450,445.6400146
IS23644.MRG.4.250047519,93,50.22000122
IS23645.628P7AAXX.7.250007085,93,50.22000122
IS23651.D1EYBACXX.1.250137784,130,273.2399902
IS23666.628P7AAXX.7.250007109,131,50.22000122
IS23669.628NVAAXX.5.250006911,176,50.22000122
IS2367.70MUKAAXX.1.250006437,167,523.9000244
IS23674.D1EYBACXX.1.250137785,197,50.22000122
IS23675.D1EYBACXX.1.250137786,142,120.1299973
IS23679.D1EYBACXX.1.250137787,202,120.1299973
IS23684.MRG.4.250047520,130,120.1299973
IS23685.D1EYBACXX.1.250137788,145,120.1299973
IS23687.D1EYBACXX.1.250137789,129,283.269989
IS23693.D1EYBACXX.1.250137790,103,120.1299973
IS23694.D1EYBACXX.1.250137791,219,49.93000031
IS23698.D1EYBACXX.1.250137792,125,78.81999969
IS23700.D1EYBACXX.1.250137793,114,78.81999969
IS23711.D1EYBACXX.1.250137794,115,78.81999969
IS2379.D0D0HACXX.5.250046286,117,228.8999939
IS2382.D0D0HACXX.5.250046287,117,228.8999939
IS2397.D0D0HACXX.5.250046289,117,228.8999939
IS2416.70MUKAAXX.1.250006449,117,228.8999939
IS24283.D1EYBACXX.1.250137795,134,202.9199982
IS24286.D1EYBACXX.1.250137797,89,307.2999878
IS24287.D1EYBACXX.1.250137798,110,202.9199982
IS24288.D1EYBACXX.1.250137799,163,202.9199982
IS24292.D1EYBACXX.1.250137800,NA,307.2999878
IS24294.D1EYBACXX.1.250137801,133,307.2999878
IS24297.D1EYBACXX.1.250137802,204,308.7999878
IS24299.D1EYBACXX.1.250137803,NA,308.7999878
IS2430.70MUKAAXX.1.250006461,NA,174.8500061
IS24302.D1EYBACXX.1.250137804,99,307.2999878
IS24308.D1EYBACXX.1.250137805,146,308.7999878
IS24309.D1EYBACXX.1.250137806,126,223.75
IS24713.B064FABXX.1.250009985,96,523.9000244
IS24775.D0D0HACXX.5.250046090,190,584.5900269
IS24786.B064FABXX.1.250009997,190,584.5900269
IS24875.D1EYBACXX.1.250137819,110,523.9000244
IS25055.B064FABXX.1.250009954,144,270.0799866
IS25098.D1EYBACXX.1.250137820,265,270.0799866
IS25506.D1EYBACXX.1.250137821,204,490.5
IS25543.D1EYBACXX.1.250137822,354,191.9499969
IS25548.MRG.4.250047537,NA,191.9499969
IS25670.D1EYBACXX.1.250137823,90,182.9199982
IS25690.D1EYBACXX.1.250137824,58,157.3500061
IS25694.D1EYBACXX.1.250137825,51,-11.77000046
IS25702.628P7AAXX.7.250007063,41,-11.77000046
IS25706.D1EYBACXX.1.250137826,58,157.3500061
IS25708.D1EYBACXX.1.250137827,56,-11.77000046
IS25722.D1EYBACXX.1.250137828,60,157.3500061
IS25732.MRG.4.250047538,76,273.2399902
IS25733.B064FABXX.1.250009950,36,-11.77000046
IS25752.D1EYBACXX.1.250137829,57,-5.619999886
IS25766.D1EYBACXX.1.250137830,67,-5.619999886
IS25772.D1EYBACXX.1.250137831,94,273.2399902
IS25783.D1EYBACXX.1.250137832,44,99.94999695
IS25784.D1EYBACXX.1.250137833,140,273.2399902
IS25798.D1EYBACXX.1.250137834,198,157.3500061
IS25804.D1EYBACXX.1.250137835,199,273.2399902
IS25812.D1EYBACXX.1.250137836,144,273.2399902
IS25816.D1EYBACXX.1.250137837,111,157.3500061
IS25836.B064FABXX.1.250010010,67,99.94999695
IS25839.D1EYBACXX.1.250137838,65,182.9199982
IS25848.D0D0HACXX.5.250046091,105,157.3500061
IS25865.D1EYBACXX.1.250137839,113,157.3500061
IS25868.D1EYBACXX.1.250137840,93,157.3500061
IS25877.D1EYBACXX.1.250137841,106,157.3500061
IS25888.D1EYBACXX.1.250137842,86,157.3500061
IS25912.D1EYBACXX.1.250137843,56,157.3500061
IS25913.D1EYBACXX.1.250137844,87,157.3500061
IS25921.D1EYBACXX.1.250137845,80,157.3500061
IS25931.D1EYBACXX.1.250137846,89,157.3500061
IS25936.D1EYBACXX.1.250137847,109,157.3500061
IS25945.D1EYBACXX.1.250138133,99,157.3500061
IS25966.D1EYBACXX.1.250138134,148,200.8099976
IS25985.D1EYBACXX.1.250138135,150,200.8099976
IS25987.D1EYBACXX.1.250138136,136,200.8099976
IS25989.MRG.4.250047541,79,157.3500061
IS26000.D1EYBACXX.1.250138137,101,157.3500061
IS26005.D1EYBACXX.1.250138138,131,200.8099976
IS26008.D1EYBACXX.1.250138139,147,200.8099976
IS26025.MRG.4.250047542,79,157.3500061
IS26031.D1EYBACXX.1.250138140,56,157.3500061
IS26056.D1EYBACXX.1.250138141,91,182.9199982
IS26072.D1EYBACXX.1.250138142,68,157.3500061
IS26090.D1EYBACXX.1.250138143,64,-5.619999886
IS26091.D1EYBACXX.1.250138144,100,-5.619999886
IS26101.D1EYBACXX.1.250138145,60,-5.619999886
IS26103.D1EYBACXX.1.250138146,206,182.9199982
IS26108.D1EYBACXX.1.250138147,101,182.9199982
IS26110.B064FABXX.1.250010016,59,182.9199982
IS26123.D1EYBACXX.1.250138148,63,182.9199982
IS26131.D1EYBACXX.1.250138149,63,182.9199982
IS26136.D1EYBACXX.1.250138150,66,182.9199982
IS26137.D1EYBACXX.1.250138151,61,157.3500061
IS26142.D1EYBACXX.1.250138152,113,157.3500061
IS26147.D1EYBACXX.1.250138153,71,157.3500061
IS26148.D1EYBACXX.1.250138154,108,273.2399902
IS26198.D0D0HACXX.5.250046092,188,316.2099915
IS26222.MRG.4.250047544,136,316.2099915
IS26224.D0D0HACXX.5.250046093,186,316.2099915
IS26282.D1EYBACXX.1.250138155,174,316.2099915
IS26285.D1EYBACXX.1.250138156,193,316.2099915
IS26370.D1EYBACXX.1.250138157,138,316.2099915
IS26376.D1EYBACXX.1.250138158,178,316.2099915
IS26390.D1EYBACXX.1.250138159,490,347.6099854
IS26404.D1EYBACXX.1.250138161,321,347.6099854
IS26419.D1EYBACXX.1.250138162,241,347.6099854
IS26434.D1EYBACXX.1.250138163,79,316.2099915
IS26485.D1EYBACXX.1.250138164,113,316.2099915
IS26516.D1EYBACXX.1.250138165,105,197.6799927
IS26532.D1EYBACXX.1.250138166,102,197.6799927
IS26540.D1EYBACXX.1.250138167,144,316.2099915
IS26548.D1EYBACXX.1.250138168,174,316.2099915
IS26565.D1EYBACXX.1.250138169,156,316.2099915
IS26566.D1EYBACXX.1.250138170,149,347.6099854
IS26575.D1EYBACXX.1.250138171,138,316.2099915
IS26576.D1EYBACXX.1.250138172,125,316.2099915
IS26579.D1EYBACXX.1.250138173,100,316.2099915
IS26588.D1EYBACXX.1.250138174,173,316.2099915
IS26594.D1EYBACXX.1.250138175,149,316.2099915
IS26596.D1EYBACXX.1.250138176,118,316.2099915
IS26598.D1EYBACXX.1.250138177,109,316.2099915
IS26602.D1EYBACXX.1.250138178,135,316.2099915
IS26634.D1EYBACXX.1.250138179,216,75.59999847
IS26635.D1EYBACXX.1.250138180,157,75.59999847
IS26638.D1EYBACXX.1.250138181,144,75.59999847
IS26641.D1EYBACXX.1.250138182,122,138.6999969
IS26837.D1EYBACXX.1.250138185,185,334.8399963
IS27071.D1EYBACXX.1.250138191,117,283.269989
IS27087.D1EYBACXX.1.250138192,112,283.269989
IS27100.D1EYBACXX.1.250138193,149,283.269989
IS27123.D1EYBACXX.1.250138194,87,194.7100067
IS27129.D1EYBACXX.1.250138195,95,194.7100067
IS27132.D1EYBACXX.1.250138196,92,194.7100067
IS27137.D1EYBACXX.1.250138197,131,283.269989
IS27139.D1EYBACXX.1.250138198,92,114.5299988
IS27146.70MUKAAXX.1.250006389,110,283.269989
IS27156.D1EYBACXX.1.250138199,96,114.5299988
IS27164.70MUKAAXX.1.250006426,94,283.269989
IS27165.D1EYBACXX.1.250138200,98,283.269989
IS27167.D1EYBACXX.1.250138201,85,114.5299988
IS27169.D1EYBACXX.1.250138202,77,194.7100067
IS27179.D1EYBACXX.1.250138203,100,283.269989
IS27215.D1EYBACXX.1.250138204,118,114.5299988
IS27222.D1EYBACXX.1.250138205,119,187.9299927
IS27233.D1EYBACXX.1.250138206,138,114.5299988
IS27253.D1EYBACXX.1.250138207,148,187.9299927
IS27287.D0D0HACXX.5.250046095,56,182.9199982
IS27292.D1EYBACXX.1.250138208,76,182.9199982
IS27336.D1EYBACXX.1.250138209,49,182.9199982
IS27387.D1EYBACXX.1.250138210,73,316.2099915
IS27393.D1EYBACXX.1.250138211,78,197.6799927
IS27490.70MUKAAXX.1.250006429,92,182.9199982
IS27502.D1EYBACXX.1.250138212,68,182.9199982
IS27527.D1EYBACXX.1.250138213,129,182.9199982
IS27557.MRG.4.250047552,67,182.9199982
IS27587.B064FABXX.1.250009955,160,206.8800049
IS27599.B064FABXX.1.250009967,127,206.8800049
IS27680.D1EYBACXX.1.250138214,313,261.5400085
IS27697.MRG.4.250047553,302,261.5400085
IS27708.D1EYBACXX.1.250138215,346,261.5400085
IS27717.D1EYBACXX.1.250138216,301,261.5400085
IS27726.D1EYBACXX.1.250138217,350,126.3700027
IS27736.D1EYBACXX.1.250138218,479,261.5400085
IS27740.D1EYBACXX.1.250138219,328,261.5400085
IS27766.D1EYBACXX.1.250138220,298,261.5400085
IS27775.D1EYBACXX.1.250138221,249,261.5400085
IS27855.B064FABXX.1.250009999,120,228.8999939
IS27858.D1EYBACXX.1.250138222,154,239.5099945
IS27859.D1EYBACXX.1.250138223,319,260.1199951
IS27887.MRG.4.250047555,121,164.4100037
IS27912.MRG.4.250047556,156,164.4100037
IS29187.MRG.4.250047567,209,260.1199951
IS29228.D1EYBACXX.1.250138011,193,260.1199951
IS29233.70MUKAAXX.1.250006441,166,260.1199951
IS29239.MRG.4.250047569,166,260.1199951
IS29241.MRG.4.250047570,166,260.1199951
IS29304.MRG.4.250047572,209,260.1199951
IS29310.70MUKAAXX.1.250006453,212,228.8999939
IS29314.MRG.4.250047573,212,228.8999939
IS29326.MRG.4.250047605,166,260.1199951
IS29335.MRG.4.250047606,166,260.1199951
IS29358.MRG.4.250047607,168,239.5099945
IS29392.MRG.4.250047608,368,239.5099945
IS29407.70MUKAAXX.1.250006382,255,239.5099945
IS29409.70MUKAAXX.1.250006390,255,239.5099945
IS29441.MRG.4.250047609,247,166.1199951
IS29468.MRG.4.250047610,256,166.1199951
IS29472.B064FABXX.1.250009983,256,166.1199951
IS29496.70MUKAAXX.1.250006398,224,166.1199951
IS29565.MRG.4.250047612,NA,239.5099945
IS29568.MRG.4.250047613,NA,239.5099945
IS29569.70MUKAAXX.1.250006410,NA,239.5099945
IS29582.MRG.4.250047614,NA,239.5099945
IS29685.D1EYBACXX.1.250138013,88,283.269989
IS29689.MRG.4.250047618,100,283.269989
IS29691.70MUKAAXX.1.250006442,100,283.269989
IS29714.MRG.4.250047619,110,283.269989
IS29733.MRG.4.250047620,127,283.269989
IS29757.D1EYBACXX.1.250138014,125,283.269989
IS29772.MRG.4.250047621,99,187.9299927
IS29798.D0D0HACXX.5.250046098,124,187.9299927
IS29808.D1EYBACXX.1.250138015,119,187.9299927
IS29838.D1EYBACXX.1.250138016,107,187.9299927
IS29856.D1EYBACXX.1.250138017,96,187.9299927
IS29860.D1EYBACXX.1.250138018,85,187.9299927
IS29866.D1EYBACXX.1.250138019,130,187.9299927
IS29870.B064FABXX.1.250010000,105,194.7100067
IS29872.70MUKAAXX.1.250006454,105,194.7100067
IS29876.70MUKAAXX.1.250006466,105,194.7100067
IS29911.70MUKAAXX.1.250006383,88,194.7100067
IS29914.MRG.4.250047622,88,194.7100067
IS29950.MRG.4.250047623,103,194.7100067
IS29966.B064FABXX.1.250010012,105,194.7100067
IS29977.D0D0HACXX.5.250046099,105,194.7100067
IS30024.D1EYBACXX.1.250138020,96,114.5299988
IS30079.MRG.4.250047624,85,194.7100067
IS30092.MRG.4.250047625,94,194.7100067
IS30095.D1EYBACXX.1.250138021,87,194.7100067
IS30122.D1EYBACXX.1.250138022,135,187.9299927
IS30145.D1EYBACXX.1.250138023,172,283.269989
IS30175.70MUKAAXX.1.250006391,104,187.9299927
IS30205.D0D0HACXX.5.250046101,182,283.269989
IS30207.B064FABXX.1.250010024,182,283.269989
IS30213.D1EYBACXX.1.250138024,96,114.5299988
IS30231.MRG.4.250047626,NA,187.9299927
IS30572.MRG.4.250047640,NA,584.5900269
IS30619.B064FABXX.1.250009957,116,206.8800049
IS3073.628P7AAXX.7.250007019,75,236.3399963
IS30748.B064FABXX.1.250009968,NA,584.5900269
IS3075.C1AB3ACXX.7.250137273,53,236.3399963
IS30838.MRG.4.250047641,253,584.5900269
IS30853.D1EYBACXX.1.250138038,NA,584.5900269
IS30855.D1EYBACXX.1.250138039,184,584.5900269
IS30858.D1EYBACXX.1.250138040,370,584.5900269
IS30860.D1EYBACXX.1.250138041,247,225.1300049
IS30864.D1EYBACXX.1.250138042,170,498.2399902
IS30867.D1EYBACXX.1.250138043,143,498.2399902
IS30868.D1EYBACXX.1.250138044,151,498.2399902
IS31043.MRG.4.250047642,248,419.1900024
IS31179.B064FABXX.1.250010013,426,419.1900024
IS31186.MRG.4.250047643,239,419.1900024
IS31195.B064FABXX.1.250010025,209,419.1900024
IS31202.B064FABXX.1.250009940,305,419.1900024
IS31299.B064FABXX.1.250009980,372,191.9499969
IS31446.MRG.4.250047644,380,419.1900024
IS31533.B064FABXX.1.250009958,177,490.5
IS31557.MRG.4.250047645,198,223.75
IS31559.70MUKAAXX.1.250006419,231,191.9499969
IS31666.D1EYBACXX.1.250138045,238,59.63999939
IS32569.70MUKAAXX.1.250006400,136,269.230011
IS32571.D1EYBACXX.1.250138068,133,269.230011
IS32685.D1EYBACXX.1.250138069,140,248.0200043
IS32754.MRG.4.250047697,NA,164.4799957
IS32986.B064FABXX.1.250009969,109,223.75
IS33023.MRG.4.250047654,NA,223.75
IS33173.B064FABXX.1.250009991,108,206.8800049
IS33178.B064FABXX.1.250010003,93,584.5900269
IS33209.B064FABXX.1.250010015,100,584.5900269
IS33242.D1EYBACXX.1.250138070,131,225.1300049
IS33261.70MUKAAXX.1.250006427,77,584.5900269
IS34226.D1EYBACXX.1.250138084,77,194.7100067
IS3443.70MUKAAXX.1.250006462,162,318.8699951
IS3457.C1AB3ACXX.7.250137275,263,334.8399963
IS34778.D1EYBACXX.1.250138085,258,498.2399902
IS34781.D1EYBACXX.1.250138086,205,498.2399902
IS34814.D1EYBACXX.1.250138087,166,230.3899994
IS34840.D1EYBACXX.1.250138088,128,230.3899994
IS34851.D1EYBACXX.1.250138089,183,230.3899994
IS34860.D1EYBACXX.1.250138090,209,230.3899994
IS34895.D1EYBACXX.1.250138091,298,197.25
IS34901.D1EYBACXX.1.250138092,158,230.3899994
IS34906.D1EYBACXX.1.250138093,210,230.3899994
IS34908.D1EYBACXX.1.250138094,NA,230.3899994
IS34909.D1EYBACXX.1.250138095,165,230.3899994
IS34913.D1EYBACXX.1.250138096,183,230.3899994
IS34928.D1EYBACXX.1.250138097,188,230.3899994
IS34938.D1EYBACXX.1.250138098,279,230.3899994
IS34939.D1EYBACXX.1.250138099,144,230.3899994
IS34947.D1EYBACXX.1.250138100,162,230.3899994
IS34954.D1EYBACXX.1.250138101,227,235.1300049
IS34965.D1EYBACXX.1.250138260,175,235.1300049
IS34976.D1EYBACXX.1.250138261,295,230.3899994
IS3507.70MUKAAXX.1.250006474,162,318.8699951
IS3511.628P7AAXX.7.250007043,103,318.8699951
IS35170.D1EYBACXX.1.250138262,NA,194.7100067
IS35427.D1EYBACXX.1.250138278,256,419.1900024
IS35471.D1EYBACXX.1.250138279,205,114.5299988
IS35475.D1EYBACXX.1.250138280,144,113.7600021
IS35478.D1EYBACXX.1.250138281,118,113.7600021
IS35480.D1EYBACXX.1.250138282,86,113.7600021
IS35483.D1EYBACXX.1.250138283,89,148.4700012
IS35503.D1EYBACXX.1.250138284,82,148.4700012
IS35506.D1EYBACXX.1.250138285,84,148.4700012
IS35507.D1EYBACXX.1.250138286,80,130.1399994
IS35509.D1EYBACXX.1.250138287,NA,130.1399994
IS35510.D1EYBACXX.1.250138288,74,148.4700012
IS35522.D1EYBACXX.1.250138289,102,0.800000012
IS35526.D1EYBACXX.1.250138290,107,148.4700012
IS35553.D1EYBACXX.1.250138291,86,148.4700012
IS35567.D1EYBACXX.1.250138292,102,148.4700012
IS35570.D1EYBACXX.1.250138293,79,148.4700012
IS35574.D1EYBACXX.1.250138294,105,148.4700012
IS35579.D1EYBACXX.1.250138296,75,148.4700012
IS35602.D1EYBACXX.1.250138297,159,0.800000012
IS35604.D1EYBACXX.1.250138298,122,0.800000012
IS3582.C1AB3ACXX.7.250137276,38,62.38000107
IS3583.70MUKAAXX.1.250006387,162,318.8699951
IS37124.D1EYBACXX.1.250138319,103,114.5299988
IS37125.D1EYBACXX.1.250138320,128,113.7600021
IS37127.D1EYBACXX.1.250138321,103,114.5299988
IS37128.D1EYBACXX.1.250138322,105,114.5299988
IS37129.D1EYBACXX.1.250138323,75,113.7600021
IS37133.D1EYBACXX.1.250138324,183,113.7600021
IS37134.D1EYBACXX.1.250138325,116,113.7600021
IS37135.D1EYBACXX.1.250138326,122,75.59999847
IS37136.D1EYBACXX.1.250138327,133,113.7600021
IS37140.D1EYBACXX.1.250138328,108,113.7600021
IS37146.D1EYBACXX.1.250138329,70,113.7600021
IS37569.D1EYBACXX.1.250138332,185,469.1099854
IS37746.D1EYBACXX.1.250138333,392,631.75
IS37978.D1EYBACXX.1.250138334,54,469.1099854
IS38021.D1EYBACXX.1.250138335,514,631.75
IS38026.D1EYBACXX.1.250138336,290,317.5799866
IS38159.D1EYBACXX.1.250138337,NA,140
IS38683.D1EYBACXX.1.250138338,295,317.5799866
IS3885.70MUKAAXX.1.250006439,99,157.3500061
IS3905.628P7AAXX.7.250007091,99,157.3500061
IS39453.D1EYBACXX.1.250138339,301,317.5799866
IS39462.D1EYBACXX.1.250138340,264,631.75
IS39463.D1EYBACXX.1.250138341,253,317.5799866
IS39474.D1EYBACXX.1.250138342,306,318.8699951
IS39496.D1EYBACXX.1.250138343,361,631.75
IS39525.D1EYBACXX.1.250138344,354,631.75
IS39672.D1EYBACXX.1.250138345,138,523.9000244
IS39677.D1EYBACXX.1.250138346,232,584.5900269
IS39713.D1EYBACXX.1.250138347,104,523.9000244
IS39764.D1EYBACXX.1.250138348,93,174.8500061
IS39778.D1EYBACXX.1.250138349,99,174.8500061
IS39780.D1EYBACXX.1.250138350,101,206.8800049
IS39783.D1EYBACXX.1.250138351,156,523.9000244
IS39791.D1EYBACXX.1.250138352,NA,174.8500061
IS39797.D1EYBACXX.1.250138353,66,206.8800049
IS39809.D1EYBACXX.1.250138354,203,584.5900269
IS39810.D1EYBACXX.1.250138355,261,584.5900269
IS39814.D1EYBACXX.8.250140165,92,584.5900269
IS39815.D1EYBACXX.8.250140166,101,584.5900269
IS39819.D1EYBACXX.8.250140167,68,206.8800049
IS39913.D1EYBACXX.8.250140168,279,419.1900024
IS39915.D1EYBACXX.8.250140169,308,419.1900024
IS40005.D1EYBACXX.8.250140170,262,419.1900024
IS40033.D1EYBACXX.8.250140171,NA,523.9000244
IS40034.D1EYBACXX.8.250140172,138,523.9000244
IS40036.D1EYBACXX.8.250140173,173,523.9000244
IS40373.D1EYBACXX.8.250140181,NA,490.5
IS7069.C1AB3ACXX.7.250137412,43,62.38000107
IS7277.70MUKAAXX.2.250006045,136,584.5900269
IS7304.C1AB3ACXX.7.250137413,82,206.8800049
IS7305.D0D0HACXX.5.250046319,106,206.8800049
IS7310.D0D0HACXX.5.250046320,101,206.8800049
IS7312.C1AB3ACXX.7.250137414,53,206.8800049
IS7314.70MUKAAXX.2.250006028,NA,206.8800049
IS7343.C1AB3ACXX.7.250137415,113,206.8800049
IS7348.C1AB3ACXX.7.250137416,NA,206.8800049
IS7360.C1AB3ACXX.7.250137417,80,206.8800049
IS7367.C1AB3ACXX.7.250137418,NA,347.6099854
IS7386.C1AB3ACXX.7.250137419,120,584.5900269
IS7389.C1AB3ACXX.7.250137420,131,584.5900269
IS7403.C1AB3ACXX.7.250137421,156,807.9500122
IS7408.C1AB3ACXX.7.250137422,114,523.9000244
IS7411.C1AB3ACXX.7.250137423,148,523.9000244
IS7418.C1AB3ACXX.7.250137424,381,807.9500122
IS7419.C1AB3ACXX.7.250137425,200,498.2399902
IS7424.C1AB3ACXX.7.250137426,109,584.5900269
IS7428.C1AB3ACXX.7.250137427,144,523.9000244
IS7447.C1AB3ACXX.7.250137428,93,197.6799927
IS7463.D0D0HACXX.5.250046078,213,584.5900269
IS7469.C1AB3ACXX.7.250137429,240,807.9500122
IS7480.C1AB3ACXX.7.250137430,236,807.9500122
IS7486.C1AB3ACXX.7.250137431,190,807.9500122
IS7490.C1AB3ACXX.7.250137432,109,206.8800049
IS7492.C1AB3ACXX.7.250137433,64,206.8800049
IS7506.C1AB3ACXX.7.250137434,111,807.9500122
IS7508.C1AB3ACXX.7.250137435,147,523.9000244
IS7535.C1AB3ACXX.7.250137436,115,197.6799927
IS7620.D0D0HACXX.5.250046079,86,523.9000244
IS7643.C1AB3ACXX.7.250137437,92,523.9000244
IS7679.D0D0HACXX.5.250046321,215,584.5900269
IS7689.C1AB3ACXX.7.250137438,95,174.8500061
IS7696.C1AB3ACXX.7.250137439,119,523.9000244
IS7702.C1AB3ACXX.7.250137440,160,523.9000244
IS7704.C1AB3ACXX.7.250137441,107,523.9000244
IS7722.70MUKAAXX.2.250006048,98,197.6799927
IS7763.C1AB3ACXX.7.250137442,206,523.9000244
IS7773.C1AB3ACXX.7.250137443,116,523.9000244
IS7792.C1AB3ACXX.7.250137444,235,498.2399902
IS7802.C1AB3ACXX.7.250137445,97,523.9000244
IS7806.C1AB3ACXX.7.250137446,251,807.9500122
IS7812.C1AB3ACXX.7.250137447,126,523.9000244
IS7825.C1AB3ACXX.7.250137448,107,523.9000244
IS7834.C1AB3ACXX.7.250137449,253,807.9500122
IS7835.C1AB3ACXX.7.250137450,145,584.5900269
IS7836.C1AB3ACXX.7.250137451,165,807.9500122
IS7843.C1AB3ACXX.7.250137452,158,523.9000244
IS7845.C1AB3ACXX.7.250137453,283,347.6099854
IS7849.C1AB3ACXX.7.250137454,130,316.2099915
IS7861.628P7AAXX.7.250007023,176,523.9000244
IS7887.C1AB3ACXX.7.250137455,112,316.2099915
IS7889.628P7AAXX.7.250007047,119,316.2099915
IS7892.C1AB3ACXX.7.250137456,296,807.9500122
IS7920.C1AB3ACXX.7.250137457,100,174.8500061
IS7923.C1AB3ACXX.7.250137458,97,174.8500061
IS7948.C1AB3ACXX.7.250137459,93,316.2099915
IS7957.D0D0HACXX.5.250046322,151,197.6799927
IS7958.D0D0HACXX.5.250046080,109,197.6799927
IS7987.D0D0HACXX.5.250046323,109,197.6799927
IS7995.C1AB3ACXX.7.250137460,85,174.8500061
IS8777.D0D0HACXX.5.250046327,285,419.1900024
IS8861.C1AB3ACXX.7.250137462,255,449.5
IS8916.D0D0HACXX.5.250046328,293,419.1900024
IS9108.D0D0HACXX.5.250046329,321,490.5
IS9113.D0D0HACXX.5.250046330,321,490.5
IS9115.C1AB3ACXX.7.250137463,155,490.5
IS9597.70MUKAAXX.2.250006029,65,174.8500061
IS9713.70MUKAAXX.2.250006049,109,317.5799866
IS9720.C1AB3ACXX.7.250137464,116,225.1100006
IS9745.D0D0HACXX.5.250046332,125,236.3399963
IS9830.70MUKAAXX.1.250006404,169,235.1300049
IS9883.70MUKAAXX.2.250006061,169,235.1300049
IS9911.70MUKAAXX.2.250006073,128,307.5400085
PI151198.D1G0BACXX.7.250130017,386,317.5799866
PI155541.D1G0BACXX.7.250130029,98,389.6799927
PI213900.D1G0BACXX.7.250130041,187,449.5
PI267621.D1G0BACXX.7.250130053,350,631.75
PI285039.D1G0BACXX.7.250129930,NA,523.9000244
PI285042.D1G0BACXX.7.250130077,NA,523.9000244
PI329252.D1G0BACXX.7.250129882,NA,631.75
PI329256.D1G0BACXX.7.250130089,175,107.3399963
PI329285.D1G0BACXX.7.250130006,NA,469.1099854
PI329286.D1G0BACXX.7.250130018,NA,469.1099854
PI329299.D1G0BACXX.7.250130030,345,317.5799866
PI329300.D1G0BACXX.7.250130042,345,317.5799866
PI329301.D1G0BACXX.7.250130054,345,317.5799866
PI329310.D1G0BACXX.7.250130066,NA,469.1099854
PI329311.D1G0BACXX.7.250130078,137,515.0900269
PI329312.D1G0BACXX.7.250130090,137,515.0900269
PI329316.D1G0BACXX.7.250130007,NA,631.75
PI329318.D1G0BACXX.7.250130019,335,631.75
PI329319.D1G0BACXX.7.250130031,354,631.75
PI329320.D1G0BACXX.7.250130043,354,631.75
PI329325.D1G0BACXX.7.250130055,344,631.75
PI329326.D1G0BACXX.7.250130067,344,631.75
PI329333.D1G0BACXX.7.250130079,311,631.75
PI329338.D1G0BACXX.7.250129895,190,631.75
PI329351.D1G0BACXX.7.250130008,221,631.75
PI329394.D1G0BACXX.7.250130020,241,469.1099854
PI329403.D1G0BACXX.7.250130032,321,631.75
PI329442.D1G0BACXX.7.250130044,175,107.3399963
PI329465.D1G0BACXX.7.250130056,308,631.75
PI329466.D1G0BACXX.7.250130068,308,631.75
PI329470.D1G0BACXX.7.250130080,210,631.75
PI329471.D1G0BACXX.7.250130092,210,631.75
PI329473.D1G0BACXX.7.250130009,NA,445.6400146
PI329475.D1G0BACXX.7.250130021,424,631.75
PI329476.D1G0BACXX.7.250130033,468,445.6400146
PI329477.D1G0BACXX.7.250130045,468,445.6400146
PI329478.D1G0BACXX.7.250130057,424,631.75
PI329480.D1G0BACXX.7.250130069,254,445.6400146
PI329501.D1G0BACXX.7.250130081,347,631.75
PI329504.D1G0BACXX.7.250130093,347,631.75
PI329506.D1G0BACXX.7.250130010,347,631.75
PI329510.D1G0BACXX.7.250130022,NA,631.75
PI329511.D1G0BACXX.7.250130034,NA,631.75
PI329517.D1G0BACXX.7.250130046,NA,631.75
PI329518.D1G0BACXX.7.250130058,236,631.75
PI329519.D1G0BACXX.7.250130070,236,631.75
PI329540.D1G0BACXX.7.250130082,NA,631.75
PI329541.D1G0BACXX.7.250130094,NA,631.75
PI329545.D1G0BACXX.7.250130011,251,631.75
PI329546.D1G0BACXX.7.250129919,251,631.75
PI329550.D1G0BACXX.7.250130035,NA,631.75
PI329551.D1G0BACXX.7.250130047,NA,631.75
PI329554.D1G0BACXX.7.250130059,NA,631.75
PI329556.D1G0BACXX.7.250130071,336,445.6400146
PI329569.D1G0BACXX.7.250130083,281,631.75
PI329570.D1G0BACXX.7.250130095,459,631.75
PI329572.D1G0BACXX.7.250130012,459,631.75
PI329583.D1G0BACXX.7.250130024,381,631.75
PI329584.D1G0BACXX.7.250130036,381,631.75
PI329585.D1G0BACXX.7.250130048,381,631.75
PI329605.D1G0BACXX.7.250130060,NA,631.75
PI329606.D1G0BACXX.7.250130072,NA,631.75
PI329614.D1G0BACXX.7.250130084,261,631.75
PI329615.D1G0BACXX.7.250130096,261,631.75
PI329617.D1G0BACXX.7.250130013,304,631.75
PI329618.D1G0BACXX.7.250130025,304,631.75
PI329632.D1G0BACXX.7.250130037,370,631.75
PI329644.D1G0BACXX.7.250130049,383,631.75
PI329645.D1G0BACXX.7.250130061,497,631.75
PI329646.D1G0BACXX.7.250130073,497,631.75
PI329665.D1G0BACXX.7.250130085,277,631.75
PI329673.D1G0BACXX.7.250130097,277,631.75
PI329699.D1G0BACXX.7.250130014,443,445.6400146
PI329700.D1G0BACXX.7.250130026,237,318.8699951
PI329702.D1G0BACXX.7.250130038,NA,631.75
PI329704.D1G0BACXX.7.250130050,NA,631.75
PI329710.D1G0BACXX.7.250130062,422,631.75
PI329711.D1G0BACXX.7.250130074,422,631.75
PI329813.D1G0BACXX.7.250130086,254,317.5799866
PI329814.D1G0BACXX.7.250130098,254,317.5799866
PI329841.D1G0BACXX.7.250130015,342,317.5799866
PI329843.D1G0BACXX.7.250130039,282,317.5799866
PI329848.D1G0BACXX.7.250130051,280,631.75
PI329849.D1G0BACXX.7.250130063,280,631.75
PI329864.D1G0BACXX.7.250130075,343,631.75
PI329865.D1G0BACXX.7.250130087,343,631.75
PI329920.D1G0BACXX.7.250130099,275,469.1099854
PI330167.D1G0BACXX.7.250129931,360,317.5799866
PI330168.D1G0BACXX.7.250130028,360,317.5799866
PI330169.D1G0BACXX.7.250129943,360,317.5799866
PI330170.D1G0BACXX.7.250130052,360,317.5799866
PI330181.D1G0BACXX.7.250130064,157,317.5799866
PI330182.D1G0BACXX.7.250130076,157,317.5799866
PI330184.D1EYBACXX.8.250140257,268,317.5799866
PI330185.D1G0BACXX.7.250130100,268,317.5799866
PI330192.D1G0BACXX.7.250130132,220,317.5799866
PI330195.D1G0BACXX.7.250130144,192,317.5799866
PI330196.D1G0BACXX.7.250130156,162,317.5799866
PI330199.D1G0BACXX.7.250130168,247,317.5799866
PI330271.D1G0BACXX.7.250129918,190,631.75
PI330796.D1G0BACXX.7.250130180,407,445.6400146
PI330798.D1G0BACXX.7.250130192,296,631.75
PI330803.D1G0BACXX.7.250130204,350,318.8699951
PI330804.D1G0BACXX.7.250130216,350,318.8699951
PI330807.D1G0BACXX.7.250130133,370,318.8699951
PI330828.D1EYBACXX.8.250140258,457,631.75
PI330833.D1G0BACXX.7.250130157,392,631.75
PI330834.D1G0BACXX.7.250130169,392,631.75
PI330835.D1G0BACXX.7.250130181,457,631.75
PI330838.D1G0BACXX.7.250130193,355,631.75
PI330847.D1G0BACXX.7.250130205,355,631.75
PI330851.D1G0BACXX.7.250130217,378,631.75
PI330857.D1G0BACXX.7.250130134,378,631.75
PI330858.D1G0BACXX.7.250130146,222,469.1099854
PI330867.D1G0BACXX.7.250130158,222,469.1099854
PI337674.D1G0BACXX.7.250130170,247,469.1099854
PI337676.D1G0BACXX.7.250130182,191,445.6400146
PI337678.D1G0BACXX.7.250130194,253,469.1099854
PI337680.D1G0BACXX.7.250130206,330,631.75
PI337684.D1G0BACXX.7.250130218,444,631.75
PI337685.D1G0BACXX.7.250130135,330,631.75
PI337688.D1G0BACXX.7.250130147,191,445.6400146
PI337689.D1G0BACXX.7.250130159,334,469.1099854
PI510907.D1G0BACXX.7.250130171,88,164.4100037
PI510910.D1G0BACXX.7.250130183,90,164.4100037
PI510911.D1G0BACXX.7.250130195,90,164.4100037
PI510925.D1G0BACXX.7.250130207,NA,164.4100037
PI510926.D1G0BACXX.7.250130219,NA,164.4100037
PI510931.D1G0BACXX.7.250130136,74,103.7799988
PI510932.D1G0BACXX.7.250130148,74,103.7799988
PI510958.D1G0BACXX.7.250130160,86,164.4100037
PI510959.D1G0BACXX.7.250130172,86,164.4100037
PI510966.D1G0BACXX.7.250130184,100,194.7100067
PI510967.D1G0BACXX.7.250130196,100,194.7100067
PI510968.D1G0BACXX.7.250129908,90,194.7100067
PI510969.D1G0BACXX.7.250130220,90,194.7100067
PI510979.D1G0BACXX.7.250130137,81,164.4100037
PI510990.D1G0BACXX.7.250130149,81,227.6900024
PI510991.D1G0BACXX.7.250130161,81,227.6900024
PI511008.D1G0BACXX.7.250130173,58,103.7799988
PI511009.D1G0BACXX.7.250130185,58,103.7799988
PI514456.D1G0BACXX.7.250130197,95,273.2399902
PI514610.D1G0BACXX.7.250130209,181,273.2399902
PI514617.D1G0BACXX.7.250129906,191,50.22000122
PI521833.D1G0BACXX.7.250130221,107,389.6799927
PI533762.C00TDABXX.1.250004189,128,307.5400085
PI533769.C00TDABXX.1.250004153,34,62.38000107
PI533785.C00TDABXX.1.250004119,100,174.8500061
PI533789.C00TDABXX.1.250004159,97,236.3399963
PI533792.C00TDABXX.1.250004135,318,631.75
PI533794.C00TDABXX.1.250004112,318,631.75
PI533800.C00TDABXX.1.250004173,NA,469.1099854
PI533839.C00TDABXX.1.250004124,93,523.9000244
PI533876.C00TDABXX.2.250020296,100,174.8500061
PI533877.C00TDABXX.1.250004121,93,197.6799927
PI533882.B064FABXX.2.250009868,96,174.8500061
PI533910.C00TDABXX.1.250004147,97,236.3399963
PI533911.C00TDABXX.1.250004171,97,236.3399963
PI533912.C00TDABXX.1.250004138,97,236.3399963
PI533985.C00TDABXX.2.250020288,110,225.1100006
PI533986.C00TDABXX.1.250004176,128,307.5400085
PI533987.C00TDABXX.2.250020284,162,318.8699951
PI533991.B064FABXX.2.250009905,308,334.8399963
PI533996.C00TDABXX.2.250020224,162,318.8699951
PI534070.C00TDABXX.1.250004136,200,498.2399902
PI534075.D0D0BACXX.6.250040589,213,584.5900269
PI534079.C00TDABXX.1.250004131,136,523.9000244
PI534088.C00TDABXX.1.250004101,91,523.9000244
PI534092.C00TDABXX.2.250020233,110,174.8500061
PI534115.B064FABXX.2.250009817,284,318.8699951
PI534116.D0D0BACXX.6.250040571,254,317.5799866
PI534123.C00TDABXX.1.250004133,NA,469.1099854
PI534124.C00TDABXX.1.250004106,154,317.5799866
PI534127.C00TDABXX.1.250004114,309,631.75
PI534128.C00TDABXX.1.250004146,350,631.75
PI534133.B064FABXX.2.250009836,397,317.5799866
PI534135.C00TDABXX.1.250004170,350,631.75
PI534148.B064FABXX.2.250009902,NA,469.1099854
PI534155.C00TDABXX.1.250004097,NA,469.1099854
PI534157.C00TDABXX.1.250004161,NA,469.1099854
PI562989.D1G0BACXX.7.250130138,108,174.8500061
PI563009.D1G0BACXX.7.250130150,81,523.9000244
PI563151.D1G0BACXX.7.250130162,300,490.5
PI563153.D1G0BACXX.7.250130174,132,449.5
PI563154.D1G0BACXX.7.250130186,322,419.1900024
PI563155.D1G0BACXX.7.250130198,NA,490.5
PI563156.D1G0BACXX.7.250130210,369,419.1900024
PI563157.D1G0BACXX.7.250130222,295,419.1900024
PI563163.D1G0BACXX.7.250130139,321,490.5
PI563194.D1EYBACXX.8.250140217,300,490.5
PI563196.D1G0BACXX.7.250130163,NA,490.5
PI563198.D1G0BACXX.7.250130175,351,490.5
PI563199.D1G0BACXX.7.250130187,347,419.1900024
PI563200.D1G0BACXX.7.250130199,297,490.5
PI563207.D1G0BACXX.7.250130211,347,419.1900024
PI563208.D1G0BACXX.7.250129968,360,490.5
PI563209.D1G0BACXX.7.250130140,279,419.1900024
PI563219.D1G0BACXX.7.250130152,319,419.1900024
PI563289.D1G0BACXX.7.250130164,135,164.4100037
PI563334.D1G0BACXX.7.250130176,53,182.9199982
PI563338.D1G0BACXX.7.250130188,67,182.9199982
PI563343.D1G0BACXX.7.250130200,NA,182.9199982
PI563348.D1G0BACXX.7.250130212,NA,182.9199982
PI563350.D1G0BACXX.7.250130224,90,182.9199982
PI563359.D1G0BACXX.7.250130141,100,270.0799866
PI563364.D1G0BACXX.7.250130153,63,197.6799927
PI563366.D1G0BACXX.7.250130165,143,270.0799866
PI563377.D1G0BACXX.7.250130177,32,62.38000107
PI563378.D1G0BACXX.7.250130189,32,62.38000107
PI563482.D1G0BACXX.7.250130201,98,50.22000122
PI563483.D1G0BACXX.7.250130213,NA,50.22000122
PI563484.D1G0BACXX.7.250130225,70,50.22000122
PI563485.D1G0BACXX.7.250130142,46,11.47999954
PI563486.D1G0BACXX.7.250130154,46,11.47999954
PI563487.D1G0BACXX.7.250130166,112,157.3500061
PI563489.D1G0BACXX.7.250130178,NA,316.2099915
PI563490.D1G0BACXX.7.250130190,NA,316.2099915
PI563491.D1G0BACXX.7.250130202,NA,316.2099915
PI563492.D1G0BACXX.7.250130214,107,523.9000244
PI563497.D1G0BACXX.7.250130226,103,318.8699951
PI563513.D1G0BACXX.7.250129894,100,225.1100006
PI563515.D1G0BACXX.7.250130143,91,157.3500061
PI563516.D1EYBACXX.8.250140219,91,157.3500061
PI569012.D1G0BACXX.7.250130167,NA,317.5799866
PI569803.D1G0BACXX.7.250130179,NA,236.3399963
PI569804.D1G0BACXX.7.250130191,NA,236.3399963
PI569805.D1G0BACXX.7.250130203,NA,317.5799866
PI569819.D1G0BACXX.7.250130215,85,107.3399963
PI569833.D1G0BACXX.7.250130227,131,317.5799866
PI569834.D1FY1ACXX.8.250123305,143,317.5799866
PI569847.D1FY1ACXX.8.250123306,75,107.3399963
PI569860.D1FY1ACXX.8.250123308,NA,236.3399963
PI569869.D1FY1ACXX.8.250123309,121,236.3399963
PI569870.D1FY1ACXX.8.250123310,121,236.3399963
PI569873.D1FY1ACXX.8.250123311,NA,236.3399963
PI569875.D1FY1ACXX.8.250123312,149,318.8699951
PI569876.D1FY1ACXX.8.250123313,149,318.8699951
PI569886.D1FY1ACXX.8.250123315,257,318.8699951
PI570119.D1FY1ACXX.8.250123316,108,239.8999939
PI570120.D1FY1ACXX.8.250123317,101,239.8999939
PI570122.D1FY1ACXX.8.250123318,180,318.8699951
PI570123.D1FY1ACXX.8.250123319,180,318.8699951
PI570124.D1FY1ACXX.8.250123320,180,318.8699951
PI570125.D1FY1ACXX.8.250123321,121,236.3399963
PI570126.D1FY1ACXX.8.250123322,121,236.3399963
PI570127.D1FY1ACXX.8.250123323,179,318.8699951
PI570130.D1FY1ACXX.8.250123325,100,239.8999939
PI570136.D1FY1ACXX.8.250123326,106,239.8999939
PI570137.D1FY1ACXX.8.250123327,106,239.8999939
PI570139.D1FY1ACXX.8.250123328,106,239.8999939
PI570145.D1FY1ACXX.8.250123329,161,239.8999939
PI570146.D1FY1ACXX.8.250123330,161,239.8999939
PI570149.D1FY1ACXX.8.250123331,203,334.8399963
PI570154.D1FY1ACXX.8.250123332,125,307.5400085
PI570155.D1FY1ACXX.8.250123333,125,307.5400085
PI570157.D1FY1ACXX.8.250123334,182,307.5400085
PI570158.D1FY1ACXX.8.250123335,104,307.5400085
PI570159.D1FY1ACXX.8.250123336,104,307.5400085
PI570160.D1FY1ACXX.8.250123337,201,225.1100006
PI570162.D1FY1ACXX.8.250123338,125,236.3399963
PI570163.D1FY1ACXX.8.250123339,125,236.3399963
PI570164.D1FY1ACXX.8.250123340,83,236.3399963
PI570166.D1FY1ACXX.8.250123341,98,307.5400085
PI570168.D1FY1ACXX.8.250123342,125,236.3399963
PI570171.D1FY1ACXX.8.250123343,153,318.8699951
PI570174.D1FY1ACXX.8.250123345,60,236.3399963
PI570176.D1FY1ACXX.8.250123346,61,236.3399963
PI570189.D1FY1ACXX.8.250123347,285,318.8699951
PI570190.D1FY1ACXX.8.250123348,285,318.8699951
PI570191.D1FY1ACXX.8.250123349,285,318.8699951
PI570218.D1FY1ACXX.8.250123350,110,225.1100006
PI570219.D1FY1ACXX.8.250123351,110,225.1100006
PI570220.D1FY1ACXX.8.250123352,110,225.1100006
PI570228.D1FY1ACXX.8.250123353,119,236.3399963
PI570229.D1FY1ACXX.8.250123354,119,236.3399963
PI570233.D1FY1ACXX.8.250123355,136,236.3399963
PI570234.D1FY1ACXX.8.250123356,136,236.3399963
PI570237.D1FY1ACXX.8.250123357,96,236.3399963
PI570244.D1FY1ACXX.8.250123359,151,236.3399963
PI570248.D1FY1ACXX.8.250123361,54,239.8999939
PI570249.D1FY1ACXX.8.250123362,54,239.8999939
PI570252.D1FY1ACXX.8.250123364,55,236.3399963
PI570254.D1FY1ACXX.8.250123365,153,307.5400085
PI570255.D1FY1ACXX.8.250123366,113,235.1300049
PI570256.D1FY1ACXX.8.250123367,113,235.1300049
PI570260.D1FY1ACXX.8.250123368,83,11.67000008
PI570261.D1FY1ACXX.8.250123369,83,11.67000008
PI570262.D1FY1ACXX.8.250123370,83,11.67000008
PI570271.D1FY1ACXX.8.250123371,91,236.3399963
PI570278.D1FY1ACXX.8.250123372,122,225.1100006
PI570279.D1FY1ACXX.8.250123373,122,225.1100006
PI570284.D1FY1ACXX.8.250123374,96,67.56999969
PI570288.D1FY1ACXX.8.250123375,129,307.5400085
PI570289.D1FY1ACXX.8.250123376,129,307.5400085
PI570292.D1FY1ACXX.8.250123377,115,225.1100006
PI570294.D1FY1ACXX.8.250123378,57,62.38000107
PI570295.D1FY1ACXX.8.250123379,57,62.38000107
PI570296.D1FY1ACXX.8.250123380,101,225.1100006
PI570393.D1FY1ACXX.8.250123381,248,334.8399963
PI570494.D1FY1ACXX.8.250123382,225,318.8699951
PI570498.D1FY1ACXX.8.250123383,129,193.0299988
PI570501.D1FY1ACXX.8.250123385,308,334.8399963
PI570503.D1FY1ACXX.8.250123386,94,236.3399963
PI570504.D1FY1ACXX.8.250123387,162,307.5400085
PI570505.D1FY1ACXX.8.250123388,162,307.5400085
PI570511.D1FY1ACXX.8.250123389,121,225.1100006
PI570512.D1FY1ACXX.8.250123390,62,236.3399963
PI570518.D1FY1ACXX.8.250123391,119,334.8399963
PI570523.D1FY1ACXX.8.250123392,205,334.8399963
PI570524.D1FY1ACXX.8.250123393,97,236.3399963
PI570528.D1FY1ACXX.8.250123394,93,67.56999969
PI570539.D1FY1ACXX.8.250123395,313,318.8699951
PI570546.D1FY1ACXX.8.250123396,66,236.3399963
PI570549.D1FY1ACXX.8.250123397,93,67.56999969
PI570550.D1FY1ACXX.8.250123398,80,62.38000107
PI570554.D1FY1ACXX.8.250123399,34,62.38000107
PI570570.D1EYBACXX.8.250140298,265,318.8699951
PI570571.D1EYBACXX.8.250140358,265,318.8699951
PI570575.D1G0BACXX.7.250129945,119,334.8399963
PI570576.D1G0BACXX.7.250129957,265,318.8699951
PI570584.D1EYBACXX.8.250140350,311,193.0299988
PI570588.D1EYBACXX.8.250140362,308,334.8399963
PI570603.D1EYBACXX.8.250140374,97,239.8999939
PI570604.D1EYBACXX.8.250140387,113,236.3399963
PI570917.D1G0BACXX.7.250130005,97,317.5799866
PI570918.D1G0BACXX.7.250130091,97,317.5799866
PI571246.D1G0BACXX.7.250130023,94,236.3399963
PI571253.D1G0BACXX.7.250130027,121,225.1100006
PI571256.D1G0BACXX.7.250130088,152,318.8699951
PI571261.D1G0BACXX.7.250130145,205,334.8399963
PI571262.D1G0BACXX.7.250130208,132,67.56999969
PI571273.D1G0BACXX.7.250130155,143,193.0299988
PI571275.D1EYBACXX.8.250140208,98,236.3399963
PI571299.D1EYBACXX.8.250140209,55,236.3399963
PI571302.D1EYBACXX.8.250140210,47,107.3399963
PI571370.D1EYBACXX.8.250140211,88,317.5799866
PI571376.D1EYBACXX.8.250140212,158,318.8699951
PI576352.C00TDABXX.2.250020289,NA,164.4100037
PI576375.C00TDABXX.2.250020279,NA,631.75
PI576376.C00TDABXX.2.250020291,254,317.5799866
PI576380.B064FABXX.2.250009887,237,318.8699951
PI576381.C00TDABXX.2.250020315,254,317.5799866
PI576399.C00TDABXX.1.250004120,162,318.8699951
PI576425.C00TDABXX.2.250020317,NA,469.1099854
PI576426.C00TDABXX.2.250020303,360,317.5799866
PI576428.C00TDABXX.2.250020257,237,318.8699951
PI585379.D1EYBACXX.8.250140213,350,631.75
PI585394.D1EYBACXX.8.250140214,113,174.8500061
PI585405.D1EYBACXX.8.250140215,125,584.5900269
PI585406.D1G0BACXX.7.250129916,125,584.5900269
PI585411.D1G0BACXX.7.250129942,166,584.5900269
PI585412.D1G0BACXX.7.250129954,166,584.5900269
PI585413.D1G0BACXX.7.250129969,101,584.5900269
PI585414.D1G0BACXX.7.250129966,101,584.5900269
PI585415.D1G0BACXX.7.250129883,88,584.5900269
PI585416.D1G0BACXX.7.250129886,NA,584.5900269
PI585417.D1G0BACXX.7.250129898,NA,584.5900269
PI585418.D1G0BACXX.7.250129907,NA,584.5900269
PI585423.D1G0BACXX.7.250129910,108,584.5900269
PI585448.D1G0BACXX.7.250129955,NA,270.0799866
PI585449.D1G0BACXX.7.250129967,NA,270.0799866
PI585452.D1G0BACXX.7.250129884,175,270.0799866
PI585453.D1G0BACXX.7.250129896,92,270.0799866
PI585454.D1G0BACXX.7.250129922,154,270.0799866
PI585455.D1G0BACXX.7.250129934,165,270.0799866
PI585456.D1G0BACXX.7.250129920,165,270.0799866
PI585457.D1G0BACXX.7.250129932,146,270.0799866
PI585461.D1G0BACXX.7.250129944,92,270.0799866
PI585467.D1G0BACXX.7.250129956,NA,270.0799866
PI585468.D1G0BACXX.7.250129885,NA,270.0799866
PI585469.D1G0BACXX.7.250129897,NA,270.0799866
PI585470.D1G0BACXX.7.250129909,NA,270.0799866
PI585471.D1G0BACXX.7.250129921,114,270.0799866
PI585472.D1G0BACXX.7.250129933,114,270.0799866
PI585572.D1G0BACXX.7.250129946,298,308.019989
PI585573.D1EYBACXX.8.250140220,298,308.019989
PI585574.D1G0BACXX.7.250129958,298,308.019989
PI585576.D1G0BACXX.7.250129970,236,223.75
PI585577.D1EYBACXX.8.250140221,254,191.9499969
PI585578.D1EYBACXX.8.250140222,198,191.9499969
PI585579.D1EYBACXX.8.250140223,191,191.9499969
PI585580.D1EYBACXX.8.250140224,194,191.9499969
PI585581.D1EYBACXX.8.250140225,184,191.9499969
PI585582.D1G0BACXX.7.250129887,184,191.9499969
PI585583.D1EYBACXX.8.250140226,NA,191.9499969
PI585590.D1EYBACXX.8.250140227,NA,490.5
PI585595.D1EYBACXX.8.250140228,374,191.9499969
PI585596.D1G0BACXX.7.250129899,353,490.5
PI585600.D1G0BACXX.7.250129911,280,490.5
PI585602.D1EYBACXX.8.250140229,280,490.5
PI585607.D1EYBACXX.8.250140230,NA,490.5
PI585608.D1EYBACXX.8.250140231,NA,490.5
PI585609.D1EYBACXX.8.250140232,288,490.5
PI585971.D1G0BACXX.7.250129923,327,316.2099915
PI585981.D1G0BACXX.7.250129935,172,347.6099854
PI585984.D1EYBACXX.8.250140233,119,316.2099915
PI585985.D1EYBACXX.8.250140234,119,316.2099915
PI585987.D1EYBACXX.8.250140235,111,316.2099915
PI585989.D1EYBACXX.8.250140236,145,316.2099915
PI585991.D1EYBACXX.8.250140237,123,316.2099915
PI585992.D1EYBACXX.8.250140238,122,316.2099915
PI586000.D1EYBACXX.8.250140239,193,316.2099915
PI586008.D1EYBACXX.8.250140240,84,316.2099915
PI586028.D1EYBACXX.8.250140241,113,82.75
PI586032.D1EYBACXX.8.250140242,96,82.75
PI586033.D1EYBACXX.8.250140243,131,75.59999847
PI586034.D1EYBACXX.8.250140244,122,82.75
PI586035.D1EYBACXX.8.250140245,112,138.6999969
PI586036.D1EYBACXX.8.250140246,98,202.9199982
PI586037.D1EYBACXX.8.250140247,NA,82.75
PI586038.D1EYBACXX.8.250140248,NA,82.75
PI586039.D1EYBACXX.8.250140249,NA,82.75
PI586040.D1EYBACXX.8.250140250,118,82.75
PI586041.D1EYBACXX.8.250140251,187,82.75
PI586042.D1EYBACXX.8.250140252,187,82.75
PI586052.D1EYBACXX.8.250140253,126,187.9299927
PI586054.D1EYBACXX.8.250140254,NA,187.9299927
PI586107.D1EYBACXX.8.250140255,66,182.9199982
PI586108.D1G0BACXX.7.250129947,66,182.9199982
PI586109.D1EYBACXX.8.250140256,66,182.9199982
PI586110.D1FY1ACXX.8.250123432,57,182.9199982
PI586111.D1FY1ACXX.8.250123433,71,182.9199982
PI586112.D1FY1ACXX.8.250123434,107,182.9199982
PI586113.D1FY1ACXX.8.250123435,107,182.9199982
PI586114.D1FY1ACXX.8.250123436,62,182.9199982
PI586115.D1FY1ACXX.8.250123437,62,182.9199982
PI586117.D1FY1ACXX.8.250123438,69,197.6799927
PI586118.D1FY1ACXX.8.250123439,53,197.6799927
PI586119.D1FY1ACXX.8.250123440,50,197.6799927
PI586120.D1FY1ACXX.8.250123441,50,197.6799927
PI586123.D1FY1ACXX.8.250123442,69,197.6799927
PI586124.D1FY1ACXX.8.250123443,69,197.6799927
PI586128.D1FY1ACXX.8.250123444,73,182.9199982
PI586137.D1FY1ACXX.8.250123445,75,182.9199982
PI586141.D1FY1ACXX.8.250123446,47,182.9199982
PI586142.D1FY1ACXX.8.250123447,47,182.9199982
PI586147.D1FY1ACXX.8.250123448,NA,182.9199982
PI586148.D1FY1ACXX.8.250123449,47,182.9199982
PI586150.D1FY1ACXX.8.250123450,57,182.9199982
PI586151.D1FY1ACXX.8.250123451,64,182.9199982
PI586153.D1FY1ACXX.8.250123452,96,182.9199982
PI586154.D1FY1ACXX.8.250123453,83,182.9199982
PI586155.D1FY1ACXX.8.250123454,NA,182.9199982
PI586156.D1FY1ACXX.8.250123455,61,182.9199982
PI586157.D1FY1ACXX.8.250123456,69,182.9199982
PI586158.D1FY1ACXX.8.250123457,69,182.9199982
PI586159.D1FY1ACXX.8.250123458,87,182.9199982
PI586160.D1FY1ACXX.8.250123459,87,182.9199982
PI586161.D1FY1ACXX.8.250123460,88,182.9199982
PI586162.D1FY1ACXX.8.250123461,88,182.9199982
PI586163.D1FY1ACXX.8.250123462,110,270.0799866
PI586164.D1FY1ACXX.8.250123463,110,270.0799866
PI586165.D1FY1ACXX.8.250123464,55,182.9199982
PI586166.D1FY1ACXX.8.250123465,63,182.9199982
PI586167.D1EYBACXX.8.250140352,89,182.9199982
PI586168.D1FY1ACXX.8.250123467,89,182.9199982
PI586169.D1FY1ACXX.8.250123468,89,182.9199982
PI586172.D1FY1ACXX.8.250123469,57,182.9199982
PI586173.D1FY1ACXX.8.250123470,57,182.9199982
PI586174.D1FY1ACXX.8.250123471,55,182.9199982
PI586175.D1FY1ACXX.8.250123472,55,182.9199982
PI586176.D1FY1ACXX.8.250123473,55,182.9199982
PI586178.D1FY1ACXX.8.250123474,57,182.9199982
PI586179.D1FY1ACXX.8.250123475,57,182.9199982
PI586181.D1FY1ACXX.8.250123476,55,197.6799927
PI586182.D1FY1ACXX.8.250123477,55,197.6799927
PI586183.D1FY1ACXX.8.250123478,68,197.6799927
PI586184.D1FY1ACXX.8.250123479,89,197.6799927
PI586185.D1FY1ACXX.8.250123480,89,197.6799927
PI586201.D1FY1ACXX.8.250123481,87,182.9199982
PI586205.D1FY1ACXX.8.250123482,121,270.0799866
PI586239.D1FY1ACXX.8.250123483,84,182.9199982
PI586259.D1FY1ACXX.8.250123484,78,182.9199982
PI586272.D1FY1ACXX.8.250123485,128,182.9199982
PI586356.D1FY1ACXX.8.250123486,108,270.0799866
PI586357.D1FY1ACXX.8.250123487,108,270.0799866
PI586359.D1FY1ACXX.8.250123488,84,182.9199982
PI586360.D1FY1ACXX.8.250123489,84,182.9199982
PI586361.D1FY1ACXX.8.250123490,84,182.9199982
PI586362.D1FY1ACXX.8.250123491,84,182.9199982
PI586363.D1FY1ACXX.8.250123492,73,182.9199982
PI586364.D1FY1ACXX.8.250123493,73,182.9199982
PI586365.D1FY1ACXX.8.250123494,71,182.9199982
PI586366.D1FY1ACXX.8.250123495,60,182.9199982
PI586367.D1FY1ACXX.8.250123496,60,182.9199982
PI586368.D1FY1ACXX.8.250123497,109,182.9199982
PI586369.D1FY1ACXX.8.250123498,109,182.9199982
PI586370.D1FY1ACXX.8.250123499,74,182.9199982
PI586371.D1FY1ACXX.8.250123500,87,182.9199982
PI586374.D1FY1ACXX.8.250123501,79,270.0799866
PI586377.D1FY1ACXX.8.250123503,NA,111.1900024
PI586378.D1FY1ACXX.8.250123504,NA,111.1900024
PI586387.D1FY1ACXX.8.250123505,394,206.8800049
PI586388.D1FY1ACXX.8.250123506,394,206.8800049
PI586394.D1FY1ACXX.8.250123507,128,206.8800049
PI586403.D1FY1ACXX.8.250123508,NA,584.5900269
PI586404.D1FY1ACXX.8.250123509,NA,584.5900269
PI586405.D1FY1ACXX.8.250123510,NA,584.5900269
PI586464.D1FY1ACXX.8.250123511,164,228.8999939
PI586465.D1FY1ACXX.8.250123512,164,228.8999939
PI586466.D1FY1ACXX.8.250123513,NA,260.1199951
PI586467.D1FY1ACXX.8.250123514,NA,260.1199951
PI586470.D1FY1ACXX.8.250123515,204,260.1199951
PI586471.D1FY1ACXX.8.250123516,204,260.1199951
PI586472.D1FY1ACXX.8.250123517,162,239.5099945
PI586473.D1FY1ACXX.8.250123518,162,239.5099945
PI586476.D1FY1ACXX.8.250123519,149,228.8999939
PI586477.D1FY1ACXX.8.250123520,149,228.8999939
PI586479.D1FY1ACXX.8.250123521,126,228.8999939
PI586480.D1FY1ACXX.8.250123522,126,228.8999939
PI586481.D1FY1ACXX.8.250123523,185,228.8999939
PI586482.D1FY1ACXX.8.250123524,185,228.8999939
PI586483.D1FY1ACXX.8.250123525,185,228.8999939
PI586493.D1FY1ACXX.8.250123526,119,164.4100037
PI586498.D1FY1ACXX.8.250123527,120,164.4100037
PI586499.D1FY1ACXX.8.250123559,110,164.4100037
PI586500.D1FY1ACXX.8.250123560,110,164.4100037
PI586501.D1FY1ACXX.8.250123561,110,164.4100037
PI586503.D1FY1ACXX.8.250123562,156,164.4100037
PI586510.D1FY1ACXX.8.250123563,134,164.4100037
PI586511.D1FY1ACXX.8.250123564,134,164.4100037
PI597946.C00TDABXX.2.250020297,187,449.5
PI597952.C00TDABXX.2.250020271,128,307.5400085
PI597953.D1FY1ACXX.8.250123565,100,174.8500061
PI597954.D1FY1ACXX.8.250123566,130,523.9000244
PI597957.C00TDABXX.2.250020230,175,107.3399963
PI597964.C00TDABXX.2.250020251,257,318.8699951
PI608862.D1FY1ACXX.8.250123567,99,157.3500061
PI608863.D1FY1ACXX.8.250123568,99,157.3500061
PI608864.D1FY1ACXX.8.250123569,99,157.3500061
PI608865.D1FY1ACXX.8.250123570,99,157.3500061
PI609094.D1FY1ACXX.8.250123571,68,157.3500061
PI609200.D1FY1ACXX.8.250123572,79,157.3500061
PI609918.D1FY1ACXX.8.250123573,182,273.2399902
PI609919.D1FY1ACXX.8.250123574,182,273.2399902
PI610034.D1FY1ACXX.8.250123575,167,157.3500061
PI612776.D1FY1ACXX.8.250123576,69,99.94999695
PI612777.D1FY1ACXX.8.250123577,69,99.94999695
PI619639.D1FY1ACXX.8.250123578,87,223.75
PI619640.D1FY1ACXX.8.250123579,217,223.75
PI619641.D1FY1ACXX.8.250123580,80,223.75
PI619642.D1FY1ACXX.8.250123581,92,223.75
PI619643.D1FY1ACXX.8.250123582,81,490.5
PI619688.D1FY1ACXX.8.250123583,213,419.1900024
PI619689.D1FY1ACXX.8.250123584,213,419.1900024
PI619695.D1FY1ACXX.8.250123585,250,419.1900024
PI619696.D1FY1ACXX.8.250123586,263,419.1900024
PI619697.D1FY1ACXX.8.250123587,263,419.1900024
PI619698.D1FY1ACXX.8.250123588,257,419.1900024
PI619701.D1FY1ACXX.8.250123589,260,419.1900024
PI619702.D1FY1ACXX.8.250123590,260,419.1900024
PI619713.D1FY1ACXX.8.250123591,228,419.1900024
PI619716.D1FY1ACXX.8.250123592,317,419.1900024
PI619719.D1FY1ACXX.8.250123593,284,419.1900024
PI619720.D1FY1ACXX.8.250123594,284,419.1900024
PI619721.D1FY1ACXX.8.250123595,284,419.1900024
PI619733.D1FY1ACXX.8.250123596,265,419.1900024
PI619734.D1FY1ACXX.8.250123597,265,419.1900024
PI619735.D1FY1ACXX.8.250123598,265,419.1900024
PI619765.D1FY1ACXX.8.250123599,302,419.1900024
PI619773.D1FY1ACXX.8.250123600,289,419.1900024
PI619807.D1EYBACXX.8.250140364,248,419.1900024
PI619813.D1FY1ACXX.8.250123602,264,419.1900024
PI619816.D1FY1ACXX.8.250123603,207,419.1900024
PI619829.D1FY1ACXX.8.250123604,301,419.1900024
PI619830.D1FY1ACXX.8.250123605,301,419.1900024
PI619838.D1FY1ACXX.8.250123607,286,419.1900024
PI619860.D1FY1ACXX.8.250123608,321,419.1900024
PI619863.D1FY1ACXX.8.250123609,288,419.1900024
PI619879.D1FY1ACXX.8.250123610,249,419.1900024
PI619890.D1FY1ACXX.8.250123611,255,419.1900024
PI619896.D1FY1ACXX.8.250123612,289,419.1900024
PI619897.D1FY1ACXX.8.250123613,426,419.1900024
PI619901.D1FY1ACXX.8.250123614,230,419.1900024
PI619902.D1FY1ACXX.8.250123615,230,419.1900024
PI619903.D1FY1ACXX.8.250123616,238,419.1900024
PI619904.D1FY1ACXX.8.250123617,230,419.1900024
PI619920.D1FY1ACXX.8.250123619,291,419.1900024
PI619921.D1FY1ACXX.8.250123620,278,419.1900024
PI619928.D1FY1ACXX.8.250123621,283,419.1900024
PI619930.D1FY1ACXX.8.250123622,NA,419.1900024
PI619932.D1FY1ACXX.8.250123623,NA,419.1900024
PI619933.D1FY1ACXX.8.250123624,304,419.1900024
PI619935.D1FY1ACXX.8.250123625,272,419.1900024
PI619938.D1FY1ACXX.8.250123626,NA,419.1900024
PI619939.D1FY1ACXX.8.250123627,NA,419.1900024
PI619941.D1FY1ACXX.8.250123628,243,419.1900024
PI619950.D1FY1ACXX.8.250123629,268,419.1900024
PI619955.D1FY1ACXX.8.250123630,240,419.1900024
PI619956.D1FY1ACXX.8.250123631,240,419.1900024
PI619958.D1FY1ACXX.8.250123632,397,419.1900024
PI619959.D1FY1ACXX.8.250123633,397,419.1900024
PI619960.D1FY1ACXX.8.250123634,397,419.1900024
PI619962.D1FY1ACXX.8.250123635,238,419.1900024
PI619970.D1FY1ACXX.8.250123636,353,490.5
PI619972.D1FY1ACXX.8.250123637,353,490.5
PI619978.D1FY1ACXX.8.250123638,409,490.5
PI619981.D1FY1ACXX.8.250123639,409,490.5
PI619982.D1FY1ACXX.8.250123640,398,490.5
PI619983.D1FY1ACXX.8.250123641,398,490.5
PI619986.D1FY1ACXX.8.250123642,NA,419.1900024
PI619987.D1FY1ACXX.8.250123643,328,191.9499969
PI619988.D1FY1ACXX.8.250123644,328,191.9499969
PI619989.D1FY1ACXX.8.250123645,328,191.9499969
PI619994.D1FY1ACXX.8.250123646,356,191.9499969
PI620007.D1FY1ACXX.8.250123647,400,490.5
PI620020.D1FY1ACXX.8.250123648,398,191.9499969
PI620024.D1FY1ACXX.8.250123649,427,191.9499969
PI620026.D1FY1ACXX.8.250123650,427,191.9499969
PI620050.D1FY1ACXX.8.250123651,275,490.5
PI620055.D1FY1ACXX.8.250123652,377,419.1900024
PI620072.D1FY1ACXX.8.250123654,405,191.9499969
PI620083.D1FY1ACXX.8.250123687,412,419.1900024
PI620086.D1FY1ACXX.8.250123688,407,419.1900024
PI620090.D1FY1ACXX.8.250123689,367,419.1900024
PI620092.D1FY1ACXX.8.250123690,424,419.1900024
PI620094.D1FY1ACXX.8.250123692,328,419.1900024
PI620097.D1FY1ACXX.8.250123694,375,419.1900024
PI620102.D1FY1ACXX.8.250123695,386,419.1900024
PI620105.D1FY1ACXX.8.250123696,375,419.1900024
PI620106.D1FY1ACXX.8.250123697,375,419.1900024
PI620110.D1FY1ACXX.8.250123698,443,419.1900024
PI620111.D1FY1ACXX.8.250123699,495,419.1900024
PI620112.D1FY1ACXX.8.250123700,495,419.1900024
PI620119.D1FY1ACXX.8.250123702,394,419.1900024
PI620120.D1FY1ACXX.8.250123703,394,419.1900024
PI620121.D1FY1ACXX.8.250123704,342,419.1900024
PI620122.D1FY1ACXX.8.250123705,342,419.1900024
PI620129.D1FY1ACXX.8.250123706,361,419.1900024
PI620140.D1FY1ACXX.8.250123707,434,419.1900024
PI620150.D1FY1ACXX.8.250123708,434,419.1900024
PI620156.D1FY1ACXX.8.250123709,445,419.1900024
PI620157.D1FY1ACXX.8.250123710,445,419.1900024
PI620173.D1FY1ACXX.8.250123712,386,419.1900024
PI620180.D1FY1ACXX.8.250123713,181,490.5
PI620181.D1FY1ACXX.8.250123714,181,490.5
PI620367.D1FY1ACXX.8.250123715,129,308.7999878
PI620368.D1FY1ACXX.8.250123716,134,308.7999878
PI620369.D1FY1ACXX.8.250123717,NA,308.7999878
PI620370.D1FY1ACXX.8.250123718,116,308.7999878
PI620371.D1FY1ACXX.8.250123719,NA,308.7999878
PI620372.D1FY1ACXX.8.250123720,118,308.7999878
PI620373.D1FY1ACXX.8.250123721,NA,308.7999878
PI620375.D1FY1ACXX.8.250123722,115,308.7999878
PI620376.D1FY1ACXX.8.250123723,118,308.7999878
PI620377.D1FY1ACXX.8.250123724,118,308.7999878
PI620382.D1FY1ACXX.8.250123725,93,308.7999878
PI620383.D1FY1ACXX.8.250123726,93,308.7999878
PI620385.D1FY1ACXX.8.250123727,119,308.7999878
PI620386.D1FY1ACXX.8.250123728,119,308.7999878
PI620396.D1FY1ACXX.8.250123729,91,308.7999878
PI620405.D1FY1ACXX.8.250123730,129,308.7999878
PI620406.D1FY1ACXX.8.250123731,129,308.7999878
PI620409.D1FY1ACXX.8.250123732,129,308.7999878
PI620411.D1FY1ACXX.8.250123733,NA,308.7999878
PI620414.D1FY1ACXX.8.250123734,NA,449.5
PI620415.D1FY1ACXX.8.250123735,NA,449.5
PI620416.D1EYBACXX.8.250140376,182,308.7999878
PI620417.D1FY1ACXX.8.250123737,150,308.7999878
PI620418.D1FY1ACXX.8.250123738,160,308.7999878
PI620423.D1FY1ACXX.8.250123739,100,223.75
PI620424.D1FY1ACXX.8.250123740,100,223.75
PI620430.D1FY1ACXX.8.250123741,114,223.75
PI620431.D1FY1ACXX.8.250123742,114,223.75
PI620434.D1FY1ACXX.8.250123743,83,223.75
PI620435.D1FY1ACXX.8.250123744,83,223.75
PI620446.D1FY1ACXX.8.250123745,119,223.75
PI620447.D1FY1ACXX.8.250123746,125,223.75
PI620448.D1FY1ACXX.8.250123747,125,223.75
PI620449.D1FY1ACXX.8.250123748,107,223.75
PI620453.D1FY1ACXX.8.250123750,117,223.75
PI620454.D1FY1ACXX.8.250123751,116,223.75
PI620459.D1FY1ACXX.8.250123752,78,308.7999878
PI620460.D1FY1ACXX.8.250123753,78,308.7999878
PI620461.D1FY1ACXX.8.250123754,120,223.75
PI620463.D1FY1ACXX.8.250123755,105,223.75
PI620466.D1FY1ACXX.8.250123756,121,308.7999878
PI620467.D1FY1ACXX.8.250123757,121,308.7999878
PI620469.D1FY1ACXX.8.250123758,84,223.75
PI620472.D1FY1ACXX.8.250123759,89,308.7999878
PI620473.D1FY1ACXX.8.250123760,89,308.7999878
PI620475.D1FY1ACXX.8.250123761,126,308.7999878
PI620476.D1FY1ACXX.8.250123762,126,308.7999878
PI620477.D1FY1ACXX.8.250123763,95,308.7999878
PI620478.D1FY1ACXX.8.250123764,95,308.7999878
PI620479.D1FY1ACXX.8.250123765,108,308.7999878
PI620480.D1FY1ACXX.8.250123766,125,308.7999878
PI620483.D1FY1ACXX.8.250123767,131,308.7999878
PI620484.D1FY1ACXX.8.250123768,131,308.7999878
PI620493.D1FY1ACXX.8.250123769,98,308.7999878
PI620494.D1FY1ACXX.8.250123770,98,308.7999878
PI620495.D1FY1ACXX.8.250123771,95,223.75
PI620496.D1FY1ACXX.8.250123772,95,223.75
PI620500.D1FY1ACXX.8.250123773,107,223.75
PI620501.D1FY1ACXX.8.250123774,107,223.75
PI620514.D1FY1ACXX.8.250123775,108,223.75
PI620515.D1FY1ACXX.8.250123776,124,223.75
PI620516.D1FY1ACXX.8.250123777,92,223.75
PI620517.D1FY1ACXX.8.250123778,92,223.75
PI620519.D1FY1ACXX.8.250123779,89,223.75
PI620520.D1FY1ACXX.8.250123780,74,223.75
PI620521.D1FY1ACXX.8.250123781,81,223.75
PI620522.D1G0BACXX.7.250129751,93,490.5
PI620523.D1G0BACXX.7.250129763,100,490.5
PI620524.D1G0BACXX.7.250129775,100,490.5
PI620525.D1G0BACXX.7.250129787,100,490.5
PI620527.D1G0BACXX.7.250129799,99,490.5
PI620529.D1G0BACXX.7.250129811,125,490.5
PI620535.D1G0BACXX.7.250129823,120,490.5
PI620536.D1G0BACXX.7.250129835,NA,490.5
PI620537.D1G0BACXX.7.250129752,89,490.5
PI620538.D1G0BACXX.7.250129764,89,490.5
PI620539.D1G0BACXX.7.250129776,89,490.5
PI620544.D1G0BACXX.7.250129788,85,223.75
PI620545.D1G0BACXX.7.250129800,85,223.75
PI620547.D1G0BACXX.7.250129812,121,223.75
PI620548.D1G0BACXX.7.250129824,121,223.75
PI620557.D1G0BACXX.7.250129836,230,490.5
PI620560.D1G0BACXX.7.250129753,278,308.7999878
PI620564.D1G0BACXX.7.250129765,85,223.75
PI620565.D1G0BACXX.7.250129777,85,223.75
PI620567.D1G0BACXX.7.250129789,NA,308.7999878
PI620570.D1G0BACXX.7.250129801,84,308.7999878
PI620572.D1G0BACXX.7.250129813,157,308.7999878
PI620578.D1G0BACXX.7.250129825,120,490.5
PI620579.D1G0BACXX.7.250129837,122,490.5
PI620610.D1G0BACXX.7.250129754,273,419.1900024
PI620611.D1G0BACXX.7.250129766,269,419.1900024
PI620615.D1G0BACXX.7.250129778,289,419.1900024
PI620617.D1G0BACXX.7.250129790,238,419.1900024
PI620624.D1G0BACXX.7.250129802,352,419.1900024
PI646200.D1G0BACXX.7.250129814,78,174.8500061
PI646201.D1G0BACXX.7.250129826,78,174.8500061
PI646202.D1G0BACXX.7.250129838,96,523.9000244
PI646203.D1G0BACXX.7.250129755,96,523.9000244
PI646205.D1G0BACXX.7.250129767,113,174.8500061
PI646206.D1G0BACXX.7.250129779,113,174.8500061
PI646207.D1G0BACXX.7.250129791,113,174.8500061
PI646208.D1G0BACXX.7.250129803,113,174.8500061
PI646209.D1G0BACXX.7.250129815,112,174.8500061
PI646210.D1G0BACXX.7.250129827,93,206.8800049
PI646211.D1G0BACXX.7.250129839,95,523.9000244
PI646212.D1G0BACXX.7.250129756,108,584.5900269
PI646213.D1G0BACXX.7.250129768,102,523.9000244
PI646214.D1G0BACXX.7.250129780,NA,523.9000244
PI646215.D1G0BACXX.7.250129792,NA,523.9000244
PI646216.D1G0BACXX.7.250129804,NA,523.9000244
PI646217.D1G0BACXX.7.250129816,131,523.9000244
PI646223.D1G0BACXX.7.250129828,131,523.9000244
PI646230.D1G0BACXX.7.250129840,250,419.1900024
PI646231.D1G0BACXX.7.250129757,281,419.1900024
PI646233.D1G0BACXX.7.250129769,266,419.1900024
PI646234.D1G0BACXX.7.250129781,263,419.1900024
PI646236.D1G0BACXX.7.250129793,331,419.1900024
PI646237.D1G0BACXX.7.250129805,265,419.1900024
PI646239.D1G0BACXX.7.250129817,274,419.1900024
PI646240.D1G0BACXX.7.250129829,283,419.1900024
PI646241.D1G0BACXX.7.250129841,NA,419.1900024
PI646242.D1G0BACXX.7.250129758,273,419.1900024
PI646243.D1G0BACXX.7.250129770,273,419.1900024
PI646245.D1G0BACXX.7.250129794,246,419.1900024
PI646246.D1G0BACXX.7.250129806,366,419.1900024
PI646247.D1G0BACXX.7.250129818,259,419.1900024
PI646248.D1G0BACXX.7.250129830,240,419.1900024
PI646249.D1G0BACXX.7.250129842,264,419.1900024
PI646250.D1G0BACXX.7.250129759,258,419.1900024
PI646251.D1G0BACXX.7.250129771,NA,419.1900024
PI646252.D1G0BACXX.7.250129783,NA,419.1900024
PI646254.D1G0BACXX.7.250129795,286,419.1900024
PI646255.D1G0BACXX.7.250129807,251,419.1900024
PI646256.D1G0BACXX.7.250129819,251,419.1900024
PI646259.D1G0BACXX.7.250129831,316,419.1900024
PI646260.D1G0BACXX.7.250129843,316,419.1900024
PI646261.D1G0BACXX.7.250129760,343,419.1900024
PI646262.D1G0BACXX.7.250129772,343,419.1900024
PI646263.D1G0BACXX.7.250129784,340,419.1900024
PI646264.D1G0BACXX.7.250129796,340,419.1900024
PI646266.D1G0BACXX.7.250129808,NA,419.1900024
PI646267.D1G0BACXX.7.250129820,NA,419.1900024
PI646271.D1G0BACXX.7.250129832,316,419.1900024
PI646279.D1G0BACXX.7.250129844,249,419.1900024
PI646280.D1G0BACXX.7.250129761,255,419.1900024
PI646281.D1G0BACXX.7.250129773,255,419.1900024
PI646283.D1G0BACXX.7.250129785,212,419.1900024
PI646289.D1G0BACXX.7.250129797,259,419.1900024
PI646290.D1G0BACXX.7.250129809,305,419.1900024
PI646291.D1G0BACXX.7.250129821,276,419.1900024
PI646292.D1G0BACXX.7.250129833,NA,419.1900024
PI646293.D1G0BACXX.7.250129845,285,419.1900024
PI646294.D1G0BACXX.7.250129762,283,419.1900024
PI646295.D1G0BACXX.7.250129774,279,419.1900024
PI646296.D1G0BACXX.7.250129786,238,419.1900024
PI646297.D1G0BACXX.7.250129798,321,490.5
PI646303.D1G0BACXX.7.250129810,398,191.9499969
PI646304.D1G0BACXX.7.250129822,453,191.9499969
PI646306.D1G0BACXX.7.250129834,275,490.5
PI646307.D1G0BACXX.7.250129846,243,490.5
PI646312.D1G0BACXX.7.250129878,434,419.1900024
PI646313.D1G0BACXX.7.250129890,451,419.1900024
PI646315.D1G0BACXX.7.250129902,356,419.1900024
PI646316.D1G0BACXX.7.250129914,348,419.1900024
PI646317.D1G0BACXX.7.250129926,348,419.1900024
PI646319.D1G0BACXX.7.250129938,317,419.1900024
PI646320.D1G0BACXX.7.250129950,343,419.1900024
PI646321.D1G0BACXX.7.250129962,294,490.5
PI646322.D1G0BACXX.7.250129879,282,490.5
PI646323.D1G0BACXX.7.250129891,282,490.5
PI646324.D1G0BACXX.7.250129903,270,490.5
PI646325.D1G0BACXX.7.250129915,270,490.5
PI646387.D1G0BACXX.7.250129927,109,223.75
PI646388.D1G0BACXX.7.250129939,120,223.75
PI646389.D1G0BACXX.7.250129951,124,308.7999878
PI646390.D1G0BACXX.7.250129963,NA,490.5
PI646391.D1G0BACXX.7.250129880,230,490.5
PI646392.D1G0BACXX.7.250129892,278,308.7999878
PI647018.D1G0BACXX.7.250129904,100,174.8500061
PI647019.D1EYBACXX.8.250140216,106,523.9000244
PI647020.D1G0BACXX.7.250129928,106,523.9000244
PI647021.D1G0BACXX.7.250129940,106,523.9000244
PI647022.D1G0BACXX.7.250129952,120,523.9000244
PI647023.D1G0BACXX.7.250129964,183,523.9000244
PI647024.D1G0BACXX.7.250129881,119,174.8500061
PI647025.D1G0BACXX.7.250129893,97,174.8500061
PI647026.D1G0BACXX.7.250129905,NA,174.8500061
PI647027.D1G0BACXX.7.250129917,114,523.9000244
PI647028.D1G0BACXX.7.250129929,91,174.8500061
PI647029.D1G0BACXX.7.250129941,61,174.8500061
PI658758.D1G0BACXX.7.250129953,93,523.9000244
PI659693.D1G0BACXX.7.250129965,265,318.8699951