chr,rs,ps,p_wald,n_genes_25kb,genes_in_25kb,closest_gene,closest_gene_id,closest_gene_distance_bp
10,S10_15724392,15724392,9.896216e-06,0,,,,
10,S10_41747673,41747673,5.781522e-05,1,SORBI_3010G146500,SORBI_3010G146500,SORBI_3010G146500,734.0
10,S10_42091066,42091066,4.554763e-05,0,,,,
10,S10_42183371,42183371,7.992799e-05,0,,,,
10,S10_42195288,42195288,5.573539e-05,2,SORBI_3010G147250;SORBI_3010G147300,SORBI_3010G147250,SORBI_3010G147250,13363.0
10,S10_42243354,42243354,3.554612e-05,4,SORBI_3010G147400;SORBI_3010G147500;SORBI_3010G147350;SORBI_3010G147300,SORBI_3010G147400,SORBI_3010G147400,2307.0
10,S10_42265696,42265696,7.746999e-05,3,SORBI_3010G147500;SORBI_3010G147600;SORBI_3010G147400,SORBI_3010G147500,SORBI_3010G147500,8633.0
10,S10_42474138,42474138,5.039699e-05,0,,,,
10,S10_42734600,42734600,6.267066e-05,0,,,,
10,S10_42734622,42734622,6.267066e-05,0,,,,
10,S10_42765918,42765918,6.367997e-05,1,SORBI_3010G148750,SORBI_3010G148750,SORBI_3010G148750,22641.0
10,S10_42998232,42998232,5.461292e-05,2,SORBI_3010G149300;SORBI_3010G149200,SORBI_3010G149300,SORBI_3010G149300,15911.0
10,S10_4907531,4907531,1.436115e-07,10,SORBI_3010G062400;SORBI_3010G062500;SORBI_3010G062600;SORBI_3010G062700;SORBI_3010G062300;SORBI_3010G062800;SORBI_3010G062900;SORBI_3010G062950;SORBI_3010G063000;SORBI_3010G062200,SORBI_3010G062400,SORBI_3010G062400,279.0
10,S10_50880465,50880465,6.272538e-05,6,SORBI_3010G173600;SORBI_3010G173550;SORBI_3010G173500;SORBI_3010G173400;SORBI_3010G173300;SORBI_3010G173201,SORBI_3010G173600,SORBI_3010G173600,706.0
10,S10_52893373,52893373,5.621059e-05,9,SORBI_3010G188400;SORBI_3010G188500;SORBI_3010G188300;SORBI_3010G188200;SORBI_3010G188600;SORBI_3010G188100;SORBI_3010G188700;SORBI_3010G188800;SORBI_3010G188000,SORBI_3010G188400,SORBI_3010G188400,0.0
10,S10_56170804,56170804,1.188633e-06,10,SORBI_3010G219400;SORBI_3010G219300;SORBI_3010G219500;SORBI_3010G219100;SORBI_3010G219200;SORBI_3010G219600;SORBI_3010G219000;SORBI_3010G219700;SORBI_3010G218900;SORBI_3010G218800,SORBI_3010G219400,SORBI_3010G219400,0.0
10,S10_57603511,57603511,8.415267e-07,8,SORBI_3010G233400;SORBI_3010G233300;SORBI_3010G233450;SORBI_3010G233200;SORBI_3010G233100;SORBI_3010G233500;SORBI_3010G233000;SORBI_3010G232900,SORBI_3010G233400,SORBI_3010G233400,43.0
10,S10_57807857,57807857,4.339071e-05,7,SORBI_3010G235900;SORBI_3010G235800;SORBI_3010G236000;SORBI_3010G235700;SORBI_3010G235600;SORBI_3010G235550;SORBI_3010G235500,SORBI_3010G235900,SORBI_3010G235900,1003.0
10,S10_57865731,57865731,2.629003e-05,3,SORBI_3010G236200;SORBI_3010G236300;SORBI_3010G236100,SORBI_3010G236200,SORBI_3010G236200,6268.0
10,S10_57952154,57952154,1.53598e-05,7,SORBI_3010G236800;SORBI_3010G236700;SORBI_3010G236900;SORBI_3010G236600;SORBI_3010G236950;SORBI_3010G236500;SORBI_3010G236400,SORBI_3010G236800,SORBI_3010G236800,0.0
10,S10_59545644,59545644,2.404586e-05,12,SORBI_3010G257500;SORBI_3010G257400;SORBI_3010G257600;SORBI_3010G257300;SORBI_3010G257700;SORBI_3010G257800;SORBI_3010G257900;SORBI_3010G257200;SORBI_3010G258000;SORBI_3010G257100;SORBI_3010G258100;SORBI_3010G258200,SORBI_3010G257500,SORBI_3010G257500,0.0
1,S1_10542338,10542338,5.046977e-05,4,SORBI_3001G133800;SORBI_3001G133600;SORBI_3001G133900;SORBI_3001G134000,SORBI_3001G133800,SORBI_3001G133800,1172.0
1,S1_10624128,10624128,1.875453e-05,7,SORBI_3001G134600;SORBI_3001G134500;SORBI_3001G134700;SORBI_3001G134400;SORBI_3001G134800;SORBI_3001G134300;SORBI_3001G134900,SORBI_3001G134600,SORBI_3001G134600,7101.0
1,S1_1138736,1138736,5.915816e-05,2,CYP79A1;UGT85B1,CYP79A1,SORBI_3001G012300,5275.0
1,S1_1436831,1436831,3.07393e-05,9,SORBI_3001G016600;SORBI_3001G016500;SORBI_3001G016700;SORBI_3001G016400;SORBI_3001G016200;SORBI_3001G016800;SORBI_3001G016350;SORBI_3001G016300;SORBI_3001G016201,SORBI_3001G016600,SORBI_3001G016600,0.0
1,S1_21397018,21397018,1.58982e-05,2,SORBI_3001G223300;SORBI_3001G223200,SORBI_3001G223300,SORBI_3001G223300,11255.0
1,S1_302071,302071,3.975257e-05,6,SORBI_3001G003500;SORBI_3001G003400;SORBI_3001G003300;SORBI_3001G003600;SORBI_3001G003200;SORBI_3001G003100,SORBI_3001G003500,SORBI_3001G003500,0.0
1,S1_310234,310234,9.61337e-06,7,SORBI_3001G003600;SORBI_3001G003500;SORBI_3001G003400;SORBI_3001G003300;SORBI_3001G003700;SORBI_3001G003900;SORBI_3001G003200,SORBI_3001G003600,SORBI_3001G003600,0.0
1,S1_310261,310261,2.470522e-05,7,SORBI_3001G003600;SORBI_3001G003500;SORBI_3001G003400;SORBI_3001G003300;SORBI_3001G003700;SORBI_3001G003900;SORBI_3001G003200,SORBI_3001G003600,SORBI_3001G003600,0.0
1,S1_3532350,3532350,3.996141e-06,11,SORBI_3001G048100;SORBI_3001G048000;SORBI_3001G048200;SORBI_3001G048300;SORBI_3001G048400;SORBI_3001G047900;SORBI_3001G048500;SORBI_3001G048600;SORBI_3001G047800;SORBI_3001G047700;SORBI_3001G048700,SORBI_3001G048100,SORBI_3001G048100,0.0
1,S1_38474338,38474338,4.328105e-05,0,,,,
1,S1_38642972,38642972,4.106523e-05,0,,,,
1,S1_41866446,41866446,4.154154e-05,0,,,,
1,S1_5203722,5203722,6.29985e-06,2,SORBI_3001G068132;SORBI_3001G068200,SORBI_3001G068132,SORBI_3001G068132,10204.0
1,S1_5885244,5885244,8.163579e-06,8,SORBI_3001G076500;SORBI_3001G076600;SORBI_3001G076400;SORBI_3001G076700;SORBI_3001G076300;SORBI_3001G076200;SORBI_3001G076800;SORBI_3001G076850,SORBI_3001G076500,SORBI_3001G076500,0.0
1,S1_60107925,60107925,4.447758e-08,3,SORBI_3001G313900;SORBI_3001G313800;SORBI_3001G313700,SORBI_3001G313900,SORBI_3001G313900,1587.0
1,S1_60107938,60107938,4.447758e-08,3,SORBI_3001G313900;SORBI_3001G313800;SORBI_3001G313700,SORBI_3001G313900,SORBI_3001G313900,1574.0
1,S1_60107957,60107957,4.447758e-08,3,SORBI_3001G313900;SORBI_3001G313800;SORBI_3001G313700,SORBI_3001G313900,SORBI_3001G313900,1555.0
1,S1_64606881,64606881,4.152628e-05,2,SORBI_3001G356600;SORBI_3001G356700,SORBI_3001G356600,SORBI_3001G356600,13978.0
1,S1_64947137,64947137,2.289987e-05,8,SORBI_3001G359800;SORBI_3001G359700;SORBI_3001G359900;SORBI_3001G359601;SORBI_3001G360000;SORBI_3001G359500;SORBI_3001G359400;SORBI_3001G360200,SORBI_3001G359800,SORBI_3001G359800,0.0
1,S1_6520135,6520135,1.29396e-10,11,SORBI_3001G084133;SORBI_3001G084100;SORBI_3001G084166;SORBI_3001G084200;SORBI_3001G084300;SORBI_3001G084400;SORBI_3001G084000;SORBI_3001G084500;SORBI_3001G084600;SORBI_3001G083900;SORBI_3001G084700,SORBI_3001G084133,SORBI_3001G084133,901.0
1,S1_6526073,6526073,9.404315e-07,10,SORBI_3001G084200;SORBI_3001G084300;SORBI_3001G084400;SORBI_3001G084166;SORBI_3001G084133;SORBI_3001G084100;SORBI_3001G084500;SORBI_3001G084600;SORBI_3001G084000;SORBI_3001G084700,SORBI_3001G084200,SORBI_3001G084200,0.0
1,S1_6526074,6526074,3.776781e-08,10,SORBI_3001G084200;SORBI_3001G084300;SORBI_3001G084400;SORBI_3001G084166;SORBI_3001G084133;SORBI_3001G084100;SORBI_3001G084500;SORBI_3001G084600;SORBI_3001G084000;SORBI_3001G084700,SORBI_3001G084200,SORBI_3001G084200,0.0
1,S1_6526075,6526075,2.566023e-07,10,SORBI_3001G084200;SORBI_3001G084300;SORBI_3001G084400;SORBI_3001G084166;SORBI_3001G084133;SORBI_3001G084100;SORBI_3001G084500;SORBI_3001G084600;SORBI_3001G084000;SORBI_3001G084700,SORBI_3001G084200,SORBI_3001G084200,0.0
1,S1_6526076,6526076,3.841709e-08,10,SORBI_3001G084200;SORBI_3001G084300;SORBI_3001G084400;SORBI_3001G084166;SORBI_3001G084133;SORBI_3001G084100;SORBI_3001G084500;SORBI_3001G084600;SORBI_3001G084000;SORBI_3001G084700,SORBI_3001G084200,SORBI_3001G084200,0.0
1,S1_6526078,6526078,3.841709e-08,10,SORBI_3001G084200;SORBI_3001G084300;SORBI_3001G084400;SORBI_3001G084166;SORBI_3001G084133;SORBI_3001G084100;SORBI_3001G084500;SORBI_3001G084600;SORBI_3001G084000;SORBI_3001G084700,SORBI_3001G084200,SORBI_3001G084200,0.0
1,S1_6526079,6526079,3.841709e-08,10,SORBI_3001G084200;SORBI_3001G084300;SORBI_3001G084400;SORBI_3001G084166;SORBI_3001G084133;SORBI_3001G084100;SORBI_3001G084500;SORBI_3001G084600;SORBI_3001G084000;SORBI_3001G084700,SORBI_3001G084200,SORBI_3001G084200,0.0
1,S1_66781775,66781775,8.839211e-06,7,SORBI_3001G379200;SORBI_3001G379300;SORBI_3001G379400;SORBI_3001G379100;SORBI_3001G379500;SORBI_3001G379600;SORBI_3001G379700,SORBI_3001G379200,SORBI_3001G379200,0.0
1,S1_68489209,68489209,1.188638e-05,5,SORBI_3001G399100;SORBI_3001G398950;SORBI_3001G399200;SORBI_3001G399300;SORBI_3001G399400,SORBI_3001G399100,SORBI_3001G399100,2406.0
1,S1_68749684,68749684,2.154741e-10,6,SORBI_3001G401975;SORBI_3001G402050;SORBI_3001G401900;SORBI_3001G402125;SORBI_3001G401800;SORBI_3001G402200,SORBI_3001G401975,SORBI_3001G401975,784.0
2,S2_16991604,16991604,1.935514e-05,3,SORBI_3002G125800;SORBI_3002G125700;SORBI_3002G125600,SORBI_3002G125800,SORBI_3002G125800,0.0
2,S2_30005156,30005156,1.005837e-05,0,,,,
2,S2_36270633,36270633,2.821887e-06,0,,,,
2,S2_36270639,36270639,2.821887e-06,0,,,,
2,S2_36270832,36270832,2.821887e-06,0,,,,
2,S2_37759982,37759982,2.023014e-06,0,,,,
2,S2_40741369,40741369,1.105092e-06,0,,,,
2,S2_50137698,50137698,7.654562e-05,0,,,,
2,S2_57724477,57724477,3.263504e-05,7,SORBI_3002G190700;SORBI_3002G190750;SORBI_3002G190800;SORBI_3002G190900;SORBI_3002G191000;SORBI_3002G190600;SORBI_3002G190500,SORBI_3002G190700,SORBI_3002G190700,5609.0
2,S2_57725593,57725593,3.864138e-05,7,SORBI_3002G190700;SORBI_3002G190750;SORBI_3002G190800;SORBI_3002G190900;SORBI_3002G191000;SORBI_3002G190600;SORBI_3002G190500,SORBI_3002G190700,SORBI_3002G190700,4493.0
2,S2_65224617,65224617,2.558577e-05,9,SORBI_3002G268100;SORBI_3002G268200;SORBI_3002G268250;SORBI_3002G268300;SORBI_3002G268000;SORBI_3002G268400;SORBI_3002G267900;SORBI_3002G267800;SORBI_3002G267700,SORBI_3002G268100,SORBI_3002G268100,1175.0
2,S2_69334937,69334937,7.475519e-06,10,SORBI_3002G321600;SORBI_3002G321500;SORBI_3002G321700;SORBI_3002G321800;SORBI_3002G321901;SORBI_3002G322000;SORBI_3002G322101;SORBI_3002G322200;SORBI_3002G321400;SORBI_3002G322100,SORBI_3002G321600,SORBI_3002G321600,0.0
2,S2_70010027,70010027,1.134226e-05,5,SORBI_3002G331600;SORBI_3002G331500;SORBI_3002G331450;SORBI_3002G331700;SORBI_3002G331800,SORBI_3002G331600,SORBI_3002G331600,0.0
2,S2_70327571,70327571,1.752115e-05,9,SORBI_3002G335300;SORBI_3002G335200;SORBI_3002G335100;SORBI_3002G335400;SORBI_3002G335000;SORBI_3002G335500;SORBI_3002G335600;SORBI_3002G334900;SORBI_3002G334700,SORBI_3002G335300,SORBI_3002G335300,1033.0
3,S3_2436409,2436409,3.510474e-05,4,SORBI_3003G027700;SORBI_3003G027600;SORBI_3003G027500;SORBI_3003G027800,SORBI_3003G027700,SORBI_3003G027700,1406.0
3,S3_2442219,2442219,3.510474e-05,4,SORBI_3003G027700;SORBI_3003G027800;SORBI_3003G027600;SORBI_3003G027500,SORBI_3003G027700,SORBI_3003G027700,324.0
3,S3_2448648,2448648,3.510474e-05,4,SORBI_3003G027800;SORBI_3003G027700;SORBI_3003G027600;SORBI_3003G027500,SORBI_3003G027800,SORBI_3003G027800,675.0
3,S3_47810273,47810273,4.828563e-05,0,,,,
3,S3_51309108,51309108,1.881464e-10,2,SORBI_3003G191750;SORBI_3003G191800,SORBI_3003G191750,SORBI_3003G191750,0.0
3,S3_56114115,56114115,1.889269e-05,6,SORBI_3003G225100;SORBI_3003G225200;SORBI_3003G224900;SORBI_3003G225000;SORBI_3003G225300;SORBI_3003G224800,SORBI_3003G225100,SORBI_3003G225100,0.0
3,S3_56392793,56392793,1.633131e-05,3,SORBI_3003G226900;SORBI_3003G226950;SORBI_3003G226800,SORBI_3003G226900,SORBI_3003G226900,0.0
3,S3_56393780,56393780,7.43263e-05,3,SORBI_3003G226900;SORBI_3003G226950;SORBI_3003G226800,SORBI_3003G226900,SORBI_3003G226900,0.0
3,S3_56393802,56393802,9.572294e-06,3,SORBI_3003G226900;SORBI_3003G226950;SORBI_3003G226800,SORBI_3003G226900,SORBI_3003G226900,0.0
3,S3_56516478,56516478,5.159969e-05,4,SORBI_3003G227700;SORBI_3003G227800;SORBI_3003G227600;SORBI_3003G227501,SORBI_3003G227700,SORBI_3003G227700,5392.0
3,S3_61501442,61501442,1.782577e-05,13,SORBI_3003G279300;SORBI_3003G279200;SORBI_3003G279400;SORBI_3003G279100;SORBI_3003G279500;SORBI_3003G279000;SORBI_3003G279600;SORBI_3003G278900;SORBI_3003G279700;SORBI_3003G278800;SORBI_3003G279800;SORBI_3003G278700;SORBI_3003G279900,SORBI_3003G279300,SORBI_3003G279300,970.0
3,S3_63517022,63517022,5.362677e-05,11,SORBI_3003G305200;SORBI_3003G305250;SORBI_3003G305100;SORBI_3003G305300;SORBI_3003G305400;SORBI_3003G305000;SORBI_3003G305500;SORBI_3003G305601;SORBI_3003G305700;SORBI_3003G304800;SORBI_3003G304900,SORBI_3003G305200,SORBI_3003G305200,0.0
3,S3_63615084,63615084,6.621769e-05,10,SORBI_3003G307000;SORBI_3003G306900;SORBI_3003G306800;SORBI_3003G307100;SORBI_3003G306700;SORBI_3003G307200;SORBI_3003G306600;SORBI_3003G307300;SORBI_3003G307400;SORBI_3003G306500,SORBI_3003G307000,SORBI_3003G307000,0.0
3,S3_63651903,63651903,1.329117e-05,11,SORBI_3003G307700;SORBI_3003G307600;SORBI_3003G307801;SORBI_3003G307500;SORBI_3003G307900;SORBI_3003G307400;SORBI_3003G307300;SORBI_3003G308000;SORBI_3003G308100;SORBI_3003G307200;SORBI_3003G307100,SORBI_3003G307700,SORBI_3003G307700,1196.0
3,S3_63803100,63803100,1.19961e-06,6,SORBI_3003G309500;SORBI_3003G309600;SORBI_3003G309700;SORBI_3003G309400;SORBI_3003G309900;SORBI_3003G310000,SORBI_3003G309500,SORBI_3003G309500,0.0
3,S3_63832619,63832619,2.740428e-05,6,SORBI_3003G310100;SORBI_3003G310200;SORBI_3003G310000;SORBI_3003G310300;SORBI_3003G309900;SORBI_3003G309700,SORBI_3003G310100,SORBI_3003G310100,658.0
3,S3_66443441,66443441,2.625676e-06,10,SORBI_3003G342000;SORBI_3003G341900;SORBI_3003G341800;SORBI_3003G341700;SORBI_3003G342100;SORBI_3003G341600;SORBI_3003G342200;SORBI_3003G341500;SORBI_3003G342300;SORBI_3003G342500,SORBI_3003G342000,SORBI_3003G342000,0.0
3,S3_66534853,66534853,7.115617e-05,11,SORBI_3003G343500;SORBI_3003G343600;SORBI_3003G343400;SORBI_3003G343700;SORBI_3003G343300;SORBI_3003G343900;SORBI_3003G343200;SORBI_3003G344050;SORBI_3003G343100;SORBI_3003G343000;SORBI_3003G342900,SORBI_3003G343500,SORBI_3003G343500,0.0
3,S3_66554279,66554279,9.800513e-10,9,SORBI_3003G344050;SORBI_3003G343900;SORBI_3003G343700;SORBI_3003G344200;SORBI_3003G344300;SORBI_3003G343600;SORBI_3003G343500;SORBI_3003G343400;SORBI_3003G344400,SORBI_3003G344050,SORBI_3003G344050,2957.0
3,S3_67717435,67717435,3.030783e-11,3,SORBI_3003G359900;SORBI_3003G359800;SORBI_3003G359600,SORBI_3003G359900,SORBI_3003G359900,1077.0
3,S3_67721899,67721899,3.295152e-07,3,SORBI_3003G359900;SORBI_3003G359800;SORBI_3003G359600,SORBI_3003G359900,SORBI_3003G359900,0.0
3,S3_67800333,67800333,7.367246e-09,6,SORBI_3003G360400;SORBI_3003G360300;SORBI_3003G360500;SORBI_3003G360600;SORBI_3003G360200;SORBI_3003G360100,SORBI_3003G360400,SORBI_3003G360400,0.0
3,S3_67800335,67800335,3.632724e-09,6,SORBI_3003G360400;SORBI_3003G360300;SORBI_3003G360500;SORBI_3003G360600;SORBI_3003G360200;SORBI_3003G360100,SORBI_3003G360400,SORBI_3003G360400,0.0
3,S3_67931777,67931777,1.376028e-06,8,SORBI_3003G361500;SORBI_3003G361600;SORBI_3003G361400;SORBI_3003G361700;SORBI_3003G361800;SORBI_3003G361300;SORBI_3003G361900;SORBI_3003G362000,SORBI_3003G361500,SORBI_3003G361500,0.0
3,S3_73109960,73109960,3.897639e-08,6,SORBI_3003G427600;SORBI_3003G427700;SORBI_3003G427550;SORBI_3003G427800;SORBI_3003G427500;SORBI_3003G427400,SORBI_3003G427600,SORBI_3003G427600,0.0
3,S3_7707807,7707807,3.687646e-07,6,SORBI_3003G088500;SORBI_3003G088600;SORBI_3003G088450;SORBI_3003G088700;SORBI_3003G088400;SORBI_3003G088800,SORBI_3003G088500,SORBI_3003G088500,760.0
4,S4_10652316,10652316,6.826846e-05,3,SORBI_3004G110200;SORBI_3004G109900;SORBI_3004G109800,SORBI_3004G110200,SORBI_3004G110200,12419.0
4,S4_10652321,10652321,2.960673e-06,3,SORBI_3004G110200;SORBI_3004G109900;SORBI_3004G109800,SORBI_3004G110200,SORBI_3004G110200,12414.0
4,S4_18469655,18469655,5.750919e-05,1,SORBI_3004G131200,SORBI_3004G131200,SORBI_3004G131200,20766.0
4,S4_19866956,19866956,6.831034e-05,0,,,,
4,S4_20335923,20335923,4.677924e-05,0,,,,
4,S4_2832402,2832402,1.202859e-07,6,SORBI_3004G035100;SORBI_3004G035000;SORBI_3004G035200;SORBI_3004G035300;SORBI_3004G034900;SORBI_3004G035400,SORBI_3004G035100,SORBI_3004G035100,0.0
4,S4_2833989,2833989,1.083486e-07,6,SORBI_3004G035100;SORBI_3004G035200;SORBI_3004G035000;SORBI_3004G035300;SORBI_3004G034900;SORBI_3004G035400,SORBI_3004G035100,SORBI_3004G035100,580.0
4,S4_2841938,2841938,7.114961e-05,6,SORBI_3004G035300;SORBI_3004G035200;SORBI_3004G035100;SORBI_3004G035000;SORBI_3004G035400;SORBI_3004G034900,SORBI_3004G035300,SORBI_3004G035300,0.0
4,S4_3114782,3114782,1.968994e-08,4,SORBI_3004G038100;SORBI_3004G038200;SORBI_3004G038000;SORBI_3004G037900,SORBI_3004G038100,SORBI_3004G038100,0.0
4,S4_3114831,3114831,2.123316e-07,4,SORBI_3004G038100;SORBI_3004G038200;SORBI_3004G038000;SORBI_3004G037900,SORBI_3004G038100,SORBI_3004G038100,0.0
4,S4_47963835,47963835,5.486874e-05,2,SORBI_3004G151500;SORBI_3004G151400,SORBI_3004G151500,SORBI_3004G151500,1282.0
4,S4_48824650,48824650,1.214637e-05,0,,,,
4,S4_51618382,51618382,1.174177e-05,4,SORBI_3004G166600;SORBI_3004G166500;SORBI_3004G166400;SORBI_3004G166301,SORBI_3004G166600,SORBI_3004G166600,7620.0
4,S4_52703661,52703661,6.13469e-06,7,SORBI_3004G174500;SORBI_3004G174600;SORBI_3004G174400;SORBI_3004G174301;SORBI_3004G174700;SORBI_3004G174200;SORBI_3004G174800,SORBI_3004G174500,SORBI_3004G174500,1551.0
4,S4_52893239,52893239,4.863716e-05,4,SORBI_3004G176600;SORBI_3004G176550;SORBI_3004G176500;SORBI_3004G176400,SORBI_3004G176600,SORBI_3004G176600,12682.0
4,S4_61462688,61462688,7.385291e-05,10,SORBI_3004G270350;SORBI_3004G270300;SORBI_3004G270200;SORBI_3004G270400;SORBI_3004G270100;SORBI_3004G270500;SORBI_3004G270600;SORBI_3004G270000;SORBI_3004G270700;SORBI_3004G270750,SORBI_3004G270350,SORBI_3004G270350,590.0
4,S4_61962211,61962211,8.336912e-07,5,SORBI_3004G276200;SORBI_3004G276300;SORBI_3004G276400;SORBI_3004G276166;SORBI_3004G276133,SORBI_3004G276200,SORBI_3004G276200,82.0
4,S4_6825870,6825870,2.116672e-05,6,SORBI_3004G083000;SORBI_3004G083100;SORBI_3004G082900;SORBI_3004G082800;SORBI_3004G083200;SORBI_3004G083250,SORBI_3004G083000,SORBI_3004G083000,4306.0
4,S4_8353752,8353752,2.392579e-05,2,SORBI_3004G095800;SORBI_3004G095700,SORBI_3004G095800,SORBI_3004G095800,2726.0
4,S4_8353761,8353761,2.392579e-05,2,SORBI_3004G095800;SORBI_3004G095700,SORBI_3004G095800,SORBI_3004G095800,2735.0
5,S5_16193996,16193996,5.399971e-06,2,SORBI_3005G099000;SORBI_3005G098900,SORBI_3005G099000,SORBI_3005G099000,577.0
5,S5_431929,431929,2.28097e-05,9,SORBI_3005G005600;SORBI_3005G005500;SORBI_3005G005650;SORBI_3005G005400;SORBI_3005G005700;SORBI_3005G005300;SORBI_3005G005200;SORBI_3005G005800;SORBI_3005G005100,SORBI_3005G005600,SORBI_3005G005600,0.0
5,S5_53230240,53230240,7.92969e-05,0,,,,
6,S6_14478935,14478935,5.782747e-05,1,SORBI_3006G037700,SORBI_3006G037700,SORBI_3006G037700,8637.0
6,S6_43163798,43163798,2.617347e-06,3,SORBI_3006G068500;SORBI_3006G068700;SORBI_3006G068800,SORBI_3006G068500,SORBI_3006G068500,5582.0
6,S6_55557738,55557738,5.621753e-06,7,SORBI_3006G205800;SORBI_3006G205700;SORBI_3006G205900;SORBI_3006G206000;SORBI_3006G205600;SORBI_3006G205500;SORBI_3006G206100,SORBI_3006G205800,SORBI_3006G205800,1569.0
6,S6_55640302,55640302,2.935252e-06,5,SORBI_3006G206800;SORBI_3006G206700;SORBI_3006G206600;SORBI_3006G206900;SORBI_3006G206500,SORBI_3006G206800,SORBI_3006G206800,0.0
6,S6_56483441,56483441,7.044938e-08,8,SORBI_3006G217000;SORBI_3006G217100;SORBI_3006G217200;SORBI_3006G216900;SORBI_3006G217300;SORBI_3006G217400;SORBI_3006G216800;SORBI_3006G217500,SORBI_3006G217000,SORBI_3006G217000,0.0
6,S6_56551497,56551497,7.509359e-07,9,SORBI_3006G218200;SORBI_3006G218100;SORBI_3006G218300;SORBI_3006G218050;SORBI_3006G218400;SORBI_3006G218000;SORBI_3006G217950;SORBI_3006G217900;SORBI_3006G217800,SORBI_3006G218200,SORBI_3006G218200,0.0
6,S6_57205641,57205641,2.548319e-05,8,SORBI_3006G227300;SORBI_3006G227200;SORBI_3006G227400;SORBI_3006G227100;SORBI_3006G227050;SORBI_3006G227000;SORBI_3006G226900;SORBI_3006G227500,SORBI_3006G227300,SORBI_3006G227300,597.0
6,S6_57913905,57913905,3.4225e-06,8,SORBI_3006G238100;SORBI_3006G238200;SORBI_3006G238000;SORBI_3006G237900;SORBI_3006G237800;SORBI_3006G238300;SORBI_3006G238400;SORBI_3006G237700,SORBI_3006G238100,SORBI_3006G238100,127.0
6,S6_60419104,60419104,1.536013e-10,9,SORBI_3006G272600;SORBI_3006G272500;SORBI_3006G272700;SORBI_3006G272800;SORBI_3006G272450;SORBI_3006G272900;SORBI_3006G272400;SORBI_3006G273000;SORBI_3006G272300,SORBI_3006G272600,SORBI_3006G272600,1902.0
6,S6_60847698,60847698,2.048267e-05,8,SORBI_3006G277600;SORBI_3006G277700;SORBI_3006G277550;SORBI_3006G277500;SORBI_3006G277400;SORBI_3006G277300;SORBI_3006G277750;SORBI_3006G277200,SORBI_3006G277600,SORBI_3006G277600,0.0
6,S6_61016896,61016896,1.365426e-06,9,SORBI_3006G280000;SORBI_3006G280050;SORBI_3006G280100;SORBI_3006G280200;SORBI_3006G279900;SORBI_3006G279800;SORBI_3006G279700;SORBI_3006G280250;SORBI_3006G279600,SORBI_3006G280000,SORBI_3006G280000,0.0
6,S6_61034241,61034241,6.648704e-06,7,SORBI_3006G280200;SORBI_3006G280250;SORBI_3006G280100;SORBI_3006G280300;SORBI_3006G280050;SORBI_3006G280000;SORBI_3006G280400,SORBI_3006G280200,SORBI_3006G280200,0.0
7,S7_11347673,11347673,9.269182e-07,0,,,,
7,S7_11500185,11500185,4.547992e-10,1,SORBI_3007G086400,SORBI_3007G086400,SORBI_3007G086400,9915.0
7,S7_11500279,11500279,2.061112e-09,1,SORBI_3007G086400,SORBI_3007G086400,SORBI_3007G086400,9821.0
7,S7_11816022,11816022,9.805935e-10,2,SORBI_3007G087300;SORBI_3007G087200,SORBI_3007G087300,SORBI_3007G087300,14619.0
7,S7_11876032,11876032,2.197517e-06,1,SORBI_3007G087400,SORBI_3007G087400,SORBI_3007G087400,2711.0
7,S7_12052511,12052511,1.945936e-05,2,SORBI_3007G087900;SORBI_3007G088000,SORBI_3007G087900,SORBI_3007G087900,10894.0
7,S7_12064372,12064372,4.124198e-10,2,SORBI_3007G088000;SORBI_3007G087900,SORBI_3007G088000,SORBI_3007G088000,7408.0
7,S7_12095950,12095950,4.218964e-10,3,SORBI_3007G088200;SORBI_3007G088100;SORBI_3007G088000,SORBI_3007G088200,SORBI_3007G088200,10455.0
7,S7_12196013,12196013,3.678099e-06,0,,,,
7,S7_12196015,12196015,1.162814e-07,0,,,,
7,S7_12203127,12203127,2.305488e-06,0,,,,
7,S7_12203445,12203445,3.761715e-07,0,,,,
7,S7_12203643,12203643,1.111695e-05,0,,,,
7,S7_12384524,12384524,9.405747e-06,1,SORBI_3007G088900,SORBI_3007G088900,SORBI_3007G088900,9653.0
7,S7_12391528,12391528,4.98138e-06,1,SORBI_3007G088900,SORBI_3007G088900,SORBI_3007G088900,2649.0
7,S7_12391552,12391552,1.070931e-05,1,SORBI_3007G088900,SORBI_3007G088900,SORBI_3007G088900,2625.0
7,S7_12401907,12401907,4.155533e-07,1,SORBI_3007G088900,SORBI_3007G088900,SORBI_3007G088900,2262.0
7,S7_12457870,12457870,2.079876e-07,1,SORBI_3007G089101,SORBI_3007G089101,SORBI_3007G089101,13320.0
7,S7_12459307,12459307,5.345806e-05,1,SORBI_3007G089101,SORBI_3007G089101,SORBI_3007G089101,14757.0
7,S7_12476379,12476379,4.906646e-06,0,,,,
7,S7_12477125,12477125,3.660061e-06,0,,,,
7,S7_12584755,12584755,2.059467e-06,1,SORBI_3007G089300,SORBI_3007G089300,SORBI_3007G089300,0.0
7,S7_12584759,12584759,2.059467e-06,1,SORBI_3007G089300,SORBI_3007G089300,SORBI_3007G089300,0.0
7,S7_12584867,12584867,5.287637e-06,1,SORBI_3007G089300,SORBI_3007G089300,SORBI_3007G089300,0.0
7,S7_12585407,12585407,8.59868e-06,1,SORBI_3007G089300,SORBI_3007G089300,SORBI_3007G089300,0.0
7,S7_12585423,12585423,8.59868e-06,1,SORBI_3007G089300,SORBI_3007G089300,SORBI_3007G089300,0.0
7,S7_12594361,12594361,1.807148e-08,2,SORBI_3007G089300;SORBI_3007G089400,SORBI_3007G089300,SORBI_3007G089300,0.0
7,S7_12594462,12594462,2.79015e-07,2,SORBI_3007G089300;SORBI_3007G089400,SORBI_3007G089300,SORBI_3007G089300,0.0
7,S7_12647801,12647801,9.88127e-07,6,SORBI_3007G089700;SORBI_3007G089800;SORBI_3007G089600;SORBI_3007G089566;SORBI_3007G089533;SORBI_3007G089500,SORBI_3007G089700,SORBI_3007G089700,68.0
7,S7_12647837,12647837,1.1327e-06,6,SORBI_3007G089700;SORBI_3007G089800;SORBI_3007G089600;SORBI_3007G089566;SORBI_3007G089533;SORBI_3007G089500,SORBI_3007G089700,SORBI_3007G089700,32.0
7,S7_12647838,12647838,1.906587e-05,6,SORBI_3007G089700;SORBI_3007G089800;SORBI_3007G089600;SORBI_3007G089566;SORBI_3007G089533;SORBI_3007G089500,SORBI_3007G089700,SORBI_3007G089700,31.0
7,S7_12660314,12660314,1.250352e-07,5,SORBI_3007G089800;SORBI_3007G089700;SORBI_3007G089600;SORBI_3007G089566;SORBI_3007G089900,SORBI_3007G089800,SORBI_3007G089800,2330.0
7,S7_12660315,12660315,1.250352e-07,5,SORBI_3007G089800;SORBI_3007G089700;SORBI_3007G089600;SORBI_3007G089566;SORBI_3007G089900,SORBI_3007G089800,SORBI_3007G089800,2331.0
7,S7_12695617,12695617,1.555254e-05,2,SORBI_3007G089900;SORBI_3007G090001,SORBI_3007G089900,SORBI_3007G089900,0.0
7,S7_12700104,12700104,5.593228e-10,2,SORBI_3007G089900;SORBI_3007G090001,SORBI_3007G089900,SORBI_3007G089900,701.0
7,S7_12739645,12739645,2.559028e-05,0,,,,
7,S7_12739660,12739660,1.18039e-06,0,,,,
7,S7_12739686,12739686,4.044585e-07,0,,,,
7,S7_12741367,12741367,3.991689e-06,0,,,,
7,S7_12741392,12741392,3.991689e-06,0,,,,
7,S7_12744480,12744480,1.95835e-06,0,,,,
7,S7_12744557,12744557,3.72802e-06,0,,,,
7,S7_12747286,12747286,1.424872e-07,0,,,,
7,S7_12779889,12779889,1.85839e-07,1,SORBI_3007G090100,SORBI_3007G090100,SORBI_3007G090100,23678.0
7,S7_12810119,12810119,8.717784e-08,1,SORBI_3007G090100,SORBI_3007G090100,SORBI_3007G090100,5695.0
7,S7_12901120,12901120,1.77427e-07,0,,,,
7,S7_12904877,12904877,8.626882e-08,0,,,,
7,S7_12909505,12909505,6.339546e-06,1,SORBI_3007G090200,SORBI_3007G090200,SORBI_3007G090200,24551.0
7,S7_12926877,12926877,2.728211e-05,3,SORBI_3007G090200;SORBI_3007G090300;SORBI_3007G090400,SORBI_3007G090200,SORBI_3007G090200,7179.0
7,S7_12927637,12927637,2.82181e-05,3,SORBI_3007G090200;SORBI_3007G090300;SORBI_3007G090400,SORBI_3007G090200,SORBI_3007G090200,6419.0
7,S7_12927723,12927723,2.583687e-05,3,SORBI_3007G090200;SORBI_3007G090300;SORBI_3007G090400,SORBI_3007G090200,SORBI_3007G090200,6333.0
7,S7_12927838,12927838,7.32572e-07,3,SORBI_3007G090200;SORBI_3007G090300;SORBI_3007G090400,SORBI_3007G090200,SORBI_3007G090200,6218.0
7,S7_12927846,12927846,7.32572e-07,3,SORBI_3007G090200;SORBI_3007G090300;SORBI_3007G090400,SORBI_3007G090200,SORBI_3007G090200,6210.0
7,S7_12928336,12928336,2.127677e-08,3,SORBI_3007G090200;SORBI_3007G090300;SORBI_3007G090400,SORBI_3007G090200,SORBI_3007G090200,5720.0
7,S7_12928399,12928399,1.630123e-05,3,SORBI_3007G090200;SORBI_3007G090300;SORBI_3007G090400,SORBI_3007G090200,SORBI_3007G090200,5657.0
7,S7_12928570,12928570,2.652011e-10,3,SORBI_3007G090200;SORBI_3007G090300;SORBI_3007G090400,SORBI_3007G090200,SORBI_3007G090200,5486.0
7,S7_12928703,12928703,3.628258e-10,3,SORBI_3007G090200;SORBI_3007G090300;SORBI_3007G090400,SORBI_3007G090200,SORBI_3007G090200,5353.0
7,S7_12928708,12928708,3.628258e-10,3,SORBI_3007G090200;SORBI_3007G090300;SORBI_3007G090400,SORBI_3007G090200,SORBI_3007G090200,5348.0
7,S7_12939166,12939166,5.406011e-09,3,SORBI_3007G090300;SORBI_3007G090200;SORBI_3007G090400,SORBI_3007G090300,SORBI_3007G090300,237.0
7,S7_12939168,12939168,5.406011e-09,3,SORBI_3007G090300;SORBI_3007G090200;SORBI_3007G090400,SORBI_3007G090300,SORBI_3007G090300,235.0
7,S7_12939211,12939211,5.406011e-09,3,SORBI_3007G090300;SORBI_3007G090200;SORBI_3007G090400,SORBI_3007G090300,SORBI_3007G090300,192.0
7,S7_12939752,12939752,2.088324e-07,3,SORBI_3007G090300;SORBI_3007G090400;SORBI_3007G090200,SORBI_3007G090300,SORBI_3007G090300,0.0
7,S7_12939754,12939754,2.088324e-07,3,SORBI_3007G090300;SORBI_3007G090400;SORBI_3007G090200,SORBI_3007G090300,SORBI_3007G090300,0.0
7,S7_12941909,12941909,1.389448e-06,3,SORBI_3007G090400;SORBI_3007G090300;SORBI_3007G090200,SORBI_3007G090400,SORBI_3007G090400,1141.0
7,S7_12986834,12986834,9.129594e-07,0,,,,
7,S7_12986888,12986888,1.837268e-05,0,,,,
7,S7_13005746,13005746,1.406121e-06,0,,,,
7,S7_13033207,13033207,8.742267e-06,0,,,,
7,S7_13033226,13033226,3.901368e-05,0,,,,
7,S7_13097825,13097825,5.671826e-06,3,SORBI_3007G090409;SORBI_3007G090406;SORBI_3007G090403,SORBI_3007G090409,SORBI_3007G090409,5087.0
7,S7_13158192,13158192,2.652003e-05,2,SORBI_3007G090412;SORBI_3007G090415,SORBI_3007G090412,SORBI_3007G090412,18544.0
7,S7_13165114,13165114,8.532055e-07,2,SORBI_3007G090412;SORBI_3007G090415,SORBI_3007G090412,SORBI_3007G090412,11622.0
7,S7_13166702,13166702,5.079165e-10,2,SORBI_3007G090412;SORBI_3007G090415,SORBI_3007G090412,SORBI_3007G090412,10034.0
7,S7_13173260,13173260,3.722787e-07,2,SORBI_3007G090412;SORBI_3007G090415,SORBI_3007G090412,SORBI_3007G090412,3476.0
7,S7_13184974,13184974,5.602784e-05,2,SORBI_3007G090415;SORBI_3007G090412,SORBI_3007G090415,SORBI_3007G090415,316.0
7,S7_13185108,13185108,2.185836e-05,2,SORBI_3007G090415;SORBI_3007G090412,SORBI_3007G090415,SORBI_3007G090415,450.0
7,S7_13185317,13185317,1.234527e-05,2,SORBI_3007G090415;SORBI_3007G090412,SORBI_3007G090415,SORBI_3007G090415,659.0
7,S7_13185347,13185347,2.767743e-05,2,SORBI_3007G090415;SORBI_3007G090412,SORBI_3007G090415,SORBI_3007G090415,689.0
7,S7_13189878,13189878,5.97543e-07,2,SORBI_3007G090415;SORBI_3007G090412,SORBI_3007G090415,SORBI_3007G090415,5220.0
7,S7_13190209,13190209,6.186865e-07,2,SORBI_3007G090415;SORBI_3007G090412,SORBI_3007G090415,SORBI_3007G090415,5551.0
7,S7_13487856,13487856,5.769435e-05,0,,,,
7,S7_13579339,13579339,4.53086e-05,0,,,,
7,S7_13582783,13582783,1.913923e-05,0,,,,
7,S7_13584127,13584127,1.55291e-05,0,,,,
7,S7_13649137,13649137,8.890121e-07,0,,,,
7,S7_13649433,13649433,5.14217e-09,0,,,,
7,S7_13649453,13649453,1.9972e-06,0,,,,
7,S7_13649676,13649676,2.627098e-05,0,,,,
7,S7_13656228,13656228,3.306629e-05,0,,,,
7,S7_13698699,13698699,7.554794e-05,0,,,,
7,S7_13804454,13804454,3.223092e-05,7,SORBI_3007G090436;SORBI_3007G090439;SORBI_3007G090442;SORBI_3007G090445;SORBI_3007G090430;SORBI_3007G090433;SORBI_3007G090448,SORBI_3007G090436,SORBI_3007G090436,8126.0
7,S7_13804611,13804611,2.067944e-05,7,SORBI_3007G090436;SORBI_3007G090439;SORBI_3007G090442;SORBI_3007G090445;SORBI_3007G090430;SORBI_3007G090448;SORBI_3007G090433,SORBI_3007G090436,SORBI_3007G090436,8283.0
7,S7_13804619,13804619,2.067944e-05,7,SORBI_3007G090436;SORBI_3007G090439;SORBI_3007G090442;SORBI_3007G090445;SORBI_3007G090430;SORBI_3007G090448;SORBI_3007G090433,SORBI_3007G090436,SORBI_3007G090436,8291.0
7,S7_13916522,13916522,2.879817e-05,3,SORBI_3007G090457;SORBI_3007G090454;SORBI_3007G090460,SORBI_3007G090457,SORBI_3007G090457,5669.0
7,S7_13926938,13926938,4.361663e-06,3,SORBI_3007G090460;SORBI_3007G090457;SORBI_3007G090454,SORBI_3007G090460,SORBI_3007G090460,13151.0
7,S7_13927049,13927049,8.588559e-06,3,SORBI_3007G090460;SORBI_3007G090457;SORBI_3007G090454,SORBI_3007G090460,SORBI_3007G090460,13040.0
7,S7_13927090,13927090,3.853674e-06,3,SORBI_3007G090460;SORBI_3007G090457;SORBI_3007G090454,SORBI_3007G090460,SORBI_3007G090460,12999.0
7,S7_13962066,13962066,2.59803e-05,1,SORBI_3007G090460,SORBI_3007G090460,SORBI_3007G090460,20658.0
7,S7_13962176,13962176,4.824202e-07,1,SORBI_3007G090460,SORBI_3007G090460,SORBI_3007G090460,20768.0
7,S7_13962178,13962178,3.015637e-05,1,SORBI_3007G090460,SORBI_3007G090460,SORBI_3007G090460,20770.0
7,S7_13962231,13962231,2.793972e-05,1,SORBI_3007G090460,SORBI_3007G090460,SORBI_3007G090460,20823.0
7,S7_13962376,13962376,1.861898e-06,1,SORBI_3007G090460,SORBI_3007G090460,SORBI_3007G090460,20968.0
7,S7_13963564,13963564,5.419285e-07,1,SORBI_3007G090460,SORBI_3007G090460,SORBI_3007G090460,22156.0
7,S7_14033621,14033621,4.774871e-05,2,SORBI_3007G090469;SORBI_3007G090466,SORBI_3007G090469,SORBI_3007G090469,0.0
7,S7_14066821,14066821,6.147897e-06,1,SORBI_3007G090469,SORBI_3007G090469,SORBI_3007G090469,0.0
7,S7_14075648,14075648,3.427743e-05,1,SORBI_3007G090469,SORBI_3007G090469,SORBI_3007G090469,0.0
7,S7_14080469,14080469,1.891659e-05,1,SORBI_3007G090469,SORBI_3007G090469,SORBI_3007G090469,3188.0
7,S7_14098465,14098465,1.074559e-05,1,SORBI_3007G090469,SORBI_3007G090469,SORBI_3007G090469,21184.0
7,S7_14098477,14098477,1.329203e-05,1,SORBI_3007G090469,SORBI_3007G090469,SORBI_3007G090469,21196.0
7,S7_14098515,14098515,1.074559e-05,1,SORBI_3007G090469,SORBI_3007G090469,SORBI_3007G090469,21234.0
7,S7_14116269,14116269,1.883035e-05,1,SORBI_3007G090472,SORBI_3007G090472,SORBI_3007G090472,12282.0
7,S7_14217718,14217718,9.15798e-06,2,SORBI_3007G090537;SORBI_3007G090600,SORBI_3007G090537,SORBI_3007G090537,9179.0
7,S7_14233852,14233852,1.441953e-06,1,SORBI_3007G090600,SORBI_3007G090600,SORBI_3007G090600,0.0
7,S7_14240021,14240021,1.880202e-05,1,SORBI_3007G090600,SORBI_3007G090600,SORBI_3007G090600,4714.0
7,S7_14240022,14240022,1.874304e-05,1,SORBI_3007G090600,SORBI_3007G090600,SORBI_3007G090600,4715.0
7,S7_14241658,14241658,3.747986e-05,1,SORBI_3007G090600,SORBI_3007G090600,SORBI_3007G090600,6351.0
7,S7_14241780,14241780,4.413919e-05,1,SORBI_3007G090600,SORBI_3007G090600,SORBI_3007G090600,6473.0
7,S7_14252733,14252733,8.683709e-06,1,SORBI_3007G090600,SORBI_3007G090600,SORBI_3007G090600,17426.0
7,S7_14253363,14253363,4.595399e-05,1,SORBI_3007G090600,SORBI_3007G090600,SORBI_3007G090600,18056.0
7,S7_14253462,14253462,5.763122e-06,1,SORBI_3007G090600,SORBI_3007G090600,SORBI_3007G090600,18155.0
7,S7_14253464,14253464,9.621277e-06,1,SORBI_3007G090600,SORBI_3007G090600,SORBI_3007G090600,18157.0
7,S7_14262000,14262000,1.539851e-06,0,,,,
7,S7_14358905,14358905,1.908787e-05,1,SORBI_3007G090701,SORBI_3007G090701,SORBI_3007G090701,10756.0
7,S7_14358917,14358917,1.908787e-05,1,SORBI_3007G090701,SORBI_3007G090701,SORBI_3007G090701,10768.0
7,S7_14358937,14358937,1.959028e-05,1,SORBI_3007G090701,SORBI_3007G090701,SORBI_3007G090701,10788.0
7,S7_14358952,14358952,1.908787e-05,1,SORBI_3007G090701,SORBI_3007G090701,SORBI_3007G090701,10803.0
7,S7_14363732,14363732,3.683068e-05,1,SORBI_3007G090701,SORBI_3007G090701,SORBI_3007G090701,15583.0
7,S7_14363740,14363740,3.683068e-05,1,SORBI_3007G090701,SORBI_3007G090701,SORBI_3007G090701,15591.0
7,S7_14365241,14365241,1.539979e-05,1,SORBI_3007G090701,SORBI_3007G090701,SORBI_3007G090701,17092.0
7,S7_14370788,14370788,1.941912e-05,2,SORBI_3007G090800;SORBI_3007G090701,SORBI_3007G090800,SORBI_3007G090800,21062.0
7,S7_14371315,14371315,3.157474e-05,2,SORBI_3007G090800;SORBI_3007G090701,SORBI_3007G090800,SORBI_3007G090800,20535.0
7,S7_14392576,14392576,1.854477e-05,1,SORBI_3007G090800,SORBI_3007G090800,SORBI_3007G090800,571.0
7,S7_14392577,14392577,1.818838e-05,1,SORBI_3007G090800,SORBI_3007G090800,SORBI_3007G090800,572.0
7,S7_14524784,14524784,2.0894e-05,0,,,,
7,S7_14556824,14556824,7.898206e-05,0,,,,
7,S7_14582093,14582093,5.220021e-05,0,,,,
7,S7_14602623,14602623,3.319351e-07,0,,,,
7,S7_14602643,14602643,1.971021e-05,0,,,,
7,S7_14604306,14604306,2.635949e-05,0,,,,
7,S7_14609423,14609423,5.914656e-06,0,,,,
7,S7_14639006,14639006,8.806152e-09,0,,,,
7,S7_14723057,14723057,1.516485e-05,0,,,,
7,S7_14723082,14723082,1.516485e-05,0,,,,
7,S7_14791432,14791432,3.555397e-07,1,SORBI_3007G091100,SORBI_3007G091100,SORBI_3007G091100,10921.0
7,S7_14791484,14791484,3.26563e-09,1,SORBI_3007G091100,SORBI_3007G091100,SORBI_3007G091100,10973.0
7,S7_14821472,14821472,2.026445e-05,0,,,,
7,S7_14824523,14824523,1.600651e-05,0,,,,
7,S7_14833645,14833645,7.226017e-05,0,,,,
7,S7_15100947,15100947,6.013744e-07,0,,,,
7,S7_15139939,15139939,1.688967e-09,0,,,,
7,S7_15139982,15139982,3.617472e-06,0,,,,
7,S7_15203334,15203334,1.071657e-06,2,SORBI_3007G091400;SORBI_3007G091500,SORBI_3007G091400,SORBI_3007G091400,4460.0
7,S7_15203358,15203358,1.071657e-06,2,SORBI_3007G091400;SORBI_3007G091500,SORBI_3007G091400,SORBI_3007G091400,4436.0
7,S7_15203496,15203496,7.010215e-08,2,SORBI_3007G091400;SORBI_3007G091500,SORBI_3007G091400,SORBI_3007G091400,4298.0
7,S7_15228883,15228883,5.302493e-10,2,SORBI_3007G091400;SORBI_3007G091500,SORBI_3007G091400,SORBI_3007G091400,10435.0
7,S7_15368827,15368827,6.075615e-05,1,SORBI_3007G091800,SORBI_3007G091800,SORBI_3007G091800,1175.0
7,S7_15368949,15368949,1.728051e-07,1,SORBI_3007G091800,SORBI_3007G091800,SORBI_3007G091800,1053.0
7,S7_15385215,15385215,5.894689e-05,1,SORBI_3007G091800,SORBI_3007G091800,SORBI_3007G091800,14332.0
7,S7_15385333,15385333,9.286853e-08,1,SORBI_3007G091800,SORBI_3007G091800,SORBI_3007G091800,14450.0
7,S7_15385965,15385965,4.42827e-07,1,SORBI_3007G091800,SORBI_3007G091800,SORBI_3007G091800,15082.0
7,S7_15402463,15402463,2.660865e-09,0,,,,
7,S7_15726922,15726922,4.711388e-10,1,SORBI_3007G092400,SORBI_3007G092400,SORBI_3007G092400,9350.0
7,S7_15790315,15790315,2.41067e-09,0,,,,
7,S7_15800244,15800244,1.156337e-05,0,,,,
7,S7_15923791,15923791,1.171242e-06,3,SORBI_3007G092600;SORBI_3007G092500;SORBI_3007G092450,SORBI_3007G092600,SORBI_3007G092600,2380.0
7,S7_15928274,15928274,2.180612e-05,3,SORBI_3007G092600;SORBI_3007G092500;SORBI_3007G092450,SORBI_3007G092600,SORBI_3007G092600,0.0
7,S7_15930348,15930348,1.2009e-05,3,SORBI_3007G092600;SORBI_3007G092500;SORBI_3007G092450,SORBI_3007G092600,SORBI_3007G092600,0.0
7,S7_15930366,15930366,1.2009e-05,3,SORBI_3007G092600;SORBI_3007G092500;SORBI_3007G092450,SORBI_3007G092600,SORBI_3007G092600,0.0
7,S7_15969219,15969219,4.523406e-05,0,,,,
7,S7_15969303,15969303,4.390077e-06,0,,,,
7,S7_15969448,15969448,3.908347e-05,0,,,,
7,S7_16009994,16009994,2.482339e-06,0,,,,
7,S7_16010007,16010007,2.482339e-06,0,,,,
7,S7_16010022,16010022,2.482339e-06,0,,,,
7,S7_16010108,16010108,1.170558e-06,0,,,,
7,S7_16010808,16010808,5.06155e-05,0,,,,
7,S7_16010809,16010809,5.77095e-05,0,,,,
7,S7_16011301,16011301,7.682103e-06,0,,,,
7,S7_16011314,16011314,7.682103e-06,0,,,,
7,S7_16200550,16200550,1.025994e-05,0,,,,
7,S7_16200555,16200555,2.087099e-05,0,,,,
7,S7_16200849,16200849,8.880979e-06,0,,,,
7,S7_16200893,16200893,8.880979e-06,0,,,,
7,S7_16201482,16201482,4.990651e-05,0,,,,
7,S7_16269311,16269311,3.644095e-06,1,SORBI_3007G093100,SORBI_3007G093100,SORBI_3007G093100,13197.0
7,S7_16318006,16318006,4.457841e-07,0,,,,
7,S7_16329779,16329779,9.623747e-06,0,,,,
7,S7_16330933,16330933,3.750772e-07,0,,,,
7,S7_16346823,16346823,9.710694e-07,0,,,,
7,S7_16346824,16346824,9.710694e-07,0,,,,
7,S7_16346825,16346825,9.710694e-07,0,,,,
7,S7_16374236,16374236,5.01593e-05,0,,,,
7,S7_16374237,16374237,5.041574e-05,0,,,,
7,S7_16374239,16374239,5.01593e-05,0,,,,
7,S7_16374545,16374545,1.226768e-05,0,,,,
7,S7_16374554,16374554,1.226768e-05,0,,,,
7,S7_16376982,16376982,1.996642e-06,0,,,,
7,S7_16389402,16389402,7.314829e-05,0,,,,
7,S7_16389468,16389468,8.871978e-06,0,,,,
7,S7_16389469,16389469,3.970845e-05,0,,,,
7,S7_16389470,16389470,4.424722e-06,0,,,,
7,S7_16389473,16389473,4.621125e-06,0,,,,
7,S7_16468136,16468136,2.897764e-06,0,,,,
7,S7_16468138,16468138,2.897764e-06,0,,,,
7,S7_16469062,16469062,6.792137e-05,0,,,,
7,S7_16469165,16469165,3.656948e-05,0,,,,
7,S7_16519664,16519664,3.171875e-05,0,,,,
7,S7_16589661,16589661,2.056767e-05,0,,,,
7,S7_16589686,16589686,2.065693e-05,0,,,,
7,S7_16589694,16589694,2.065693e-05,0,,,,
7,S7_16658628,16658628,2.144961e-05,0,,,,
7,S7_16659083,16659083,8.735926e-08,0,,,,
7,S7_16665472,16665472,4.534027e-07,0,,,,
7,S7_16667822,16667822,3.33288e-07,0,,,,
7,S7_16667969,16667969,1.361775e-05,0,,,,
7,S7_16798380,16798380,7.921721e-06,1,SORBI_3007G093500,SORBI_3007G093500,SORBI_3007G093500,22811.0
7,S7_16810224,16810224,1.931863e-05,0,,,,
7,S7_16886224,16886224,2.773432e-06,0,,,,
7,S7_16983098,16983098,4.466353e-10,0,,,,
7,S7_16986622,16986622,3.496407e-10,0,,,,
7,S7_16991865,16991865,2.058525e-08,0,,,,
7,S7_17007776,17007776,5.925732e-07,0,,,,
7,S7_17046494,17046494,3.373549e-07,0,,,,
7,S7_17315061,17315061,1.429227e-07,1,SORBI_3007G094600,SORBI_3007G094600,SORBI_3007G094600,11075.0
7,S7_17339156,17339156,8.859013e-08,0,,,,
7,S7_17353517,17353517,5.262612e-10,1,SORBI_3007G094700,SORBI_3007G094700,SORBI_3007G094700,15779.0
7,S7_17373778,17373778,2.12161e-07,1,SORBI_3007G094700,SORBI_3007G094700,SORBI_3007G094700,2145.0
7,S7_17463517,17463517,2.064112e-07,0,,,,
7,S7_35080943,35080943,8.695056e-06,0,,,,
7,S7_35080967,35080967,1.435008e-05,0,,,,
7,S7_35119556,35119556,1.661959e-05,0,,,,
7,S7_35286461,35286461,3.176405e-05,0,,,,
7,S7_35895561,35895561,5.890829e-05,0,,,,
7,S7_36828446,36828446,2.203043e-05,1,SORBI_3007G104300,SORBI_3007G104300,SORBI_3007G104300,17868.0
7,S7_58426613,58426613,2.48832e-05,4,SORBI_3007G151900;SORBI_3007G152000;SORBI_3007G151800;SORBI_3007G152101,SORBI_3007G151900,SORBI_3007G151900,1293.0
8,S8_10234606,10234606,3.807206e-05,1,SORBI_3008G073700,SORBI_3008G073700,SORBI_3008G073700,880.0
8,S8_10964454,10964454,2.975166e-05,3,SORBI_3008G075100;SORBI_3008G075200;SORBI_3008G075300,SORBI_3008G075100,SORBI_3008G075100,9972.0
8,S8_4064040,4064040,7.973798e-06,5,SORBI_3008G041450;SORBI_3008G041500;SORBI_3008G041600;SORBI_3008G041700;SORBI_3008G041800,SORBI_3008G041450,SORBI_3008G041450,657.0
8,S8_53218613,53218613,3.113511e-05,5,SORBI_3008G119600;SORBI_3008G119501;SORBI_3008G119700;SORBI_3008G119400;SORBI_3008G119800,SORBI_3008G119600,SORBI_3008G119600,3971.0
8,S8_9512600,9512600,1.569186e-05,1,SORBI_3008G071300,SORBI_3008G071300,SORBI_3008G071300,7012.0
9,S9_34532925,34532925,4.112868e-05,0,,,,
9,S9_53576311,53576311,5.152035e-05,9,SORBI_3009G181900;CYP98A1;SORBI_3009G182000;SORBI_3009G182100;SORBI_3009G182200;SORBI_3009G181700;SORBI_3009G182300;SORBI_3009G182400;SORBI_3009G181600,SORBI_3009G181900,SORBI_3009G181900,1859.0
