rs	chr	ps	p_wald
S1_66869228	1	66869228	5.052206e-13
S1_66859376	1	66859376	5.347589e-11
S1_66847402	1	66847402	8.506329e-11
S1_66859273	1	66859273	2.848726e-09
S1_66859281	1	66859281	2.848726e-09
S1_66847299	1	66847299	3.335954e-09
S1_67631936	1	67631936	3.442855e-09
S1_66863043	1	66863043	9.207524e-09
S1_66847605	1	66847605	1.24429e-08
S1_66863041	1	66863041	1.804512e-08
S5_55189533	5	55189533	1.430471e-07
S1_66859323	1	66859323	3.951911e-07
S1_66262845	1	66262845	4.453897e-07
S3_51737363	3	51737363	8.289828e-07
S1_66854996	1	66854996	8.591343e-07
S1_66855006	1	66855006	8.591343e-07
S1_66855046	1	66855046	9.987727e-07
S7_29115493	7	29115493	1.426298e-06
S5_16329842	5	16329842	2.836347e-06
S1_40176112	1	40176112	4.532174e-06
S1_9402393	1	9402393	4.772332e-06
S5_53434091	5	53434091	4.80952e-06
S1_71205570	1	71205570	5.035388e-06
S1_66262856	1	66262856	5.926813e-06
S1_66262859	1	66262859	5.926813e-06
S1_66847610	1	66847610	6.140613e-06
S4_54522206	4	54522206	9.669808e-06
S1_50219118	1	50219118	9.695841e-06
S2_72227616	2	72227616	1.126498e-05
S4_67325674	4	67325674	1.395998e-05
S3_12712993	3	12712993	1.696564e-05
S1_17387772	1	17387772	1.833348e-05
S1_17387773	1	17387773	1.833348e-05
S2_69465120	2	69465120	1.964147e-05
S4_276751	4	276751	2.507889e-05
S1_30104158	1	30104158	2.612912e-05
S1_66855463	1	66855463	2.813378e-05
S1_40430595	1	40430595	3.031924e-05
S4_13995546	4	13995546	3.140402e-05
S4_14370476	4	14370476	3.754722e-05
S1_66605914	1	66605914	3.803652e-05
S1_66605916	1	66605916	3.834258e-05
S3_54841668	3	54841668	4.113232e-05
S2_6102780	2	6102780	4.353612e-05
S1_61686532	1	61686532	6.116977e-05
S4_13883495	4	13883495	6.71314e-05
S3_52462962	3	52462962	7.018101e-05
S1_31487864	1	31487864	7.527999e-05
S4_13921155	4	13921155	7.837536e-05
S3_4695448	3	4695448	7.946706e-05
S9_26583760	9	26583760	8.68213e-05
S1_71180967	1	71180967	8.942804e-05
S3_66534853	3	66534853	9.404759e-05
S3_3143413	3	3143413	0.0001018002
S6_59865708	6	59865708	0.0001032281
S9_34882971	9	34882971	0.00010342
S3_64849362	3	64849362	0.0001038022
S6_17009725	6	17009725	0.0001076207
S1_66336662	1	66336662	0.0001097557
S10_43295664	10	43295664	0.0001143463
S4_12856377	4	12856377	0.0001145279
S1_1354482	1	1354482	0.0001157994
S9_4557741	9	4557741	0.000116959
S6_52816176	6	52816176	0.0001210665
S3_53606588	3	53606588	0.0001221881
S4_12866615	4	12866615	0.0001261685
S2_74682431	2	74682431	0.0001290036
S9_57170292	9	57170292	0.0001318249
S1_9342026	1	9342026	0.000140068
S1_50235151	1	50235151	0.0001432357
S1_40237902	1	40237902	0.0001490631
S1_66262864	1	66262864	0.0001572207
S1_71204593	1	71204593	0.0001575594
S1_55302309	1	55302309	0.0001669518
S1_6394684	1	6394684	0.0001728706
S4_55667711	4	55667711	0.0001743927
S1_65407701	1	65407701	0.0001837247
S3_21931637	3	21931637	0.0001877113
S4_10969959	4	10969959	0.0001919515
S9_6987584	9	6987584	0.0001985547
S4_62911779	4	62911779	0.0001993779
S1_47411484	1	47411484	0.0002144615
S1_47411486	1	47411486	0.0002144615
S1_47411487	1	47411487	0.0002144615
S1_4114359	1	4114359	0.0002281013
S10_69772	10	69772	0.00024053
S2_8458980	2	8458980	0.0002427672
S10_9509570	10	9509570	0.000247889
S5_18849783	5	18849783	0.0002541139
S10_14832872	10	14832872	0.0002668919
S10_14230474	10	14230474	0.0002774038
S10_12900972	10	12900972	0.0002793865
S1_9265188	1	9265188	0.0002879889
S4_40222398	4	40222398	0.0002949705
S4_48045916	4	48045916	0.0002983421
S10_19555745	10	19555745	0.0003044444
S1_56221821	1	56221821	0.0003255656
S1_10012378	1	10012378	0.0003336025
S8_1625362	8	1625362	0.0003385116
S7_1977082	7	1977082	0.0003435398
S1_14052405	1	14052405	0.0003437902
S1_4706887	1	4706887	0.0003689858
S7_10300931	7	10300931	0.0003722182
S6_48343399	6	48343399	0.000375339
S6_48343400	6	48343400	0.0003833177
S1_4706989	1	4706989	0.0003903343
S1_4707013	1	4707013	0.0003903343
S4_124257	4	124257	0.0004061602
S1_18989392	1	18989392	0.0004078846
S7_14632112	7	14632112	0.0004180258
S4_1903229	4	1903229	0.0004276821
S8_16934853	8	16934853	0.0004354058
S6_51647251	6	51647251	0.0004480593
S1_65288074	1	65288074	0.0004487501
S1_56221839	1	56221839	0.0004808572
S1_29937747	1	29937747	0.000492224
S7_16798242	7	16798242	0.0005019312
S2_65329080	2	65329080	0.0005032973
S6_49566405	6	49566405	0.0005122012
S6_49566408	6	49566408	0.0005122012
S1_47760813	1	47760813	0.000514808
S3_63812357	3	63812357	0.0005176775
S10_10818628	10	10818628	0.0005219189
S6_59116972	6	59116972	0.0005330852
S1_6297968	1	6297968	0.0005386799
S1_4115463	1	4115463	0.0005387282
S4_52677103	4	52677103	0.0005414759
S7_56071014	7	56071014	0.0005560679
S9_8179105	9	8179105	0.0005604793
S1_55055125	1	55055125	0.0005689112
S10_13099248	10	13099248	0.0005744685
S1_42256964	1	42256964	0.0006073982
S10_58277971	10	58277971	0.0006240345
S6_48234407	6	48234407	0.0006292412
S7_62283946	7	62283946	0.0006558691
S8_41642571	8	41642571	0.0006603128
S8_41642573	8	41642573	0.0006603128
S8_41642575	8	41642575	0.0006603128
S1_42239866	1	42239866	0.0006688825
S1_54358709	1	54358709	0.0006837962
S1_58917264	1	58917264	0.0006888229
S5_9463298	5	9463298	0.00069416
S2_11051466	2	11051466	0.0006949942
S2_11051483	2	11051483	0.0006949942
S2_11051484	2	11051484	0.0006949942
S3_12363038	3	12363038	0.000697181
S1_40540471	1	40540471	0.0006980889
S5_16331170	5	16331170	0.0007146801
S5_16331175	5	16331175	0.0007146801
S5_17738140	5	17738140	0.0007312915
S1_71205466	1	71205466	0.000736038
S10_115533	10	115533	0.0007455135
S9_52095204	9	52095204	0.0007488133
S1_4706397	1	4706397	0.000750235
S3_12712966	3	12712966	0.0007585943
S7_14400419	7	14400419	0.0007607287
S10_4681733	10	4681733	0.000761635
S6_50354242	6	50354242	0.000767082
S1_40180147	1	40180147	0.0007810683
S8_789408	8	789408	0.00078843
S4_55309273	4	55309273	0.0008046707
S1_44367475	1	44367475	0.000812948
S1_44367476	1	44367476	0.000812948
S3_59312847	3	59312847	0.0008241609
S1_13323048	1	13323048	0.0008245544
S1_68461381	1	68461381	0.0008358724
S3_5604233	3	5604233	0.0008536025
S9_47847918	9	47847918	0.0008681395
S10_3703426	10	3703426	0.0008704381
S3_52998452	3	52998452	0.0008712514
S5_18188160	5	18188160	0.0008751362
S5_18188172	5	18188172	0.0008751362
S2_51240540	2	51240540	0.000883681
S5_9396545	5	9396545	0.0009049693
S3_12712957	3	12712957	0.0009062455
S3_12712959	3	12712959	0.0009062455
S4_66823007	4	66823007	0.0009112336
S1_42275041	1	42275041	0.0009207065
S6_56848712	6	56848712	0.0009245975
S9_842724	9	842724	0.0009681808
S3_66990458	3	66990458	0.0009799127
S2_60323816	2	60323816	0.0009982224
S10_4681666	10	4681666	0.001005485
S10_21746092	10	21746092	0.001009573
S4_4086424	4	4086424	0.001010457
S5_45719111	5	45719111	0.001011419
S6_48700276	6	48700276	0.001014352
S3_69039253	3	69039253	0.001028662
S7_57104835	7	57104835	0.00102934
S1_67007943	1	67007943	0.001043281
S5_17738156	5	17738156	0.001059235
S8_31743325	8	31743325	0.00107363
S10_17546	10	17546	0.0010764
S4_50937464	4	50937464	0.00110141
S3_63598880	3	63598880	0.001102398
S7_10304907	7	10304907	0.001103646
S4_4997888	4	4997888	0.001111563
S4_9342798	4	9342798	0.001136266
S4_13071130	4	13071130	0.001144707
S1_12559112	1	12559112	0.001155464
S7_12941338	7	12941338	0.001173986
S7_14464713	7	14464713	0.001181253
S2_22456331	2	22456331	0.001194032
S5_58119311	5	58119311	0.001195811
S1_44032957	1	44032957	0.001228404
S2_69459706	2	69459706	0.001230819
S1_67970223	1	67970223	0.001239665
S2_56814872	2	56814872	0.001242025
S2_56814892	2	56814892	0.001242025
S1_31628467	1	31628467	0.001242177
S3_15611615	3	15611615	0.001245815
S1_62271348	1	62271348	0.001259521
S4_42399784	4	42399784	0.001281819
S8_6798320	8	6798320	0.001295075
S4_56610194	4	56610194	0.001312089
S1_65490435	1	65490435	0.001316341
S1_12566414	1	12566414	0.001331298
S2_27014727	2	27014727	0.001332813
S4_54211453	4	54211453	0.001332926
S1_58917319	1	58917319	0.001334134
S8_38065398	8	38065398	0.001338834
S6_45898537	6	45898537	0.001342259
S2_49872657	2	49872657	0.001345376
S1_12566407	1	12566407	0.001350213
S2_74735129	2	74735129	0.001368028
S4_40128777	4	40128777	0.001385499
S7_28598846	7	28598846	0.00138608
S5_9796281	5	9796281	0.001401099
S4_67065680	4	67065680	0.001407785
S9_7257203	9	7257203	0.001411758
S1_59365436	1	59365436	0.00141551
S3_1411651	3	1411651	0.001441707
S3_1411660	3	1411660	0.001441707
S1_62989352	1	62989352	0.001450328
S2_20681007	2	20681007	0.001452273
S1_4669727	1	4669727	0.001460742
S1_67434566	1	67434566	0.001466726
S3_69377671	3	69377671	0.001467198
S3_72537663	3	72537663	0.001474633
S2_9096218	2	9096218	0.001475491
S1_40639545	1	40639545	0.001504507
S1_67576516	1	67576516	0.001506177
S10_8192352	10	8192352	0.001511204
S4_2033948	4	2033948	0.001515574
S1_5237486	1	5237486	0.001518389
S8_38942490	8	38942490	0.001519502
S10_52953786	10	52953786	0.001521408
S1_71206767	1	71206767	0.001522652
S3_66421859	3	66421859	0.001547076
S2_69273155	2	69273155	0.00157838
S2_65448549	2	65448549	0.00158871
S2_65448550	2	65448550	0.00158871
S7_63078847	7	63078847	0.001603458
S3_9057406	3	9057406	0.001604648
S4_46340984	4	46340984	0.001607415
S1_71393957	1	71393957	0.001624739
S5_9777088	5	9777088	0.001630573
S1_2082926	1	2082926	0.001630892
S5_17475269	5	17475269	0.001644442
S7_63078875	7	63078875	0.001646543
S8_40146661	8	40146661	0.001648389
S4_14598630	4	14598630	0.001674771
S3_14161565	3	14161565	0.001700114
S3_65466285	3	65466285	0.001700497
S5_46419879	5	46419879	0.00170071
S4_61817390	4	61817390	0.001712468
S5_46414603	5	46414603	0.001715543
S1_67008595	1	67008595	0.001717339
S1_47036290	1	47036290	0.001735522
S5_60250464	5	60250464	0.001737152
S10_113148	10	113148	0.001760593
S2_2003730	2	2003730	0.001762901
S3_3264954	3	3264954	0.001773064
S8_43142696	8	43142696	0.001783516
S5_16333381	5	16333381	0.001788437
S5_16333389	5	16333389	0.001788437
S5_16333406	5	16333406	0.001788437
S1_42257125	1	42257125	0.001790839
S2_62828382	2	62828382	0.001804934
S3_64528149	3	64528149	0.00181161
S4_43961656	4	43961656	0.001814076
S10_56275474	10	56275474	0.001833829
S6_58815895	6	58815895	0.001849884
S10_2623410	10	2623410	0.001853807
S5_4932458	5	4932458	0.001859406
S10_84161	10	84161	0.001860429
S9_34761477	9	34761477	0.001861731
S8_45630891	8	45630891	0.001867313
S6_52395552	6	52395552	0.001877021
S4_50931213	4	50931213	0.001881725
S1_4081728	1	4081728	0.001912947
S3_4694513	3	4694513	0.001920228
S1_4144741	1	4144741	0.00192092
S10_10682412	10	10682412	0.001925105
S1_66591733	1	66591733	0.00193387
S1_26861125	1	26861125	0.001940074
S3_67143983	3	67143983	0.001941406
S10_55877144	10	55877144	0.001963616
S4_44698268	4	44698268	0.001968032
S3_69707917	3	69707917	0.001968763
S4_6242059	4	6242059	0.001985866
S9_49896763	9	49896763	0.001998579
S7_10301087	7	10301087	0.002011772
S10_2623434	10	2623434	0.002021902
S3_68918341	3	68918341	0.002026666
S10_8425536	10	8425536	0.002037738
S8_46468426	8	46468426	0.002047064
S9_55571378	9	55571378	0.002050105
S8_5043214	8	5043214	0.002058935
S4_44828899	4	44828899	0.002090059
S1_60705626	1	60705626	0.002091325
S7_55181986	7	55181986	0.002108942
S4_827879	4	827879	0.002116032
S7_57391959	7	57391959	0.002118386
S3_40594502	3	40594502	0.002121559
S1_4081718	1	4081718	0.002125543
S1_59381356	1	59381356	0.002143921
S4_36420077	4	36420077	0.002159208
S9_56534192	9	56534192	0.002226068
S7_14791566	7	14791566	0.002226347
S9_45533997	9	45533997	0.002226993
S4_224867	4	224867	0.002228543
S9_56646367	9	56646367	0.002241913
S6_49593238	6	49593238	0.002242343
S1_48420628	1	48420628	0.002246882
S7_57313029	7	57313029	0.002263349
S1_4706968	1	4706968	0.002273903
S7_12941341	7	12941341	0.002274717
S2_5060529	2	5060529	0.002302421
S6_56829045	6	56829045	0.002314074
S2_9094364	2	9094364	0.002314933
S9_48401205	9	48401205	0.002339336
S5_6971770	5	6971770	0.002344376
S6_1917465	6	1917465	0.0023483
S3_73187177	3	73187177	0.002350855
S1_55285244	1	55285244	0.002351812
S4_65481051	4	65481051	0.002354896
S9_55467780	9	55467780	0.002363991
S4_1781035	4	1781035	0.002366328
S8_40138400	8	40138400	0.002388304
S9_48972736	9	48972736	0.002388365
S10_12485110	10	12485110	0.002389436
S3_64606553	3	64606553	0.002391958
S1_42806080	1	42806080	0.002406449
S2_22221398	2	22221398	0.002421897
S10_54731448	10	54731448	0.002432144
S1_9474503	1	9474503	0.002446667
S1_4081624	1	4081624	0.002452862
S8_10453660	8	10453660	0.00245831
S2_65185404	2	65185404	0.002471299
S3_4694937	3	4694937	0.002484813
S3_4694972	3	4694972	0.002484813
S9_57642540	9	57642540	0.002518084
S4_3451925	4	3451925	0.002550674
S4_43861434	4	43861434	0.002556171
S4_64565328	4	64565328	0.002573731
S8_16097012	8	16097012	0.002576582
S5_4487433	5	4487433	0.002578045
S1_68436209	1	68436209	0.002578376
S1_15143934	1	15143934	0.002578689
S4_56961832	4	56961832	0.002581245
S4_43609960	4	43609960	0.002583624
S8_1629913	8	1629913	0.002611097
S3_58449849	3	58449849	0.002618151
S2_72007989	2	72007989	0.002619708
S1_48147629	1	48147629	0.002626661
S3_64724933	3	64724933	0.002635072
