rs	chr	ps	p_wald	n_genes_25kb	genes_in_25kb	closest_gene	closest_gene_id	closest_gene_distance_bp
S4_47060169	4	47060169	3.906228e-06	1	SORBI_3004G149800	SORBI_3004G149800	SORBI_3004G149800	16164
S5_11246026	5	11246026	1.131945e-05	0	NA	NA	NA	NA
S3_11859027	3	11859027	1.74567e-05	5	SORBI_3003G128600;SORBI_3003G128700;SORBI_3003G128800;SORBI_3003G128575;SORBI_3003G128550	SORBI_3003G128600	SORBI_3003G128600	0
S8_39592399	8	39592399	1.82703e-05	1	SORBI_3008G092200	SORBI_3008G092200	SORBI_3008G092200	0
S8_40560427	8	40560427	2.683514e-05	0	NA	NA	NA	NA
S8_40560416	8	40560416	2.686694e-05	0	NA	NA	NA	NA
S4_54583383	4	54583383	3.280798e-05	7	SORBI_3004G194100;SORBI_3004G194200;SORBI_3004G194400;SORBI_3004G194500;SORBI_3004G194000;SORBI_3004G194600;SORBI_3004G193900	SORBI_3004G194100	SORBI_3004G194100	0
S8_39592366	8	39592366	4.087315e-05	1	SORBI_3008G092200	SORBI_3008G092200	SORBI_3008G092200	0
S4_60607205	4	60607205	4.995275e-05	3	SORBI_3004G260700;SORBI_3004G260800;DES2	SORBI_3004G260700	SORBI_3004G260700	14736
S6_55696558	6	55696558	5.351507e-05	4	SORBI_3006G207200;SORBI_3006G207300;SORBI_3006G207100;SORBI_3006G207400	SORBI_3006G207200	SORBI_3006G207200	0
S2_10594735	2	10594735	5.567032e-05	5	SORBI_3002G098850;SORBI_3002G098900;SORBI_3002G098800;SORBI_3002G099000;SORBI_3002G099100	SORBI_3002G098850	SORBI_3002G098850	2280
S5_28034022	5	28034022	6.830743e-05	0	NA	NA	NA	NA
S8_48526413	8	48526413	7.285315e-05	1	SORBI_3008G102050	SORBI_3008G102050	SORBI_3008G102050	1710
S9_54018737	9	54018737	7.645543e-05	6	SORBI_3009G187900;SORBI_3009G187700;SORBI_3009G188000;SORBI_3009G188100;SORBI_3009G188200;SORBI_3009G187600	SORBI_3009G187900	SORBI_3009G187900	9396
S4_65768503	4	65768503	7.983855e-05	7	SORBI_3004G322800;SORBI_3004G322901;SORBI_3004G322700;SORBI_3004G322600;SORBI_3004G322650;SORBI_3004G323000;SORBI_3004G323100	SORBI_3004G322800	SORBI_3004G322800	599
S6_48263460	6	48263460	0.0001013798	7	SORBI_3006G114800;SORBI_3006G114700;SORBI_3006G114900;SORBI_3006G114600;SORBI_3006G115000;SORBI_3006G115100;SORBI_3006G115200	SORBI_3006G114800	SORBI_3006G114800	9645
S9_8638643	9	8638643	0.0001076416	4	SORBI_3009G072033;SORBI_3009G072000;SORBI_3009G071900;SORBI_3009G071800	SORBI_3009G072033	SORBI_3009G072033	2173
S1_71621647	1	71621647	0.0001081921	5	SORBI_3001G437801;SORBI_3001G438000;SORBI_3001G438100;SORBI_3001G438200;SORBI_3001G437600	SORBI_3001G437801	SORBI_3001G437801	0
S1_51476448	1	51476448	0.0001139007	2	SORBI_3001G269000;SORBI_3001G268850	SORBI_3001G269000	SORBI_3001G269000	0
S1_67289392	1	67289392	0.000118463	7	SORBI_3001G385400;SORBI_3001G385500;SORBI_3001G385300;SORBI_3001G385200;SORBI_3001G385132;SORBI_3001G385066;SORBI_3001G385800	SORBI_3001G385400	SORBI_3001G385400	0
S1_40658427	1	40658427	0.0001476784	0	NA	NA	NA	NA
S5_10902462	5	10902462	0.0001682319	2	SORBI_3005G082300;SORBI_3005G082400	SORBI_3005G082300	SORBI_3005G082300	129
S1_60465256	1	60465256	0.0001875027	3	SORBI_3001G316400;SORBI_3001G316500;SORBI_3001G316700	SORBI_3001G316400	SORBI_3001G316400	10726
S5_52817857	5	52817857	0.0001943163	0	NA	NA	NA	NA
S8_40571718	8	40571718	0.0001988066	0	NA	NA	NA	NA
S4_67086997	4	67086997	0.0002052243	5	SORBI_3004G338800;SORBI_3004G338900;SORBI_3004G339000;SORBI_3004G339100;SORBI_3004G339200	SORBI_3004G338800	SORBI_3004G338800	3136
S3_5068638	3	5068638	0.0002125124	11	SORBI_3003G057050;SORBI_3003G056900;SORBI_3003G057000;SORBI_3003G056800;SORBI_3003G056700;SORBI_3003G056600;SORBI_3003G057100;SORBI_3003G056500;SORBI_3003G057233;SORBI_3003G056400;SORBI_3003G057366	SORBI_3003G057050	SORBI_3003G057050	0
S10_370834	10	370834	0.0002169194	6	SORBI_3010G004100;SORBI_3010G004200;SORBI_3010G004300;SORBI_3010G004001;SORBI_3010G004400;SORBI_3010G003900	SORBI_3010G004100	SORBI_3010G004100	6
S9_48342815	9	48342815	0.0002214527	5	SORBI_3009G130100;SORBI_3009G130000;SORBI_3009G129900;SORBI_3009G129800;SORBI_3009G130200	SORBI_3009G130100	SORBI_3009G130100	7298
S9_48211019	9	48211019	0.0002448722	6	SORBI_3009G128700;SORBI_3009G128500;SORBI_3009G128600;SORBI_3009G128800;SORBI_3009G128400;SORBI_3009G128300	SORBI_3009G128700	SORBI_3009G128700	276
S7_51432504	7	51432504	0.000246909	3	SORBI_3007G119600;SORBI_3007G119700;SORBI_3007G119500	SORBI_3007G119600	SORBI_3007G119600	4559
S8_48552398	8	48552398	0.0002695622	1	SORBI_3008G102050	SORBI_3008G102050	SORBI_3008G102050	20262
S2_76563659	2	76563659	0.0002835593	1	SORBI_3002G418000	SORBI_3002G418000	SORBI_3002G418000	4666
S4_54587395	4	54587395	0.0002974329	9	SORBI_3004G194400;SORBI_3004G194200;SORBI_3004G194100;SORBI_3004G194500;SORBI_3004G194600;SORBI_3004G194000;SORBI_3004G194700;SORBI_3004G194800;SORBI_3004G194900	SORBI_3004G194400	SORBI_3004G194400	1193
S1_71604275	1	71604275	0.0003041029	5	SORBI_3001G437600;SORBI_3001G437801;SORBI_3001G437500;SORBI_3001G438000;SORBI_3001G437400	SORBI_3001G437600	SORBI_3001G437600	3631
S8_40266969	8	40266969	0.0003111368	0	NA	NA	NA	NA
S3_71531523	3	71531523	0.0003382014	5	SORBI_3003G407600;SORBI_3003G407500;SORBI_3003G407400;SORBI_3003G407700;SORBI_3003G407800	SORBI_3003G407600	SORBI_3003G407600	2962
S10_7794340	10	7794340	0.0003431843	4	SORBI_3010G089700;SORBI_3010G089800;SORBI_3010G089850;SORBI_3010G089900	SORBI_3010G089700	SORBI_3010G089700	4093
S4_63895042	4	63895042	0.0003576712	7	SORBI_3004G300100;SORBI_3004G300000;SORBI_3004G300200;SORBI_3004G300300;SORBI_3004G299850;SORBI_3004G300400;SORBI_3004G299700	SORBI_3004G300100	SORBI_3004G300100	0
S10_7794344	10	7794344	0.0003687314	4	SORBI_3010G089700;SORBI_3010G089800;SORBI_3010G089850;SORBI_3010G089900	SORBI_3010G089700	SORBI_3010G089700	4097
S10_7794366	10	7794366	0.0003687314	4	SORBI_3010G089700;SORBI_3010G089800;SORBI_3010G089850;SORBI_3010G089900	SORBI_3010G089700	SORBI_3010G089700	4119
S5_3554962	5	3554962	0.000391301	8	SORBI_3005G038900;SORBI_3005G038800;SORBI_3005G038700;SORBI_3005G039000;SORBI_3005G038600;SORBI_3005G039100;SORBI_3005G038500;SORBI_3005G038450	SORBI_3005G038900	SORBI_3005G038900	901
S8_40344721	8	40344721	0.0003949725	0	NA	NA	NA	NA
S1_71622964	1	71622964	0.0003989221	5	SORBI_3001G437801;SORBI_3001G438000;SORBI_3001G438100;SORBI_3001G438200;SORBI_3001G437600	SORBI_3001G437801	SORBI_3001G437801	0
S1_72400050	1	72400050	0.0004043196	4	SORBI_3001G447000;SORBI_3001G446900;SORBI_3001G446850;SORBI_3001G447100	SORBI_3001G447000	SORBI_3001G447000	0
S7_59681018	7	59681018	0.0004210136	5	SORBI_3007G162700;SORBI_3007G162600;SORBI_3007G162800;SORBI_3007G162500;SORBI_3007G162901	SORBI_3007G162700	SORBI_3007G162700	1161
S6_970345	6	970345	0.0004355552	5	SORBI_3006G006200;SORBI_3006G006300;SORBI_3006G006400;SORBI_3006G006100;SORBI_3006G006450	SORBI_3006G006200	SORBI_3006G006200	4794
S2_49919021	2	49919021	0.0004366567	1	SORBI_3002G161600	SORBI_3002G161600	SORBI_3002G161600	0
S6_52076904	6	52076904	0.0004374504	6	SORBI_3006G163100;SORBI_3006G163200;SORBI_3006G163066;SORBI_3006G163033;SORBI_3006G163300;SORBI_3006G163000	SORBI_3006G163100	SORBI_3006G163100	4783
S8_40339081	8	40339081	0.0004450593	0	NA	NA	NA	NA
S3_1139697	3	1139697	0.0004647115	2	SORBI_3003G012750;SORBI_3003G012800	SORBI_3003G012750	SORBI_3003G012750	272
S1_56954704	1	56954704	0.0004671513	0	NA	NA	NA	NA
S5_11241725	5	11241725	0.0004823735	0	NA	NA	NA	NA
S1_54889990	1	54889990	0.0004824701	1	SORBI_3001G280100	SORBI_3001G280100	SORBI_3001G280100	3785
S5_3488973	5	3488973	0.0004952395	4	SORBI_3005G038100;SORBI_3005G038000;SORBI_3005G038200;SORBI_3005G038300	SORBI_3005G038100	SORBI_3005G038100	2304
S4_54760343	4	54760343	0.0005253283	5	SORBI_3004G196600;SORBI_3004G196500;SORBI_3004G196400;SORBI_3004G196300;SORBI_3004G196700	SORBI_3004G196600	SORBI_3004G196600	0
S4_64989276	4	64989276	0.0005357865	7	SORBI_3004G313100;SORBI_3004G313000;SORBI_3004G313200;SORBI_3004G312900;SORBI_3004G313300;SORBI_3004G313400;SORBI_3004G312800	SORBI_3004G313100	SORBI_3004G313100	1292
S9_6910421	9	6910421	0.0005645941	5	SORBI_3009G065000;SORBI_3009G064900;SORBI_3009G064832;SORBI_3009G064766;SORBI_3009G064700	SORBI_3009G065000	SORBI_3009G065000	5196
S5_4215365	5	4215365	0.0005668037	7	SORBI_3005G044700;SORBI_3005G044800;SORBI_3005G044600;SORBI_3005G044500;SORBI_3005G044400;SORBI_3005G044900;SORBI_3005G045000	SORBI_3005G044700	SORBI_3005G044700	2009
S7_1174588	7	1174588	0.0005698785	8	SORBI_3007G013100;SORBI_3007G013200;SORBI_3007G013000;SORBI_3007G012900;SORBI_3007G013300;SORBI_3007G012800;SORBI_3007G013400;SORBI_3007G013500	SORBI_3007G013100	SORBI_3007G013100	0
S3_68634435	3	68634435	0.0005970865	5	SORBI_3003G370300;SORBI_3003G370400;SORBI_3003G370500;SORBI_3003G370200;SORBI_3003G370100	SORBI_3003G370300	SORBI_3003G370300	0
S1_3687035	1	3687035	0.0006162222	9	SORBI_3001G050200;SORBI_3001G050300;SORBI_3001G050100;SORBI_3001G050000;SORBI_3001G050400;SORBI_3001G049900;SORBI_3001G050500;SORBI_3001G049800;SORBI_3001G050600	SORBI_3001G050200	SORBI_3001G050200	0
S1_27975392	1	27975392	0.0006183834	1	SORBI_3001G253750	SORBI_3001G253750	SORBI_3001G253750	13416
S1_39396142	1	39396142	0.0006193835	0	NA	NA	NA	NA
S1_52513353	1	52513353	0.0006226342	4	SORBI_3001G271700;SORBI_3001G271600;SORBI_3001G271900;SORBI_3001G271801	SORBI_3001G271700	SORBI_3001G271700	3834
S9_7402479	9	7402479	0.0006247871	5	SORBI_3009G067600;SORBI_3009G067700;SORBI_3009G067551;SORBI_3009G067501;SORBI_3009G067450	SORBI_3009G067600	SORBI_3009G067600	751
S1_41315103	1	41315103	0.0006709273	0	NA	NA	NA	NA
S4_64656263	4	64656263	0.0006716266	10	SORBI_3004G309400;SORBI_3004G309300;SORBI_3004G309500;SORBI_3004G309600;SORBI_3004G309200;SORBI_3004G309700;SORBI_3004G309100;SORBI_3004G309000;SORBI_3004G309800;SORBI_3004G308900	SORBI_3004G309400	SORBI_3004G309400	0
S5_2013116	5	2013116	0.0006792685	8	SORBI_3005G021950;SORBI_3005G021900;SORBI_3005G022000;SORBI_3005G022100;SORBI_3005G021800;SORBI_3005G021700;SORBI_3005G022200;SORBI_3005G021600	SORBI_3005G021950	SORBI_3005G021950	2060
S3_61320934	3	61320934	0.0006937095	11	SORBI_3003G277500;SORBI_3003G277400;SORBI_3003G277300;SORBI_3003G277550;SORBI_3003G277600;SORBI_3003G277200;SORBI_3003G277700;SORBI_3003G277100;SORBI_3003G277000;SORBI_3003G276901;SORBI_3003G276800	SORBI_3003G277500	SORBI_3003G277500	0
S1_71621575	1	71621575	0.0007603316	5	SORBI_3001G437801;SORBI_3001G438000;SORBI_3001G438100;SORBI_3001G438200;SORBI_3001G437600	SORBI_3001G437801	SORBI_3001G437801	0
S3_4818360	3	4818360	0.0007675461	3	SORBI_3003G053001;SORBI_3003G053100;SORBI_3003G053200	SORBI_3003G053001	SORBI_3003G053001	6433
S4_64989307	4	64989307	0.000781039	7	SORBI_3004G313100;SORBI_3004G313000;SORBI_3004G313200;SORBI_3004G312900;SORBI_3004G313300;SORBI_3004G313400;SORBI_3004G312800	SORBI_3004G313100	SORBI_3004G313100	1261
S7_63163783	7	63163783	0.0007814721	3	SORBI_3007G200600;SORBI_3007G200500;SORBI_3007G200700	SORBI_3007G200600	SORBI_3007G200600	1962
S9_8640466	9	8640466	0.0007840273	4	SORBI_3009G072033;SORBI_3009G072000;SORBI_3009G071900;SORBI_3009G071800	SORBI_3009G072033	SORBI_3009G072033	350
S1_41312086	1	41312086	0.0007861162	0	NA	NA	NA	NA
S1_40733602	1	40733602	0.0007945146	0	NA	NA	NA	NA
S10_9759646	10	9759646	0.0007983691	4	SORBI_3010G103800;SORBI_3010G103700;SORBI_3010G103900;SORBI_3010G103600	SORBI_3010G103800	SORBI_3010G103800	0
S4_4247620	4	4247620	0.0008254337	5	SORBI_3004G052300;SORBI_3004G052401;SORBI_3004G052200;SORBI_3004G052500;SORBI_3004G052600	SORBI_3004G052300	SORBI_3004G052300	2563
S3_68840510	3	68840510	0.0008353425	9	SORBI_3003G373050;SORBI_3003G373000;SORBI_3003G372950;SORBI_3003G373100;SORBI_3003G373150;SORBI_3003G372900;SORBI_3003G373200;SORBI_3003G373300;SORBI_3003G372850	SORBI_3003G373050	SORBI_3003G373050	587
S3_68840528	3	68840528	0.0008353425	9	SORBI_3003G373050;SORBI_3003G373000;SORBI_3003G372950;SORBI_3003G373100;SORBI_3003G373150;SORBI_3003G372900;SORBI_3003G373200;SORBI_3003G373300;SORBI_3003G372850	SORBI_3003G373050	SORBI_3003G373050	569
S6_58207387	6	58207387	0.000850374	9	SORBI_3006G241200;SORBI_3006G241300;SORBI_3006G241350;SORBI_3006G241400;SORBI_3006G241100;SORBI_3006G241500;SORBI_3006G241600;SORBI_3006G241000;SORBI_3006G241700	SORBI_3006G241200	SORBI_3006G241200	508
S5_8852744	5	8852744	0.0008521075	3	SORBI_3005G073101;SORBI_3005G073200;SORBI_3005G073300	SORBI_3005G073101	SORBI_3005G073101	3013
S4_3436948	4	3436948	0.0008566423	6	SORBI_3004G041900;SORBI_3004G041800;SORBI_3004G042000;SORBI_3004G041700;SORBI_3004G042100;SORBI_3004G041600	SORBI_3004G041900	SORBI_3004G041900	3160
S8_48534645	8	48534645	0.0008767633	1	SORBI_3008G102050	SORBI_3008G102050	SORBI_3008G102050	2509
S3_5498150	3	5498150	0.0009274365	12	SORBI_3003G063100;SORBI_3003G063200;SORBI_3003G063000;SORBI_3003G063300;SORBI_3003G063400;SORBI_3003G062900;SORBI_3003G063500;SORBI_3003G063600;SORBI_3003G062800;SORBI_3003G062700;SORBI_3003G063700;SORBI_3003G063801	SORBI_3003G063100	SORBI_3003G063100	1245
S6_11210785	6	11210785	0.0009357205	3	SORBI_3006G035950;SORBI_3006G035900;SORBI_3006G035800	SORBI_3006G035950	SORBI_3006G035950	0
S3_8643145	3	8643145	0.000954704	3	SORBI_3003G097900;SORBI_3003G098000;SORBI_3003G097800	SORBI_3003G097900	SORBI_3003G097900	15300
S1_40677981	1	40677981	0.0009653569	0	NA	NA	NA	NA
S2_65710179	2	65710179	0.0009719437	7	SORBI_3002G274400;SORBI_3002G274500;SORBI_3002G274200;SORBI_3002G274300;SORBI_3002G274600;SORBI_3002G274100;SORBI_3002G274000	SORBI_3002G274400	SORBI_3002G274400	7699
S2_59110522	2	59110522	0.0009976346	4	SORBI_3002G201100;SORBI_3002G201200;SORBI_3002G201000;SORBI_3002G201300	SORBI_3002G201100	SORBI_3002G201100	1810
S1_41295809	1	41295809	0.001002879	0	NA	NA	NA	NA
S3_58153448	3	58153448	0.001003996	5	SORBI_3003G242200;SORBI_3003G242000;SORBI_3003G242300;SORBI_3003G242400;SORBI_3003G241900	SORBI_3003G242200	SORBI_3003G242200	273
S1_8011425	1	8011425	0.001005247	8	SORBI_3001G104550;SORBI_3001G104500;SORBI_3001G104600;SORBI_3001G104400;SORBI_3001G104700;SORBI_3001G104300;SORBI_3001G104800;SORBI_3001G104900	SORBI_3001G104550	SORBI_3001G104550	212
S7_4567692	7	4567692	0.001013635	6	SORBI_3007G045500;SORBI_3007G045300;SORBI_3007G045201;SORBI_3007G045600;SORBI_3007G045100;SORBI_3007G045000	SORBI_3007G045500	SORBI_3007G045500	9777
S10_49957294	10	49957294	0.001025864	2	SORBI_3010G169300;SORBI_3010G169250	SORBI_3010G169300	SORBI_3010G169300	2052
S2_71749613	2	71749613	0.00103741	8	SORBI_3002G354100;SORBI_3002G354200;SORBI_3002G354300;SORBI_3002G354000;SORBI_3002G354400;SORBI_3002G353900;SORBI_3002G354501;SORBI_3002G354600	SORBI_3002G354100	SORBI_3002G354100	0
S3_61324789	3	61324789	0.001052252	9	SORBI_3003G277550;SORBI_3003G277500;SORBI_3003G277400;SORBI_3003G277600;SORBI_3003G277300;SORBI_3003G277700;SORBI_3003G277200;SORBI_3003G277100;SORBI_3003G277000	SORBI_3003G277550	SORBI_3003G277550	2117
S10_9936054	10	9936054	0.001065029	0	NA	NA	NA	NA
S9_57785101	9	57785101	0.001088758	10	SORBI_3009G240300;SORBI_3009G240400;SORBI_3009G240200;SORBI_3009G240500;SORBI_3009G240100;SORBI_3009G240600;SORBI_3009G240000;SORBI_3009G240700;SORBI_3009G240900;SORBI_3009G239900	SORBI_3009G240300	SORBI_3009G240300	1277
S1_71621599	1	71621599	0.001097359	5	SORBI_3001G437801;SORBI_3001G438000;SORBI_3001G438100;SORBI_3001G438200;SORBI_3001G437600	SORBI_3001G437801	SORBI_3001G437801	0
S3_13209037	3	13209037	0.001101231	5	SORBI_3003G137600;SORBI_3003G137500;SORBI_3003G137400;SORBI_3003G137300;SORBI_3003G137700	SORBI_3003G137600	SORBI_3003G137600	2666
S1_19681739	1	19681739	0.00110372	9	SORBI_3001G213150;SORBI_3001G213100;SORBI_3001G213200;SORBI_3001G213300;SORBI_3001G213400;SORBI_3001G213000;SORBI_3001G212900;SORBI_3001G213500;SORBI_3001G212800	SORBI_3001G213150	SORBI_3001G213150	0
S10_56391264	10	56391264	0.001104503	5	SORBI_3010G221300;SORBI_3010G221200;SORBI_3010G221100;SORBI_3010G221400;SORBI_3010G221500	SORBI_3010G221300	SORBI_3010G221300	1862
S8_40264515	8	40264515	0.001113723	0	NA	NA	NA	NA
S8_40571674	8	40571674	0.001114953	0	NA	NA	NA	NA
S1_8774666	1	8774666	0.001118027	6	SORBI_3001G112000;SORBI_3001G112100;SORBI_3001G112200;SORBI_3001G111900;SORBI_3001G111850;SORBI_3001G111800	SORBI_3001G112000	SORBI_3001G112000	1166
S1_8774701	1	8774701	0.001118027	6	SORBI_3001G112000;SORBI_3001G112100;SORBI_3001G112200;SORBI_3001G111900;SORBI_3001G111850;SORBI_3001G111800	SORBI_3001G112000	SORBI_3001G112000	1201
S1_8774707	1	8774707	0.001118027	6	SORBI_3001G112000;SORBI_3001G112100;SORBI_3001G112200;SORBI_3001G111900;SORBI_3001G111850;SORBI_3001G111800	SORBI_3001G112000	SORBI_3001G112000	1207
S1_40290703	1	40290703	0.001118407	0	NA	NA	NA	NA
S3_69184115	3	69184115	0.001143195	8	SORBI_3003G377650;SORBI_3003G377600;SWEET1A;SORBI_3003G377500;SORBI_3003G377800;SORBI_3003G377400;SORBI_3003G377900;SORBI_3003G377300	SORBI_3003G377650	SORBI_3003G377650	8839
S3_13517599	3	13517599	0.001154939	4	SORBI_3003G139366;SORBI_3003G139333;SORBI_3003G139300;SORBI_3003G139200	SORBI_3003G139366	SORBI_3003G139366	1242
S7_5142581	7	5142581	0.001163251	3	SORBI_3007G050600;SORBI_3007G050650;SORBI_3007G050500	SORBI_3007G050600	SORBI_3007G050600	0
S2_3382005	2	3382005	0.001165649	8	SORBI_3002G035800;SORBI_3002G035766;SORBI_3002G035900;SORBI_3002G036000;SORBI_3002G035733;SORBI_3002G036100;SORBI_3002G035700;SORBI_3002G036150	SORBI_3002G035800	SORBI_3002G035800	0
S9_48453311	9	48453311	0.001171064	6	SORBI_3009G130966;SORBI_3009G131032;SORBI_3009G131100;SORBI_3009G131200;SORBI_3009G130900;SORBI_3009G131300	SORBI_3009G130966	SORBI_3009G130966	0
S2_51009631	2	51009631	0.001178777	1	SORBI_3002G164300	SORBI_3002G164300	SORBI_3002G164300	0
S3_11143058	3	11143058	0.001189088	8	SORBI_3003G122400;SORBI_3003G122500;SORBI_3003G122300;SORBI_3003G122200;SORBI_3003G122100;SORBI_3003G122000;SORBI_3003G121900;SORBI_3003G122800	SORBI_3003G122400	SORBI_3003G122400	860
S3_11143078	3	11143078	0.001189088	8	SORBI_3003G122400;SORBI_3003G122500;SORBI_3003G122300;SORBI_3003G122200;SORBI_3003G122100;SORBI_3003G122000;SORBI_3003G121900;SORBI_3003G122800	SORBI_3003G122400	SORBI_3003G122400	880
S3_11143081	3	11143081	0.001189088	8	SORBI_3003G122400;SORBI_3003G122500;SORBI_3003G122300;SORBI_3003G122200;SORBI_3003G122100;SORBI_3003G122000;SORBI_3003G121900;SORBI_3003G122800	SORBI_3003G122400	SORBI_3003G122400	883
S1_56948348	1	56948348	0.001310434	1	SORBI_3001G292500	SORBI_3001G292500	SORBI_3001G292500	19162
S2_4350340	2	4350340	0.001314269	14	SORBI_3002G046200;SORBI_3002G046100;SORBI_3002G046150;SORBI_3002G046300;SORBI_3002G046000;SORBI_3002G046400;SORBI_3002G045900;SORBI_3002G045850;SORBI_3002G045800;SORBI_3002G046500;SORBI_3002G046600;SORBI_3002G046700;SORBI_3002G046800;SORBI_3002G045700	SORBI_3002G046200	SORBI_3002G046200	0
S1_9890330	1	9890330	0.001331741	6	SORBI_3001G125600;SORBI_3001G125500;SORBI_3001G125700;SORBI_3001G125400;SORBI_3001G125800;SORBI_3001G125300	SORBI_3001G125600	SORBI_3001G125600	0
S2_9385563	2	9385563	0.001338907	8	SORBI_3002G089600;SORBI_3002G089700;SORBI_3002G089500;SORBI_3002G089400;SORBI_3002G089300;SORBI_3002G089200;SORBI_3002G089100;SORBI_3002G089900	SORBI_3002G089600	SORBI_3002G089600	192
S4_62824595	4	62824595	0.001346633	10	SORBI_3004G285650;SORBI_3004G285600;SORBI_3004G285700;SORBI_3004G285500;SORBI_3004G285800;SORBI_3004G285450;SORBI_3004G285900;SORBI_3004G286000;SORBI_3004G285400;SORBI_3004G286100	SORBI_3004G285650	SORBI_3004G285650	0
S5_10585416	5	10585416	0.001348313	5	SORBI_3005G080100;SORBI_3005G080200;SORBI_3005G080075;SORBI_3005G080400;SORBI_3005G080050	SORBI_3005G080100	SORBI_3005G080100	1013
S8_10480547	8	10480547	0.001380482	0	NA	NA	NA	NA
S8_3842434	8	3842434	0.001405338	5	SORBI_3008G039750;SORBI_3008G039700;SORBI_3008G039600;SORBI_3008G039800;SORBI_3008G039501	SORBI_3008G039750	SORBI_3008G039750	495
S7_12112370	7	12112370	0.001416093	2	SORBI_3007G088200;SORBI_3007G088100	SORBI_3007G088200	SORBI_3007G088200	0
S2_1195766	2	1195766	0.001433613	9	SORBI_3002G013300;SORBI_3002G013400;SORBI_3002G013200;SORBI_3002G013500;SORBI_3002G013550;SORBI_3002G013000;SORBI_3002G012900;SORBI_3002G013600;SORBI_3002G013700	SORBI_3002G013300	SORBI_3002G013300	4145
S10_43983444	10	43983444	0.001444669	1	SORBI_3010G151575	SORBI_3010G151575	SORBI_3010G151575	23031
S3_11745256	3	11745256	0.001447599	8	SORBI_3003G128100;SORBI_3003G128200;SORBI_3003G128300;SORBI_3003G128000;SORBI_3003G127900;SORBI_3003G127800;SORBI_3003G127700;SORBI_3003G127600	SORBI_3003G128100	SORBI_3003G128100	828
S1_33011496	1	33011496	0.001458347	0	NA	NA	NA	NA
S4_67066081	4	67066081	0.001471284	5	SORBI_3004G338701;SORBI_3004G338600;SORBI_3004G338500;SORBI_3004G338800;SORBI_3004G338400	SORBI_3004G338701	SORBI_3004G338701	7914
S1_47575635	1	47575635	0.001482491	0	NA	NA	NA	NA
S3_11247257	3	11247257	0.001489269	7	SORBI_3003G123800;SORBI_3003G123700;SORBI_3003G123900;SORBI_3003G123600;SORBI_3003G123950;SORBI_3003G123500;SORBI_3003G124000	SORBI_3003G123800	SORBI_3003G123800	806
S9_7402073	9	7402073	0.001506791	5	SORBI_3009G067600;SORBI_3009G067700;SORBI_3009G067551;SORBI_3009G067501;SORBI_3009G067450	SORBI_3009G067600	SORBI_3009G067600	345
S2_4143563	2	4143563	0.001508733	6	SORBI_3002G043600;SORBI_3002G043700;SORBI_3002G043500;SORBI_3002G043800;SORBI_3002G043400;SORBI_3002G043300	SORBI_3002G043600	SORBI_3002G043600	0
S5_26510804	5	26510804	0.001519949	1	SORBI_3005G110436	SORBI_3005G110436	SORBI_3005G110436	13926
S3_58923887	3	58923887	0.001549789	6	SORBI_3003G250900;SORBI_3003G250700;SORBI_3003G251000;SORBI_3003G251050;SORBI_3003G251100;SORBI_3003G250600	SORBI_3003G250900	SORBI_3003G250900	1813
S4_47148087	4	47148087	0.001561166	0	NA	NA	NA	NA
S3_9547511	3	9547511	0.001569979	2	SORBI_3003G105500;SORBI_3003G105600	SORBI_3003G105500	SORBI_3003G105500	3668
S1_60283318	1	60283318	0.00157	4	SORBI_3001G314700;SORBI_3001G314600;SORBI_3001G314500;SORBI_3001G314800	SORBI_3001G314700	SORBI_3001G314700	7024
S5_47568484	5	47568484	0.001571079	0	NA	NA	NA	NA
S1_9890333	1	9890333	0.001587495	6	SORBI_3001G125600;SORBI_3001G125500;SORBI_3001G125700;SORBI_3001G125400;SORBI_3001G125800;SORBI_3001G125300	SORBI_3001G125600	SORBI_3001G125600	0
S6_47641478	6	47641478	0.001599737	11	SORBI_3006G106700;SORBI_3006G106800;SORBI_3006G106900;SORBI_3006G106600;SORBI_3006G107000;SORBI_3006G107100;SORBI_3006G106500;SORBI_3006G106400;SORBI_3006G107200;SORBI_3006G107266;SORBI_3006G106300	SORBI_3006G106700	SORBI_3006G106700	0
S1_27022216	1	27022216	0.001628078	2	SORBI_3001G250300;SORBI_3001G250200	SORBI_3001G250300	SORBI_3001G250300	10751
S9_10599750	9	10599750	0.001633395	1	SORBI_3009G078900	SORBI_3009G078900	SORBI_3009G078900	128
S9_8166938	9	8166938	0.001679408	3	SORBI_3009G070000;SORBI_3009G069901;SORBI_3009G070033	SORBI_3009G070000	SORBI_3009G070000	17562
S2_66471739	2	66471739	0.001681096	9	SORBI_3002G283600;SORBI_3002G283500;SORBI_3002G283800;SORBI_3002G283900;SORBI_3002G284000;SORBI_3002G283400;SORBI_3002G283300;SORBI_3002G284100;SORBI_3002G284200	SORBI_3002G283600	SORBI_3002G283600	0
S1_67368380	1	67368380	0.001689454	5	SORBI_3001G386200;SORBI_3001G386300;SORBI_3001G386100;SORBI_3001G386400;SORBI_3001G386000	SORBI_3001G386200	SORBI_3001G386200	1396
S1_52301321	1	52301321	0.001726681	0	NA	NA	NA	NA
S4_57586410	4	57586410	0.001761045	8	SORBI_3004G225700;SORBI_3004G225800;SORBI_3004G225600;SORBI_3004G225550;SORBI_3004G225900;SORBI_3004G225500;SORBI_3004G225450;SORBI_3004G225400	SORBI_3004G225700	SORBI_3004G225700	6017
S7_4223977	7	4223977	0.001790061	6	SORBI_3007G042400;SORBI_3007G042500;SORBI_3007G042600;SORBI_3007G042700;SORBI_3007G042300;SORBI_3007G042200	SORBI_3007G042400	SORBI_3007G042400	0
S1_44676084	1	44676084	0.001816701	0	NA	NA	NA	NA
S3_12363038	3	12363038	0.001821808	3	SORBI_3003G131800;SORBI_3003G131700;SORBI_3003G131600	SORBI_3003G131800	SORBI_3003G131800	11674
S1_1163669	1	1163669	0.001828856	4	SORBI_3001G012500;UGT85B1;SORBI_3001G012600;CYP79A1	SORBI_3001G012500	SORBI_3001G012500	5938
S6_57687208	6	57687208	0.001913919	7	SORBI_3006G235100;SORBI_3006G235200;SORBI_3006G235000;SORBI_3006G235300;SORBI_3006G235350;SORBI_3006G235400;SORBI_3006G235500	SORBI_3006G235100	SORBI_3006G235100	2713
S3_12883391	3	12883391	0.001917375	6	SORBI_3003G135600;SORBI_3003G135700;SORBI_3003G135500;SORBI_3003G135800;SORBI_3003G135900;SORBI_3003G136000	SORBI_3003G135600	SORBI_3003G135600	0
S1_38516337	1	38516337	0.00197351	1	SORBI_3001G261557	SORBI_3001G261557	SORBI_3001G261557	844
S3_54721250	3	54721250	0.001976516	8	SORBI_3003G212700;SORBI_3003G212600;SORBI_3003G212800;SORBI_3003G212500;SORBI_3003G212400;SORBI_3003G212300;SORBI_3003G212900;SORBI_3003G213000	SORBI_3003G212700	SORBI_3003G212700	87
S3_62013923	3	62013923	0.001985797	7	SORBI_3003G287100;SORBI_3003G287000;SORBI_3003G286900;SORBI_3003G286800;SORBI_3003G287200;SORBI_3003G287300;SORBI_3003G286700	SORBI_3003G287100	SORBI_3003G287100	0
S8_55221073	8	55221073	0.001986085	6	SORBI_3008G127250;SORBI_3008G127300;SORBI_3008G127400;SORBI_3008G127500;SORBI_3008G127200;SORBI_3008G127550	SORBI_3008G127250	SORBI_3008G127250	42
S9_47285299	9	47285299	0.001988993	4	SORBI_3009G122300;SORBI_3009G122201;SORBI_3009G122100;SORBI_3009G122000	SORBI_3009G122300	SORBI_3009G122300	3821
S9_38097114	9	38097114	0.001997387	0	NA	NA	NA	NA
S5_52096406	5	52096406	0.001998898	0	NA	NA	NA	NA
S7_4475562	7	4475562	0.002005845	4	SORBI_3007G044201;SORBI_3007G044100;SORBI_3007G044300;SORBI_3007G044350	SORBI_3007G044201	SORBI_3007G044201	7142
S3_775985	3	775985	0.002024003	4	SORBI_3003G008500;SORBI_3003G008600;SORBI_3003G008700;SORBI_3003G008800	SORBI_3003G008500	SORBI_3003G008500	0
S1_32457981	1	32457981	0.002055673	0	NA	NA	NA	NA
S1_62403148	1	62403148	0.002077264	7	SORBI_3001G335400;SORBI_3001G335300;SORBI_3001G335500;SORBI_3001G335201;SORBI_3001G335600;SORBI_3001G335100;SORBI_3001G335000	SORBI_3001G335400	SORBI_3001G335400	59
S2_66471752	2	66471752	0.002141857	9	SORBI_3002G283600;SORBI_3002G283500;SORBI_3002G283800;SORBI_3002G283900;SORBI_3002G284000;SORBI_3002G283400;SORBI_3002G283300;SORBI_3002G284100;SORBI_3002G284200	SORBI_3002G283600	SORBI_3002G283600	0
S2_66471764	2	66471764	0.002141857	9	SORBI_3002G283600;SORBI_3002G283500;SORBI_3002G283800;SORBI_3002G283900;SORBI_3002G284000;SORBI_3002G283400;SORBI_3002G283300;SORBI_3002G284100;SORBI_3002G284200	SORBI_3002G283600	SORBI_3002G283600	0
S1_51035789	1	51035789	0.002146273	3	SORBI_3001G267600;SORBI_3001G267500;SORBI_3001G267400	SORBI_3001G267600	SORBI_3001G267600	4047
S1_31788954	1	31788954	0.002173777	0	NA	NA	NA	NA
S1_13270410	1	13270410	0.002185037	4	SORBI_3001G161300;SORBI_3001G161400;SORBI_3001G161200;SORBI_3001G161500	SORBI_3001G161300	SORBI_3001G161300	947
S1_40258290	1	40258290	0.002197103	0	NA	NA	NA	NA
S9_53336100	9	53336100	0.002213268	10	SORBI_3009G178650;SORBI_3009G178600;SORBI_3009G178550;SORBI_3009G178700;SORBI_3009G178500;SORBI_3009G178800;SORBI_3009G178400;SORBI_3009G178850;SORBI_3009G178900;SORBI_3009G178300	SORBI_3009G178650	SORBI_3009G178650	594
S6_54842720	6	54842720	0.002216354	6	SORBI_3006G195500;SORBI_3006G195400;SORBI_3006G195200;SORBI_3006G195600;SORBI_3006G195700;SORBI_3006G195750	SORBI_3006G195500	SORBI_3006G195500	0
S4_44928946	4	44928946	0.002241362	1	SORBI_3004G145600	SORBI_3004G145600	SORBI_3004G145600	615
S1_31589823	1	31589823	0.002248697	1	SORBI_3001G260300	SORBI_3001G260300	SORBI_3001G260300	9641
S1_19108067	1	19108067	0.002248833	8	SORBI_3001G208700;SORBI_3001G208600;SORBI_3001G208800;SORBI_3001G208900;SORBI_3001G209000;SORBI_3001G208500;SORBI_3001G208401;SORBI_3001G209101	SORBI_3001G208700	SORBI_3001G208700	751
S1_39392230	1	39392230	0.002272975	0	NA	NA	NA	NA
S8_3842408	8	3842408	0.002280595	5	SORBI_3008G039750;SORBI_3008G039700;SORBI_3008G039600;SORBI_3008G039800;SORBI_3008G039501	SORBI_3008G039750	SORBI_3008G039750	521
S4_58632407	4	58632407	0.002288301	6	SORBI_3004G238400;SORBI_3004G238500;SORBI_3004G238200;SORBI_3004G238600;SORBI_3004G238100;SORBI_3004G238700	SORBI_3004G238400	SORBI_3004G238400	1392
S6_55267669	6	55267669	0.002298287	9	SORBI_3006G201300;SORBI_3006G201350;SORBI_3006G201400;SORBI_3006G201450;SORBI_3006G201200;SORBI_3006G201500;SORBI_3006G201100;SORBI_3006G201600;SORBI_3006G201000	SORBI_3006G201300	SORBI_3006G201300	0
S1_57508520	1	57508520	0.002300435	3	SORBI_3001G296100;SORBI_3001G296000;SORBI_3001G295900	SORBI_3001G296100	SORBI_3001G296100	7986
S1_33308617	1	33308617	0.002305525	0	NA	NA	NA	NA
S1_2877896	1	2877896	0.002327109	7	SORBI_3001G038450;SORBI_3001G038500;SORBI_3001G038601;SORBI_3001G038400;SORBI_3001G038700;SORBI_3001G038800;SORBI_3001G038300	SORBI_3001G038450	SORBI_3001G038450	0
S9_10240092	9	10240092	0.002341014	2	SORBI_3009G077250;SORBI_3009G077300	SORBI_3009G077250	SORBI_3009G077250	3927
S9_6910289	9	6910289	0.002353908	5	SORBI_3009G065000;SORBI_3009G064900;SORBI_3009G064832;SORBI_3009G064766;SORBI_3009G064700	SORBI_3009G065000	SORBI_3009G065000	5064
S8_40353608	8	40353608	0.002354229	0	NA	NA	NA	NA
S2_20969699	2	20969699	0.002355682	1	SORBI_3002G137400	SORBI_3002G137400	SORBI_3002G137400	7163
S2_76065549	2	76065549	0.002356414	8	SORBI_3002G412800;SORBI_3002G412700;SORBI_3002G413000;SORBI_3002G412600;SORBI_3002G412500;SORBI_3002G413100;SORBI_3002G412400;SORBI_3002G413200	SORBI_3002G412800	SORBI_3002G412800	0
S6_46405864	6	46405864	0.002373502	6	SORBI_3006G094201;SORBI_3006G094100;SORBI_3006G094000;SORBI_3006G093900;SORBI_3006G093800;SORBI_3006G093700	SORBI_3006G094201	SORBI_3006G094201	0
S1_62365073	1	62365073	0.00237844	7	SORBI_3001G334900;SORBI_3001G335000;SORBI_3001G334800;SORBI_3001G334700;SORBI_3001G335100;SORBI_3001G334600;SORBI_3001G334501	SORBI_3001G334900	SORBI_3001G334900	0
S9_1405156	9	1405156	0.002383947	1	SORBI_3009G015200	SORBI_3009G015200	SORBI_3009G015200	15021
S3_61252569	3	61252569	0.002406282	7	SORBI_3003G276000;SORBI_3003G276100;SORBI_3003G275900;SORBI_3003G276200;SORBI_3003G276300;SORBI_3003G275800;SORBI_3003G276400	SORBI_3003G276000	SORBI_3003G276000	2185
S9_9907719	9	9907719	0.00242826	5	SORBI_3009G075900;SORBI_3009G076100;SORBI_3009G076000;SORBI_3009G075800;SORBI_3009G076200	SORBI_3009G075900	SORBI_3009G075900	0
S1_1953596	1	1953596	0.002463298	10	SORBI_3001G024900;SORBI_3001G025000;SORBI_3001G024800;SORBI_3001G024700;SORBI_3001G024500;SORBI_3001G025101;SORBI_3001G025201;SORBI_3001G025300;SORBI_3001G024400;SORBI_3001G024300	SORBI_3001G024900	SORBI_3001G024900	1396
S5_52096405	5	52096405	0.00246591	0	NA	NA	NA	NA
S1_19133992	1	19133992	0.002471171	8	SORBI_3001G209101;SORBI_3001G209200;SORBI_3001G209000;SORBI_3001G208900;SORBI_3001G208800;SORBI_3001G208700;SORBI_3001G209300;SORBI_3001G209400	SORBI_3001G209101	SORBI_3001G209101	0
S1_38543318	1	38543318	0.002492455	0	NA	NA	NA	NA
S4_63414745	4	63414745	0.002519045	5	SORBI_3004G294200;SORBI_3004G294100;SORBI_3004G294300;SORBI_3004G294000;SORBI_3004G293900	SORBI_3004G294200	SORBI_3004G294200	5339
S6_55405434	6	55405434	0.002520643	5	SORBI_3006G203300;SORBI_3006G203400;SORBI_3006G203200;SORBI_3006G203600;SORBI_3006G203100	SORBI_3006G203300	SORBI_3006G203300	0
S7_4489289	7	4489289	0.00252103	5	SORBI_3007G044300;SORBI_3007G044201;SORBI_3007G044350;SORBI_3007G044400;SORBI_3007G044500	SORBI_3007G044300	SORBI_3007G044300	4742
S6_38688986	6	38688986	0.002544929	2	SORBI_3006G053050;SORBI_3006G053100	SORBI_3006G053050	SORBI_3006G053050	11737
S1_8130394	1	8130394	0.002557685	3	SORBI_3001G105900;SORBI_3001G106000;SORBI_3001G106100	SORBI_3001G105900	SORBI_3001G105900	9196
S9_4339751	9	4339751	0.00258854	4	SORBI_3009G045400;SORBI_3009G045500;SORBI_3009G045300;SORBI_3009G045600	SORBI_3009G045400	SORBI_3009G045400	7709
S1_67368381	1	67368381	0.002610268	5	SORBI_3001G386200;SORBI_3001G386300;SORBI_3001G386100;SORBI_3001G386400;SORBI_3001G386000	SORBI_3001G386200	SORBI_3001G386200	1397
S4_58431143	4	58431143	0.002627172	4	SORBI_3004G236400;SORBI_3004G236500;SORBI_3004G236300;SORBI_3004G236200	SORBI_3004G236400	SORBI_3004G236400	1676
S10_58481067	10	58481067	0.00263796	13	SORBI_3010G243900;SORBI_3010G244000;SORBI_3010G244100;SORBI_3010G244150;SORBI_3010G244200;SORBI_3010G244300;SORBI_3010G244400;SORBI_3010G243800;SORBI_3010G244500;SORBI_3010G244600;SORBI_3010G243700;SORBI_3010G243600;SORBI_3010G244701	SORBI_3010G243900	SORBI_3010G243900	102
S3_4684149	3	4684149	0.002665537	10	SORBI_3003G052000;SORBI_3003G051900;SORBI_3003G052100;SORBI_3003G051800;SORBI_3003G051700;SORBI_3003G051600;SORBI_3003G052200;SORBI_3003G051500;SORBI_3003G051400;SORBI_3003G051300	SORBI_3003G052000	SORBI_3003G052000	0
S4_19581685	4	19581685	0.002678356	0	NA	NA	NA	NA
S1_62315900	1	62315900	0.00269375	3	SORBI_3001G334400;SORBI_3001G334300;SORBI_3001G334200	SORBI_3001G334400	SORBI_3001G334400	7344
S1_41391764	1	41391764	0.002711204	0	NA	NA	NA	NA
S1_71622516	1	71622516	0.002729674	5	SORBI_3001G437801;SORBI_3001G438000;SORBI_3001G438100;SORBI_3001G438200;SORBI_3001G437600	SORBI_3001G437801	SORBI_3001G437801	0
S1_39508059	1	39508059	0.002729804	1	SORBI_3001G261577	SORBI_3001G261577	SORBI_3001G261577	11748
S3_58153461	3	58153461	0.002747397	5	SORBI_3003G242200;SORBI_3003G242000;SORBI_3003G242300;SORBI_3003G242400;SORBI_3003G241900	SORBI_3003G242200	SORBI_3003G242200	260
S1_63166522	1	63166522	0.002767355	2	SORBI_3001G343601;SORBI_3001G343700	SORBI_3001G343601	SORBI_3001G343601	19178
S5_55598128	5	55598128	0.002779224	6	SORBI_3005G128100;SORBI_3005G128000;SORBI_3005G127900;SORBI_3005G128200;SORBI_3005G128300;SORBI_3005G128400	SORBI_3005G128100	SORBI_3005G128100	0
S5_60238257	5	60238257	0.002786501	1	SORBI_3005G141600	SORBI_3005G141600	SORBI_3005G141600	16192
S4_66975174	4	66975174	0.002790343	8	SORBI_3004G337925;SORBI_3004G337950;SORBI_3004G337975;SORBI_3004G337900;SORBI_3004G338000;SORBI_3004G337850;SORBI_3004G337800;SORBI_3004G338100	SORBI_3004G337925	SORBI_3004G337925	1269
S4_54576994	4	54576994	0.002791827	7	SORBI_3004G194100;SORBI_3004G194200;SORBI_3004G194000;SORBI_3004G194400;SORBI_3004G193900;SORBI_3004G194500;SORBI_3004G193800	SORBI_3004G194100	SORBI_3004G194100	1703
S7_51582652	7	51582652	0.00281401	0	NA	NA	NA	NA
S1_9874834	1	9874834	0.00282256	6	SORBI_3001G125400;SORBI_3001G125500;SORBI_3001G125300;SORBI_3001G125600;SORBI_3001G125700;SORBI_3001G125200	SORBI_3001G125400	SORBI_3001G125400	1415
S2_11662645	2	11662645	0.00284287	2	SORBI_3002G102066;SORBI_3002G102132	SORBI_3002G102066	SORBI_3002G102066	8039
S3_73151746	3	73151746	0.002846381	5	SORBI_3003G428100;SORBI_3003G428000;SORBI_3003G428200;SORBI_3003G427900;SORBI_3003G427800	SORBI_3003G428100	SORBI_3003G428100	0
S10_44379733	10	44379733	0.00285097	0	NA	NA	NA	NA
S4_5496389	4	5496389	0.002946137	8	SORBI_3004G067400;SORBI_3004G067300;SORBI_3004G067500;SORBI_3004G067600;SORBI_3004G067200;SORBI_3004G067100;SORBI_3004G067700;SORBI_3004G067000	SORBI_3004G067400	SORBI_3004G067400	0
S10_7037627	10	7037627	0.002962839	8	SORBI_3010G082300;SORBI_3010G082400;SORBI_3010G082500;SORBI_3010G082201;SORBI_3010G082600;SORBI_3010G082100;SORBI_3010G082700;SORBI_3010G082000	SORBI_3010G082300	SORBI_3010G082300	3186
S2_9835136	2	9835136	0.002965336	9	SORBI_3002G095000;SORBI_3002G095100;SORBI_3002G094900;SORBI_3002G095200;SORBI_3002G094800;SORBI_3002G094700;SORBI_3002G095300;SORBI_3002G094600;SORBI_3002G095400	SORBI_3002G095000	SORBI_3002G095000	0
S6_48520664	6	48520664	0.002977589	8	SORBI_3006G117500;SORBI_3006G117400;SORBI_3006G117600;SORBI_3006G117300;SORBI_3006G117700;SORBI_3006G117800;SORBI_3006G117900;SORBI_3006G117100	SORBI_3006G117500	SORBI_3006G117500	132
S1_68489248	1	68489248	0.003011545	5	SORBI_3001G399100;SORBI_3001G398950;SORBI_3001G399200;SORBI_3001G399300;SORBI_3001G399400	SORBI_3001G399100	SORBI_3001G399100	2445
S5_57082279	5	57082279	0.003017508	1	SORBI_3005G130800	SORBI_3005G130800	SORBI_3005G130800	14679
S5_57082309	5	57082309	0.003017508	1	SORBI_3005G130800	SORBI_3005G130800	SORBI_3005G130800	14649
S5_57082315	5	57082315	0.003017508	1	SORBI_3005G130800	SORBI_3005G130800	SORBI_3005G130800	14643
S4_67187434	4	67187434	0.003044084	5	SORBI_3004G340000;SORBI_3004G340100;SORBI_3004G339900;SORBI_3004G340200;SORBI_3004G340300	SORBI_3004G340000	SORBI_3004G340000	5151
S6_56193282	6	56193282	0.003050689	8	SORBI_3006G213350;SORBI_3006G213400;SORBI_3006G213300;SORBI_3006G213500;SORBI_3006G213200;SORBI_3006G213100;SORBI_3006G213601;SORBI_3006G213000	SORBI_3006G213350	SORBI_3006G213350	0
S7_11860786	7	11860786	0.003065398	1	SORBI_3007G087400	SORBI_3007G087400	SORBI_3007G087400	10518
S7_11860804	7	11860804	0.003065398	1	SORBI_3007G087400	SORBI_3007G087400	SORBI_3007G087400	10500
S1_47085559	1	47085559	0.003067867	1	SORBI_3001G262950	SORBI_3001G262950	SORBI_3001G262950	23797
S6_40483024	6	40483024	0.003091699	3	SORBI_3006G058500;SORBI_3006G058400;SORBI_3006G058300	SORBI_3006G058500	SORBI_3006G058500	3318
S3_12582700	3	12582700	0.003157824	4	SORBI_3003G133600;SORBI_3003G133700;SORBI_3003G133800;SORBI_3003G133900	SORBI_3003G133600	SORBI_3003G133600	2226
S8_55112595	8	55112595	0.003181235	0	NA	NA	NA	NA
S1_54617349	1	54617349	0.003193851	2	SORBI_3001G279601;SORBI_3001G279701	SORBI_3001G279601	SORBI_3001G279601	0
S5_5133864	5	5133864	0.003216597	2	SORBI_3005G052100;SORBI_3005G052000	SORBI_3005G052100	SORBI_3005G052100	17352
S4_55379476	4	55379476	0.003260824	1	SORBI_3004G201800	SORBI_3004G201800	SORBI_3004G201800	2463
S9_9188853	9	9188853	0.003270999	1	SORBI_3009G073800	SORBI_3009G073800	SORBI_3009G073800	794
S3_62077534	3	62077534	0.003282746	7	SORBI_3003G287600;SORBI_3003G287500;SORBI_3003G287700;SORBI_3003G287450;SORBI_3003G287400;SORBI_3003G287800;SORBI_3003G287900	SORBI_3003G287600	SORBI_3003G287600	0
S4_8119024	4	8119024	0.003300053	4	SORBI_3004G094300;SORBI_3004G094200;SORBI_3004G094150;SORBI_3004G094100	SORBI_3004G094300	SORBI_3004G094300	0
S3_886036	3	886036	0.003300928	11	SORBI_3003G010300;SORBI_3003G010400;SORBI_3003G010500;SORBI_3003G010200;SORBI_3003G010100;SORBI_3003G010066;SORBI_3003G010033;SORBI_3003G010000;SORBI_3003G010600;SORBI_3003G009900;SORBI_3003G009800	SORBI_3003G010300	SORBI_3003G010300	0
S3_61622318	3	61622318	0.003306829	4	SORBI_3003G281300;SORBI_3003G281200;SORBI_3003G281400;SORBI_3003G281100	SORBI_3003G281300	SORBI_3003G281300	0
S5_53703658	5	53703658	0.003309627	1	SORBI_3005G122300	SORBI_3005G122300	SORBI_3005G122300	23365
S10_7037624	10	7037624	0.003335416	8	SORBI_3010G082300;SORBI_3010G082400;SORBI_3010G082500;SORBI_3010G082201;SORBI_3010G082600;SORBI_3010G082100;SORBI_3010G082700;SORBI_3010G082000	SORBI_3010G082300	SORBI_3010G082300	3189
S5_15878025	5	15878025	0.003350376	0	NA	NA	NA	NA
S8_2232031	8	2232031	0.003393331	6	SORBI_3008G025200;SORBI_3008G025100;SORBI_3008G025000;SORBI_3008G024900;SORBI_3008G024800;SORBI_3008G024700	SORBI_3008G025200	SORBI_3008G025200	0
S1_64823625	1	64823625	0.003402062	8	SORBI_3001G358500;SORBI_3001G358600;SORBI_3001G358432;SORBI_3001G358700;SORBI_3001G358800;SORBI_3001G358366;SORBI_3001G358300;SORBI_3001G358200	SORBI_3001G358500	SORBI_3001G358500	0
S1_9890246	1	9890246	0.003408382	6	SORBI_3001G125600;SORBI_3001G125500;SORBI_3001G125700;SORBI_3001G125400;SORBI_3001G125800;SORBI_3001G125300	SORBI_3001G125600	SORBI_3001G125600	0
S3_65184159	3	65184159	0.00341924	7	SORBI_3003G325600;SORBI_3003G325500;SORBI_3003G325700;SORBI_3003G325400;SORBI_3003G325800;SORBI_3003G325300;SORBI_3003G325900	SORBI_3003G325600	SORBI_3003G325600	2074
S3_25114057	3	25114057	0.003450593	0	NA	NA	NA	NA
S1_56777851	1	56777851	0.003452773	8	SORBI_3001G290766;SORBI_3001G290832;SORBI_3001G290700;SORBI_3001G290900;SORBI_3001G290600;SORBI_3001G291000;SORBI_3001G291100;SORBI_3001G290500	SORBI_3001G290766	SORBI_3001G290766	0
S1_62131920	1	62131920	0.003463905	5	SORBI_3001G332700;SORBI_3001G332933;SORBI_3001G332900;SORBI_3001G332966;SORBI_3001G333000	SORBI_3001G332700	SORBI_3001G332700	2293
S9_4106279	9	4106279	0.003519721	8	SORBI_3009G043200;SORBI_3009G043400;SORBI_3009G043100;SORBI_3009G043500;SORBI_3009G043000;SORBI_3009G042900;SORBI_3009G042800;SORBI_3009G043600	SORBI_3009G043200	SORBI_3009G043200	2987
S1_26867815	1	26867815	0.003554668	7	SORBI_3001G249233;SORBI_3001G249200;SORBI_3001G249266;SORBI_3001G249100;SORBI_3001G249000;SORBI_3001G249300;SORBI_3001G248900	SORBI_3001G249233	SORBI_3001G249233	947
S8_6613996	8	6613996	0.003576715	3	SORBI_3008G062300;SORBI_3008G062200;SORBI_3008G062400	SORBI_3008G062300	SORBI_3008G062300	0
S1_39394765	1	39394765	0.003602986	0	NA	NA	NA	NA
S6_54601942	6	54601942	0.003603618	12	SORBI_3006G191900;SORBI_3006G192000;SORBI_3006G192100;SORBI_3006G191800;SORBI_3006G192150;SORBI_3006G191700;SORBI_3006G192200;SORBI_3006G192266;SORBI_3006G192332;SORBI_3006G191600;SORBI_3006G191500;SORBI_3006G192400	SORBI_3006G191900	SORBI_3006G191900	0
S1_54460308	1	54460308	0.003627258	1	SORBI_3001G279000	SORBI_3001G279000	SORBI_3001G279000	0
S4_55309280	4	55309280	0.003653928	5	SORBI_3004G201300;SORBI_3004G201400;SORBI_3004G201200;SORBI_3004G201600;SORBI_3004G201700	SORBI_3004G201300	SORBI_3004G201300	6922
S2_57801938	2	57801938	0.003661332	3	SORBI_3002G191800;SORBI_3002G191600;SORBI_3002G191500	SORBI_3002G191800	SORBI_3002G191800	11150
S8_40266879	8	40266879	0.003688058	0	NA	NA	NA	NA
S9_49563401	9	49563401	0.00370226	2	SORBI_3009G138500;SORBI_3009G138401	SORBI_3009G138500	SORBI_3009G138500	10706
S3_10584676	3	10584676	0.003704731	5	SORBI_3003G117400;SORBI_3003G117300;SORBI_3003G117500;SORBI_3003G117200;SORBI_3003G117600	SORBI_3003G117400	SORBI_3003G117400	8390
S4_16688590	4	16688590	0.00371406	0	NA	NA	NA	NA
S1_70267142	1	70267142	0.003730936	7	SORBI_3001G421800;SORBI_3001G421900;SORBI_3001G422001;SORBI_3001G421700;SORBI_3001G422100;SORBI_3001G422200;SORBI_3001G421600	SORBI_3001G421800	SORBI_3001G421800	0
S4_53157401	4	53157401	0.003739515	2	SORBI_3004G178800;SORBI_3004G178901	SORBI_3004G178800	SORBI_3004G178800	0
S1_43936294	1	43936294	0.003742629	0	NA	NA	NA	NA
