"Lines","Long","Lat","crop","aridity_index_raw","aridity_index"
"IRGC_58278",67.699444,33.926111,"rice",3336,0.3336
"IRIS_313-9783",67.69944,33.92611,"rice",3336,0.3336
"IRGC_117281",90.339722,23.611667,"rice",13013,1.3013
"IRGC_25897",90,24.25,"rice",11347,1.1347
"IRGC_25924",89.33333,23.25,"rice",10311,1.0311
"IRGC_27513",90.5,22.66667,"rice",14227,1.4227
"IRGC_29066",90.339722,23.611667,"rice",13013,1.3013
"IRGC_32565",90.339722,23.611667,"rice",13013,1.3013
"IRGC_6208",90.339722,23.611667,"rice",13013,1.3013
"IRGC_6588",90.339722,23.611667,"rice",13013,1.3013
"IRGC_6590",90.339722,23.611667,"rice",13013,1.3013
"IRGC_66792",92.41667,24.86667,"rice",21824,2.1824
"IRGC_8341",90.339722,23.611667,"rice",13013,1.3013
"IRIS_313-10587",90.33972,23.61167,"rice",13013,1.3013
"IRIS_313-10592",90.33972,23.61167,"rice",13013,1.3013
"IRIS_313-10593",90.33972,23.61167,"rice",13013,1.3013
"IRIS_313-10594",90.33972,23.61167,"rice",13013,1.3013
"IRIS_313-10595",90.33972,23.61167,"rice",13013,1.3013
"IRIS_313-10598",90.33972,23.61167,"rice",13013,1.3013
"IRIS_313-10600",90.33972,23.61167,"rice",13013,1.3013
"IRIS_313-10602",90.33972,23.61167,"rice",13013,1.3013
"IRIS_313-10603",90.33972,23.61167,"rice",13013,1.3013
"IRIS_313-10604",90.33972,23.61167,"rice",13013,1.3013
"IRIS_313-10605",90.33972,23.61167,"rice",13013,1.3013
"IRIS_313-10606",90.33972,23.61167,"rice",13013,1.3013
"IRIS_313-10963",92,22.41667,"rice",17358,1.7358
"IRIS_313-10964",89.33333,23.25,"rice",10311,1.0311
"IRIS_313-10965",92,22.41667,"rice",17358,1.7358
"IRIS_313-10971",90.33972,23.61167,"rice",13013,1.3013
"IRIS_313-10972",90.33972,23.61167,"rice",13013,1.3013
"IRIS_313-10973",90.33972,23.61167,"rice",13013,1.3013
"IRIS_313-10974",90.33972,23.61167,"rice",13013,1.3013
"IRIS_313-10975",90.33972,23.61167,"rice",13013,1.3013
"IRIS_313-10976",90.33972,23.61167,"rice",13013,1.3013
"IRIS_313-10977",90.33972,23.61167,"rice",13013,1.3013
"IRIS_313-10978",90.33972,23.61167,"rice",13013,1.3013
"IRIS_313-10979",90.33972,23.61167,"rice",13013,1.3013
"IRIS_313-10980",90.33972,23.61167,"rice",13013,1.3013
"IRIS_313-10981",90.33972,23.61167,"rice",13013,1.3013
"IRIS_313-10982",90.33972,23.61167,"rice",13013,1.3013
"IRIS_313-10983",90.33972,23.61167,"rice",13013,1.3013
"IRIS_313-10984",90.33972,23.61167,"rice",13013,1.3013
"IRIS_313-10985",90.33972,23.61167,"rice",13013,1.3013
"IRIS_313-10986",90.33972,23.61167,"rice",13013,1.3013
"IRIS_313-10987",90.33972,23.61167,"rice",13013,1.3013
"IRIS_313-11013",90.33972,23.61167,"rice",13013,1.3013
"IRIS_313-11014",90.33333,24.5,"rice",12704,1.2704
"IRIS_313-11015",90.33972,23.61167,"rice",13013,1.3013
"IRIS_313-11016",90.33972,23.61167,"rice",13013,1.3013
"IRIS_313-11017",90.33972,23.61167,"rice",13013,1.3013
"IRIS_313-11018",90.33972,23.61167,"rice",13013,1.3013
"IRIS_313-11019",90.33972,23.61167,"rice",13013,1.3013
"IRIS_313-11047",90.33972,23.61167,"rice",13013,1.3013
"IRIS_313-11048",90.33972,23.61167,"rice",13013,1.3013
"IRIS_313-11049",90.33972,23.61167,"rice",13013,1.3013
"IRIS_313-11051",90.33972,23.61167,"rice",13013,1.3013
"IRIS_313-11052",90.33972,23.61167,"rice",13013,1.3013
"IRIS_313-11053",90.33972,23.61167,"rice",13013,1.3013
"IRIS_313-11054",90.33972,23.61167,"rice",13013,1.3013
"IRIS_313-11055",90.33972,23.61167,"rice",13013,1.3013
"IRIS_313-11056",90.33972,23.61167,"rice",13013,1.3013
"IRIS_313-11057",90.33972,23.61167,"rice",13013,1.3013
"IRIS_313-11058",90.33972,23.61167,"rice",13013,1.3013
"IRIS_313-11059",90.33972,23.61167,"rice",13013,1.3013
"IRIS_313-11060",90.33972,23.61167,"rice",13013,1.3013
"IRIS_313-11061",90.33972,23.61167,"rice",13013,1.3013
"IRIS_313-11062",90.33972,23.61167,"rice",13013,1.3013
"IRIS_313-11063",90.33972,23.61167,"rice",13013,1.3013
"IRIS_313-11064",90.33972,23.61167,"rice",13013,1.3013
"IRIS_313-11065",90.33972,23.61167,"rice",13013,1.3013
"IRIS_313-11066",90.33972,23.61167,"rice",13013,1.3013
"IRIS_313-11067",90.33972,23.61167,"rice",13013,1.3013
"IRIS_313-11068",90.33972,23.61167,"rice",13013,1.3013
"IRIS_313-11069",90.33972,23.61167,"rice",13013,1.3013
"IRIS_313-11070",90.33972,23.61167,"rice",13013,1.3013
"IRIS_313-11111",90.33972,23.61167,"rice",13013,1.3013
"IRIS_313-11112",90.33972,23.61167,"rice",13013,1.3013
"IRIS_313-11113",90.33972,23.61167,"rice",13013,1.3013
"IRIS_313-11114",90.33972,23.61167,"rice",13013,1.3013
"IRIS_313-11115",90.33972,23.61167,"rice",13013,1.3013
"IRIS_313-11116",90.33972,23.61167,"rice",13013,1.3013
"IRIS_313-11123",90.33972,23.61167,"rice",13013,1.3013
"IRIS_313-11124",90.33972,23.61167,"rice",13013,1.3013
"IRIS_313-11154",90.33972,23.61167,"rice",13013,1.3013
"IRIS_313-11163",90.33972,23.61167,"rice",13013,1.3013
"IRIS_313-11203",89.03333,25.9,"rice",14717,1.4717
"IRIS_313-11204",89.03333,25.9,"rice",14717,1.4717
"IRIS_313-11205",90.36667,22.7,"rice",13670,1.367
"IRIS_313-11206",89.03333,25.9,"rice",14717,1.4717
"IRIS_313-11207",89.03333,25.9,"rice",14717,1.4717
"IRIS_313-11208",90.44056,22.29889,"rice",16429,1.6429
"IRIS_313-11209",89.03333,25.9,"rice",14717,1.4717
"IRIS_313-11210",88.61667,25.63333,"rice",10758,1.0758
"IRIS_313-11211",88.67528,24.65917,"rice",8691,0.8691
"IRIS_313-11212",88.75556,24.91028,"rice",9117,0.9117
"IRIS_313-11213",90.33778,23.77861,"rice",12810,1.281
"IRIS_313-11214",89.33583,24.91361,"rice",11043,1.1043
"IRIS_313-11216",90.33972,23.61167,"rice",13013,1.3013
"IRIS_313-11219",90.33972,23.61167,"rice",13013,1.3013
"IRIS_313-11220",90.33972,23.61167,"rice",13013,1.3013
"IRIS_313-11222",90.33972,23.61167,"rice",13013,1.3013
"IRIS_313-11223",90.33972,23.61167,"rice",13013,1.3013
"IRIS_313-11224",90.33972,23.61167,"rice",13013,1.3013
"IRIS_313-11225",90.33972,23.61167,"rice",13013,1.3013
"IRIS_313-11226",90.33972,23.61167,"rice",13013,1.3013
"IRIS_313-11227",90.33972,23.61167,"rice",13013,1.3013
"IRIS_313-11228",90.33972,23.61167,"rice",13013,1.3013
"IRIS_313-11229",90.33972,23.61167,"rice",13013,1.3013
"IRIS_313-11230",90.33972,23.61167,"rice",13013,1.3013
"IRIS_313-11231",90.33972,23.61167,"rice",13013,1.3013
"IRIS_313-11321",90.33778,23.77861,"rice",12810,1.281
"IRIS_313-11322",89.33306,24,"rice",9563,0.9563
"IRIS_313-11323",90.36667,22.7,"rice",13670,1.367
"IRIS_313-11324",90.71778,23.92083,"rice",13954,1.3954
"IRIS_313-11399",91.98333,21.41667,"rice",21688,2.1688
"IRIS_313-11400",91.71889,24.59056,"rice",19516,1.9516
"IRIS_313-11401",91.39972,25.06667,"rice",20593,2.0593
"IRIS_313-11402",91.67944,24.30528,"rice",14775,1.4775
"IRIS_313-11404",91.41667,24.38333,"rice",15615,1.5615
"IRIS_313-11481",89.41,24.29167,"rice",9772,0.9772
"IRIS_313-11482",90.05472,23.48278,"rice",12395,1.2395
"IRIS_313-11483",90.20722,23.17528,"rice",12513,1.2513
"IRIS_313-11484",89.54361,23.72722,"rice",10355,1.0355
"IRIS_313-11486",89.41,24.29167,"rice",9772,0.9772
"IRIS_313-11487",90.02556,23.22389,"rice",12287,1.2287
"IRIS_313-11557",90.33972,23.61167,"rice",13013,1.3013
"IRIS_313-11558",90.33972,23.61167,"rice",13013,1.3013
"IRIS_313-11722",92.38333,24.88333,"rice",22619,2.2619
"IRIS_313-11945",91.16667,23.41667,"rice",14002,1.4002
"IRIS_313-11964",89.25,25.83333,"rice",15447,1.5447
"IRIS_313-11982",89.37222,25.94583,"rice",17324,1.7324
"IRIS_313-12002",91.42639,24.33556,"rice",15103,1.5103
"IRIS_313-12055",91.7,22.96667,"rice",15270,1.527
"IRIS_313-12094",91.11667,23.95306,"rice",13702,1.3702
"IRIS_313-12141",91.08333,22.83306,"rice",18272,1.8272
"IRIS_313-8252",90.33972,23.61167,"rice",13013,1.3013
"IRIS_313-8283",91,23.58333,"rice",14088,1.4088
"IRIS_313-8349",90.36667,22.7,"rice",13670,1.367
"IRIS_313-8410",89.38333,25.15,"rice",11993,1.1993
"IRIS_313-8437",91.98333,21.41667,"rice",21688,2.1688
"IRIS_313-8509",88.75,25.66667,"rice",11687,1.1687
"IRIS_313-8632",89.33333,26,"rice",17546,1.7546
"IRIS_313-8641",90.33972,23.61167,"rice",13013,1.3013
"IRIS_313-8683",91.91667,23.5,"rice",14354,1.4354
"IRIS_313-8703",90.33972,23.61167,"rice",13013,1.3013
"IRIS_313-8717",90.33333,24.5,"rice",12704,1.2704
"IRIS_313-8721",90.35,22.36667,"rice",15598,1.5598
"IRIS_313-8733",89.08333,24.5,"rice",9554,0.9554
"IRIS_313-8737",90.33972,23.61167,"rice",13013,1.3013
"IRIS_313-8789",90.27278,23.89167,"rice",12798,1.2798
"IRIS_313-8822",90.33972,23.61167,"rice",13013,1.3013
"IRIS_313-8850",90.33333,24.5,"rice",12704,1.2704
"IRIS_313-8854",91.83333,22.5,"rice",17102,1.7102
"IRIS_313-8864",89.66667,23.16667,"rice",11295,1.1295
"IRIS_313-8930",91.66667,24.33333,"rice",15000,1.5
"IRIS_313-8932",89.33583,24.91361,"rice",11043,1.1043
"IRIS_313-8963",91.66667,22.75,"rice",17116,1.7116
"IRIS_313-9049",90.33972,23.61167,"rice",13013,1.3013
"IRIS_313-9067",90.33972,23.61167,"rice",13013,1.3013
"IRIS_313-9072",90.33972,23.61167,"rice",13013,1.3013
"IRIS_313-9108",89.83333,23,"rice",11796,1.1796
"IRIS_313-9139",90.33972,23.61167,"rice",13013,1.3013
"IRIS_313-9174",90.33972,23.61167,"rice",13013,1.3013
"IRIS_313-9218",91.83333,22.5,"rice",17102,1.7102
"IRIS_313-9262",90.33972,23.61167,"rice",13013,1.3013
"IRIS_313-9271",90.33333,24.5,"rice",12704,1.2704
"IRIS_313-9325",90.83333,23,"rice",15618,1.5618
"IRIS_313-9368",89.33333,23.25,"rice",10311,1.0311
"IRIS_313-9391",92,22.25,"rice",18209,1.8209
"IRIS_313-9397",90.33972,23.61167,"rice",13013,1.3013
"IRIS_313-9422",92.08333,25.11667,"rice",23220,2.322
"IRIS_313-9445",89.93417,23.36278,"rice",11991,1.1991
"IRIS_313-9594",92.33333,22.58333,"rice",17749,1.7749
"IRIS_313-9606",90.33972,23.61167,"rice",13013,1.3013
"IRIS_313-9617",90.33972,23.61167,"rice",13013,1.3013
"IRIS_313-9626",90.33972,23.61167,"rice",13013,1.3013
"IRIS_313-9661",92.21667,25.01667,"rice",23432,2.3432
"IRIS_313-9682",90.33972,23.61167,"rice",13013,1.3013
"IRIS_313-9696",92.33333,22.58333,"rice",17749,1.7749
"IRGC_32390",89.249722,27.016389,"rice",22729,2.2729
"IRIS_313-11120",89.95,26.93306,"rice",15664,1.5664
"IRIS_313-11661",90.43556,27.51194,"rice",8340,0.834
"IRIS_313-11690",89.48333,27.45,"rice",6551,0.6551
"IRIS_313-11691",91.75,27.51667,"rice",6968,0.6968
"IRIS_313-11743",90.15,27.1,"rice",14061,1.4061
"IRIS_313-12138",91.45,27.03333,"rice",14397,1.4397
"IRIS_313-8302",89.81667,27.51667,"rice",7647,0.7647
"IRIS_313-8486",91.16667,27.66667,"rice",5097,0.5097
"IRIS_313-8519",91.15,27.58333,"rice",8283,0.8283
"IRIS_313-8637",91.36667,27.26667,"rice",7141,0.7141
"IRIS_313-8765",90.15,27.1,"rice",14061,1.4061
"IRIS_313-8814",89.85,27.8,"rice",4157,0.4157
"IRIS_313-8815",89.46667,27.45,"rice",7001,0.7001
"IRIS_313-8857",90.5,27.5,"rice",7921,0.7921
"IRIS_313-9048",90.5,27.5,"rice",7921,0.7921
"IRIS_313-9404",89.86639,27.61639,"rice",9504,0.9504
"IRIS_313-9506",90.16667,27.08333,"rice",17384,1.7384
"IRIS_313-9529",91.73333,27.5,"rice",6955,0.6955
"IRIS_313-9572",91.2,27.58333,"rice",4756,0.4756
"IRIS_313-11989",114.18694,4.58722,"rice",19063,1.9063
"IRIS_313-9574",114.75167,4.53389,"rice",22455,2.2455
"IRIS_313-10557",104.9825,12.30083,"rice",9028,0.9028
"IRIS_313-10648",104.9825,12.30083,"rice",9028,0.9028
"IRIS_313-10898",103.2,13.1,"rice",7327,0.7327
"IRIS_313-10899",105.33139,11.41,"rice",7556,0.7556
"IRIS_313-10900",105.33139,11.41,"rice",7556,0.7556
"IRIS_313-10901",105.33139,11.41,"rice",7556,0.7556
"IRIS_313-10902",103.2,13.1,"rice",7327,0.7327
"IRIS_313-10903",104.28361,11.57611,"rice",8086,0.8086
"IRIS_313-10904",103.2,13.1,"rice",7327,0.7327
"IRIS_313-10905",103.2,13.1,"rice",7327,0.7327
"IRIS_313-10906",103.2,13.1,"rice",7327,0.7327
"IRIS_313-10907",103.2,13.1,"rice",7327,0.7327
"IRIS_313-10908",105.33139,11.41,"rice",7556,0.7556
"IRIS_313-10909",103.2,13.1,"rice",7327,0.7327
"IRIS_313-10910",104.28361,11.57611,"rice",8086,0.8086
"IRIS_313-10911",103.2,13.1,"rice",7327,0.7327
"IRIS_313-10912",103.2,13.1,"rice",7327,0.7327
"IRIS_313-10913",104.28361,11.57611,"rice",8086,0.8086
"IRIS_313-10915",103.2,13.1,"rice",7327,0.7327
"IRIS_313-10916",103.2,13.1,"rice",7327,0.7327
"IRIS_313-11084",103.2,13.1,"rice",7327,0.7327
"IRIS_313-11087",103.2,13.1,"rice",7327,0.7327
"IRIS_313-11088",106.10083,13.01722,"rice",9902,0.9902
"IRIS_313-11089",104.9825,12.30083,"rice",9028,0.9028
"IRIS_313-11935",104.9825,12.30083,"rice",9028,0.9028
"IRIS_313-11936",104.9825,12.30083,"rice",9028,0.9028
"IRIS_313-11997",105.22833,12.10194,"rice",8873,0.8873
"IRIS_313-11998",105.7775,11.43056,"rice",7861,0.7861
"IRIS_313-11999",105.56861,12.33194,"rice",9939,0.9939
"IRIS_313-12000",105.06639,12.09083,"rice",8649,0.8649
"IRIS_313-12036",106.15528,13.85111,"rice",10037,1.0037
"IRIS_313-12037",104.10306,11.36444,"rice",10854,1.0854
"IRIS_313-12038",105.89194,11.19333,"rice",9066,0.9066
"IRIS_313-12039",103.12306,12.92222,"rice",7821,0.7821
"IRIS_313-12040",106.11639,11.84972,"rice",12323,1.2323
"IRIS_313-12041",105.89194,11.19333,"rice",9066,0.9066
"IRIS_313-12042",105.64333,12.04944,"rice",10220,1.022
"IRIS_313-12043",104.32167,10.78861,"rice",12576,1.2576
"IRIS_313-12044",105.45667,11.36444,"rice",7493,0.7493
"IRIS_313-12058",104.66833,11.8825,"rice",6973,0.6973
"IRIS_313-12096",105.04778,11.31861,"rice",7170,0.717
"IRIS_313-12097",103.2,13.1,"rice",7327,0.7327
"IRIS_313-12101",103.2,13.1,"rice",7327,0.7327
"IRIS_313-12102",105.7775,11.43056,"rice",7861,0.7861
"IRIS_313-12109",104.49472,10.93667,"rice",9354,0.9354
"IRIS_313-12142",106.75583,12.40944,"rice",11721,1.1721
"IRIS_313-12143",105.96333,12.33167,"rice",10299,1.0299
"IRIS_313-12146",106.33306,12.05,"rice",11916,1.1916
"IRIS_313-12147",105.96639,12.24972,"rice",10398,1.0398
"IRIS_313-12148",103.92722,11.13833,"rice",13560,1.356
"IRIS_313-12151",104.70694,11.05806,"rice",7537,0.7537
"IRIS_313-12152",102.91667,13.57194,"rice",5945,0.5945
"IRIS_313-12161",106.88333,12.18306,"rice",12826,1.2826
"IRIS_313-12164",107.48972,12.61333,"rice",11678,1.1678
"IRIS_313-12246",104.84,13.66667,"rice",8487,0.8487
"IRIS_313-12247",104.90306,14.31,"rice",9177,0.9177
"IRIS_313-12249",105.04361,13.52861,"rice",8478,0.8478
"IRIS_313-12251",105.08444,13.38667,"rice",8434,0.8434
"IRIS_313-9249",103.2,13.1,"rice",7327,0.7327
"IRGC_117269",104.165556,35.86,"rice",3108,0.3108
"IRGC_117271",104.165556,35.86,"rice",3108,0.3108
"IRGC_117277",104.165556,35.86,"rice",3108,0.3108
"IRGC_117280",104.165556,35.86,"rice",3108,0.3108
"IRGC_1427",104.165556,35.86,"rice",3108,0.3108
"IRGC_4541",104.165556,35.86,"rice",3108,0.3108
"IRGC_4860",104.165556,35.86,"rice",3108,0.3108
"IRGC_4887",104.165556,35.86,"rice",3108,0.3108
"IRGC_51400",104.165556,35.86,"rice",3108,0.3108
"IRGC_53437",104.165556,35.86,"rice",3108,0.3108
"IRGC_59673",104.165556,35.86,"rice",3108,0.3108
"IRGC_59849",104.165556,35.86,"rice",3108,0.3108
"IRGC_59930",104.165556,35.86,"rice",3108,0.3108
"IRGC_59932",104.165556,35.86,"rice",3108,0.3108
"IRGC_63544",120.497778,27.215556,"rice",11724,1.1724
"IRGC_63726",120.497778,27.215556,"rice",11724,1.1724
"IRGC_67034",108.301667,23.748889,"rice",13257,1.3257
"IRGC_67096",108.301667,23.748889,"rice",13257,1.3257
"IRGC_68159",111.558333,27.576667,"rice",11789,1.1789
"IRGC_752",104.165556,35.86,"rice",3108,0.3108
"IRGC_8195",104.165556,35.86,"rice",3108,0.3108
"IRGC_8266",104.165556,35.86,"rice",3108,0.3108
"IRIS_313-10129",104.16556,35.86,"rice",3108,0.3108
"IRIS_313-10177",108.30167,23.74889,"rice",13257,1.3257
"IRIS_313-10211",104.16556,35.86,"rice",3108,0.3108
"IRIS_313-10221",108.30167,23.74889,"rice",13257,1.3257
"IRIS_313-10228",116.07417,27.42639,"rice",15509,1.5509
"IRIS_313-10239",116.07417,27.42639,"rice",15509,1.5509
"IRIS_313-10450",104.16556,35.86,"rice",3108,0.3108
"IRIS_313-10453",104.16556,35.86,"rice",3108,0.3108
"IRIS_313-10497",104.16556,35.86,"rice",3108,0.3108
"IRIS_313-10502",104.16556,35.86,"rice",3108,0.3108
"IRIS_313-10503",104.16556,35.86,"rice",3108,0.3108
"IRIS_313-10504",104.16556,35.86,"rice",3108,0.3108
"IRIS_313-10558",104.16556,35.86,"rice",3108,0.3108
"IRIS_313-10559",104.16556,35.86,"rice",3108,0.3108
"IRIS_313-10560",104.16556,35.86,"rice",3108,0.3108
"IRIS_313-10561",104.16556,35.86,"rice",3108,0.3108
"IRIS_313-10562",104.16556,35.86,"rice",3108,0.3108
"IRIS_313-11038",121.44972,31.21667,"rice",8328,0.8328
"IRIS_313-11522",102.02111,25.19694,"rice",6118,0.6118
"IRIS_313-11651",104.16556,35.86,"rice",3108,0.3108
"IRIS_313-11652",104.16556,35.86,"rice",3108,0.3108
"IRIS_313-11653",104.16556,35.86,"rice",3108,0.3108
"IRIS_313-11654",104.16556,35.86,"rice",3108,0.3108
"IRIS_313-11655",104.16556,35.86,"rice",3108,0.3108
"IRIS_313-11744",111.55833,27.57667,"rice",11789,1.1789
"IRIS_313-11745",111.55833,27.57667,"rice",11789,1.1789
"IRIS_313-11852",113.48722,22.96222,"rice",13291,1.3291
"IRIS_313-11853",113.48722,22.96222,"rice",13291,1.3291
"IRIS_313-11947",104.16556,35.86,"rice",3108,0.3108
"IRIS_313-11948",104.16556,35.86,"rice",3108,0.3108
"IRIS_313-11949",104.16556,35.86,"rice",3108,0.3108
"IRIS_313-11950",104.16556,35.86,"rice",3108,0.3108
"IRIS_313-11951",104.16556,35.86,"rice",3108,0.3108
"IRIS_313-11952",104.16556,35.86,"rice",3108,0.3108
"IRIS_313-11953",104.16556,35.86,"rice",3108,0.3108
"IRIS_313-11954",104.16556,35.86,"rice",3108,0.3108
"IRIS_313-11955",104.16556,35.86,"rice",3108,0.3108
"IRIS_313-11965",108.30167,23.74889,"rice",13257,1.3257
"IRIS_313-11966",108.30167,23.74889,"rice",13257,1.3257
"IRIS_313-11967",108.30167,23.74889,"rice",13257,1.3257
"IRIS_313-11968",108.30167,23.74889,"rice",13257,1.3257
"IRIS_313-12007",108.30167,23.74889,"rice",13257,1.3257
"IRIS_313-12009",108.30167,23.74889,"rice",13257,1.3257
"IRIS_313-12010",108.30167,23.74889,"rice",13257,1.3257
"IRIS_313-12011",108.30167,23.74889,"rice",13257,1.3257
"IRIS_313-12012",108.30167,23.74889,"rice",13257,1.3257
"IRIS_313-12059",102.02111,25.19694,"rice",6118,0.6118
"IRIS_313-12060",102.02111,25.19694,"rice",6118,0.6118
"IRIS_313-12061",102.02111,25.19694,"rice",6118,0.6118
"IRIS_313-12273",113.48722,22.96222,"rice",13291,1.3291
"IRIS_313-12275",116.07417,27.42639,"rice",15509,1.5509
"IRIS_313-8380",104.16556,35.86,"rice",3108,0.3108
"IRIS_313-8645",104.16556,35.86,"rice",3108,0.3108
"IRIS_313-9017",104.16556,35.86,"rice",3108,0.3108
"IRIS_313-9204",104.16556,35.86,"rice",3108,0.3108
"IRIS_313-9324",104.16556,35.86,"rice",3108,0.3108
"IRIS_313-9372",104.16556,35.86,"rice",3108,0.3108
"IRIS_313-9469",104.16556,35.86,"rice",3108,0.3108
"IRIS_313-9555",104.16556,35.86,"rice",3108,0.3108
"IRIS_313-9730",111.55833,27.57667,"rice",11789,1.1789
"IRIS_313-10614",114.12222,22.35639,"rice",15330,1.533
"IRGC_117267",82.800556,21.127778,"rice",6701,0.6701
"IRGC_117398",82.800556,21.127778,"rice",6701,0.6701
"IRGC_117617",92.21,24.52,"rice",18454,1.8454
"IRGC_12331",90.2,25.51667,"rice",21734,2.1734
"IRGC_12386",90.2,25.51667,"rice",21734,2.1734
"IRGC_12894",82.800556,21.127778,"rice",6701,0.6701
"IRGC_13746",93.862222,24.77,"rice",17066,1.7066
"IRGC_177",82.800556,21.127778,"rice",6701,0.6701
"IRGC_32559",82.800556,21.127778,"rice",6701,0.6701
"IRGC_32561",82.800556,21.127778,"rice",6701,0.6701
"IRGC_34962",87.333056,22.433056,"rice",7853,0.7853
"IRGC_3697",82.800556,21.127778,"rice",6701,0.6701
"IRGC_42469",94.95,27.48333,"rice",19212,1.9212
"IRGC_46202",82.800556,21.127778,"rice",6701,0.6701
"IRGC_46531",82.800556,21.127778,"rice",6701,0.6701
"IRGC_46768",82.800556,21.127778,"rice",6701,0.6701
"IRGC_53931",82.800556,21.127778,"rice",6701,0.6701
"IRGC_5999",82.800556,21.127778,"rice",6701,0.6701
"IRGC_6264",82.800556,21.127778,"rice",6701,0.6701
"IRGC_6274",82.800556,21.127778,"rice",6701,0.6701
"IRGC_6298",82.800556,21.127778,"rice",6701,0.6701
"IRGC_6307",82.800556,21.127778,"rice",6701,0.6701
"IRGC_6331",82.800556,21.127778,"rice",6701,0.6701
"IRGC_72479",82.800556,21.127778,"rice",6701,0.6701
"IRGC_74719",79.33333,22.83333,"rice",5180,0.518
"IRGC_74777",80.08333,27.66667,"rice",5234,0.5234
"IRGC_77530",78.5,11.33333,"rice",3929,0.3929
"IRGC_7919",82.800556,21.127778,"rice",6701,0.6701
"IRGC_8896",82.800556,21.127778,"rice",6701,0.6701
"IRGC_9062",82.800556,21.127778,"rice",6701,0.6701
"IRGC_9069",82.800556,21.127778,"rice",6701,0.6701
"IRGC_9070",82.800556,21.127778,"rice",6701,0.6701
"IRGC_9091",82.800556,21.127778,"rice",6701,0.6701
"IRGC_9175",82.800556,21.127778,"rice",6701,0.6701
"IRGC_9177",82.800556,21.127778,"rice",6701,0.6701
"IRGC_9179",82.800556,21.127778,"rice",6701,0.6701
"IRIS_313-10150",82.80056,21.12778,"rice",6701,0.6701
"IRIS_313-10628",82.80056,21.12778,"rice",6701,0.6701
"IRIS_313-10664",94.2,26.6,"rice",14488,1.4488
"IRIS_313-10666",94.95,27.48333,"rice",19212,1.9212
"IRIS_313-10667",90.2,25.51667,"rice",21734,2.1734
"IRIS_313-10668",90.2,25.51667,"rice",21734,2.1734
"IRIS_313-10670",90.2,25.51667,"rice",21734,2.1734
"IRIS_313-10671",91.88333,25.56667,"rice",25209,2.5209
"IRIS_313-10673",91.88333,25.56667,"rice",25209,2.5209
"IRIS_313-10674",91.88333,25.56667,"rice",25209,2.5209
"IRIS_313-10675",91.88333,25.56667,"rice",25209,2.5209
"IRIS_313-10676",91.88333,25.56667,"rice",25209,2.5209
"IRIS_313-10845",93.43333,25.83333,"rice",9618,0.9618
"IRIS_313-10847",94.2,26.6,"rice",14488,1.4488
"IRIS_313-10848",91.82167,25.62056,"rice",23745,2.3745
"IRIS_313-10849",90.2,25.51667,"rice",21734,2.1734
"IRIS_313-10850",90.2,25.51667,"rice",21734,2.1734
"IRIS_313-10851",90.2,25.51667,"rice",21734,2.1734
"IRIS_313-10852",90.2,25.51667,"rice",21734,2.1734
"IRIS_313-10853",90.2,25.51667,"rice",21734,2.1734
"IRIS_313-10854",90.2,25.51667,"rice",21734,2.1734
"IRIS_313-10855",90.2,25.51667,"rice",21734,2.1734
"IRIS_313-10856",91.88333,25.56667,"rice",25209,2.5209
"IRIS_313-10857",91.88333,25.56667,"rice",25209,2.5209
"IRIS_313-10858",91.88333,25.56667,"rice",25209,2.5209
"IRIS_313-10859",91.88333,25.56667,"rice",25209,2.5209
"IRIS_313-10861",90.2,25.51667,"rice",21734,2.1734
"IRIS_313-10862",90.2,25.51667,"rice",21734,2.1734
"IRIS_313-10863",91.75,26.18333,"rice",11157,1.1157
"IRIS_313-10864",90.2,25.51667,"rice",21734,2.1734
"IRIS_313-10865",93.83306,27.63333,"rice",11688,1.1688
"IRIS_313-10866",93.83306,27.63333,"rice",11688,1.1688
"IRIS_313-10867",94.76667,28.16667,"rice",18907,1.8907
"IRIS_313-10868",94.76667,28.16667,"rice",18907,1.8907
"IRIS_313-10869",96.16667,27.91667,"rice",20618,2.0618
"IRIS_313-10870",96.16667,27.91667,"rice",20618,2.0618
"IRIS_313-11041",78.98389,10.75861,"rice",3828,0.3828
"IRIS_313-11042",78.07472,9.8575,"rice",3819,0.3819
"IRIS_313-11164",88.38417,23.41611,"rice",7820,0.782
"IRIS_313-11166",87.33306,22.43306,"rice",7853,0.7853
"IRIS_313-11167",87.85,23.24972,"rice",7438,0.7438
"IRIS_313-11169",88.75639,26.66444,"rice",21628,2.1628
"IRIS_313-11360",82.80056,21.12778,"rice",6701,0.6701
"IRIS_313-11371",82.80056,21.12778,"rice",6701,0.6701
"IRIS_313-11403",78.98389,10.75861,"rice",3828,0.3828
"IRIS_313-11414",82.80056,21.12778,"rice",6701,0.6701
"IRIS_313-11442",82.80056,21.12778,"rice",6701,0.6701
"IRIS_313-11443",82.80056,21.12778,"rice",6701,0.6701
"IRIS_313-11445",85.80389,25.87972,"rice",5779,0.5779
"IRIS_313-11446",93.86222,24.77,"rice",17066,1.7066
"IRIS_313-11447",93.86222,24.77,"rice",17066,1.7066
"IRIS_313-11448",75.80111,26.905,"rice",2904,0.2904
"IRIS_313-11449",75.80111,26.905,"rice",2904,0.2904
"IRIS_313-11451",74.24972,18.64306,"rice",2214,0.2214
"IRIS_313-11452",74.20222,16.45889,"rice",7148,0.7148
"IRIS_313-11453",75.56,21.01,"rice",3255,0.3255
"IRIS_313-11454",74.45,23.55,"rice",3963,0.3963
"IRIS_313-11455",74.45,23.55,"rice",3963,0.3963
"IRIS_313-11456",74.45,23.55,"rice",3963,0.3963
"IRIS_313-11458",82.80056,21.12778,"rice",6701,0.6701
"IRIS_313-11460",82.80056,21.12778,"rice",6701,0.6701
"IRIS_313-11461",82.80056,21.12778,"rice",6701,0.6701
"IRIS_313-11462",73.9925,15.16639,"rice",15938,1.5938
"IRIS_313-11489",75.38444,31.37944,"rice",3936,0.3936
"IRIS_313-11490",93.49972,24.41667,"rice",15581,1.5581
"IRIS_313-11492",82.80056,21.12778,"rice",6701,0.6701
"IRIS_313-11493",91.74556,23.73889,"rice",15253,1.5253
"IRIS_313-11494",94.06944,28.23889,"rice",14843,1.4843
"IRIS_313-11505",82.80056,21.12778,"rice",6701,0.6701
"IRIS_313-11506",82.80056,21.12778,"rice",6701,0.6701
"IRIS_313-11595",80.92944,21.29972,"rice",6242,0.6242
"IRIS_313-11596",81.85083,20.74889,"rice",6265,0.6265
"IRIS_313-11597",78.42111,23.97472,"rice",5507,0.5507
"IRIS_313-11598",83.41333,22.84361,"rice",7687,0.7687
"IRIS_313-11599",83,21.33306,"rice",6394,0.6394
"IRIS_313-11600",80.2,24.14,"rice",5438,0.5438
"IRIS_313-11602",78.6575,23.77528,"rice",5794,0.5794
"IRIS_313-11603",81.78333,21.55,"rice",5990,0.599
"IRIS_313-11604",79.54972,23.4,"rice",5605,0.5605
"IRIS_313-11606",78.42111,23.97472,"rice",5507,0.5507
"IRIS_313-11607",78.42111,23.97472,"rice",5507,0.5507
"IRIS_313-11616",80.8575,27.1425,"rice",5129,0.5129
"IRIS_313-11617",80.8575,27.1425,"rice",5129,0.5129
"IRIS_313-11618",80.8575,27.1425,"rice",5129,0.5129
"IRIS_313-11619",80.8575,27.1425,"rice",5129,0.5129
"IRIS_313-11620",80.8575,27.1425,"rice",5129,0.5129
"IRIS_313-11621",80.8575,27.1425,"rice",5129,0.5129
"IRIS_313-11636",82.80056,21.12778,"rice",6701,0.6701
"IRIS_313-11638",82.80056,21.12778,"rice",6701,0.6701
"IRIS_313-11639",82.80056,21.12778,"rice",6701,0.6701
"IRIS_313-11640",82.80056,21.12778,"rice",6701,0.6701
"IRIS_313-11641",82.80056,21.12778,"rice",6701,0.6701
"IRIS_313-11642",82.80056,21.12778,"rice",6701,0.6701
"IRIS_313-11643",82.80056,21.12778,"rice",6701,0.6701
"IRIS_313-11644",82.80056,21.12778,"rice",6701,0.6701
"IRIS_313-11645",82.80056,21.12778,"rice",6701,0.6701
"IRIS_313-11646",82.80056,21.12778,"rice",6701,0.6701
"IRIS_313-11647",82.80056,21.12778,"rice",6701,0.6701
"IRIS_313-11648",82.80056,21.12778,"rice",6701,0.6701
"IRIS_313-11650",82.80056,21.12778,"rice",6701,0.6701
"IRIS_313-11712",82.80056,21.12778,"rice",6701,0.6701
"IRIS_313-11737",80.92944,21.29972,"rice",6242,0.6242
"IRIS_313-11738",79.91667,22.18333,"rice",6556,0.6556
"IRIS_313-11742",82.80056,21.12778,"rice",6701,0.6701
"IRIS_313-11821",82.80056,21.12778,"rice",6701,0.6701
"IRIS_313-11822",82.80056,21.12778,"rice",6701,0.6701
"IRIS_313-11823",82.80056,21.12778,"rice",6701,0.6701
"IRIS_313-11824",82.80056,21.12778,"rice",6701,0.6701
"IRIS_313-11825",82.80056,21.12778,"rice",6701,0.6701
"IRIS_313-11826",82.80056,21.12778,"rice",6701,0.6701
"IRIS_313-11827",82.80056,21.12778,"rice",6701,0.6701
"IRIS_313-11828",82.80056,21.12778,"rice",6701,0.6701
"IRIS_313-11917",80.33333,23.98333,"rice",5416,0.5416
"IRIS_313-11918",81.08333,24.25,"rice",5626,0.5626
"IRIS_313-11919",80.33333,23.98333,"rice",5416,0.5416
"IRIS_313-11969",80.8575,27.1425,"rice",5129,0.5129
"IRIS_313-12013",82.80056,21.12778,"rice",6701,0.6701
"IRIS_313-12052",76.5,11.5,"rice",13574,1.3574
"IRIS_313-7736",82.80056,21.12778,"rice",6701,0.6701
"IRIS_313-7780",82.80056,21.12778,"rice",6701,0.6701
"IRIS_313-8265",82.80056,21.12778,"rice",6701,0.6701
"IRIS_313-8303",80.33333,20.16667,"rice",7654,0.7654
"IRIS_313-8305",82.80056,21.12778,"rice",6701,0.6701
"IRIS_313-8386",91.88333,25.56667,"rice",25209,2.5209
"IRIS_313-8435",80.8575,27.1425,"rice",5129,0.5129
"IRIS_313-8498",90.2,25.51667,"rice",21734,2.1734
"IRIS_313-8530",82.80056,21.12778,"rice",6701,0.6701
"IRIS_313-8568",74.20222,16.45889,"rice",7148,0.7148
"IRIS_313-8614",82.80056,21.12778,"rice",6701,0.6701
"IRIS_313-8631",74.26667,26.61639,"rice",1661,0.1661
"IRIS_313-8704",78.75,26.33333,"rice",4034,0.4034
"IRIS_313-8727",82.80056,21.12778,"rice",6701,0.6701
"IRIS_313-8731",80.33333,23.98333,"rice",5416,0.5416
"IRIS_313-8754",81.53333,26,"rice",4665,0.4665
"IRIS_313-8757",78.42111,23.97472,"rice",5507,0.5507
"IRIS_313-8796",80.33333,23.98333,"rice",5416,0.5416
"IRIS_313-8813",91.88333,25.56667,"rice",25209,2.5209
"IRIS_313-8920",78.42111,23.97472,"rice",5507,0.5507
"IRIS_313-8924",75.80111,26.905,"rice",2904,0.2904
"IRIS_313-8986",91.88333,25.56667,"rice",25209,2.5209
"IRIS_313-8988",79.48333,21.33333,"rice",5346,0.5346
"IRIS_313-9137",90.2,25.51667,"rice",21734,2.1734
"IRIS_313-9176",90.2,25.51667,"rice",21734,2.1734
"IRIS_313-9201",94.2,26.6,"rice",14488,1.4488
"IRIS_313-9258",80.33333,20.16667,"rice",7654,0.7654
"IRIS_313-9313",91.88333,25.56667,"rice",25209,2.5209
"IRIS_313-9360",82.80056,21.12778,"rice",6701,0.6701
"IRIS_313-9384",73.85528,15.58389,"rice",16375,1.6375
"IRIS_313-9392",94.76667,28.16667,"rice",18907,1.8907
"IRIS_313-9400",82.80056,21.12778,"rice",6701,0.6701
"IRIS_313-9403",83.49333,26.85111,"rice",6855,0.6855
"IRIS_313-9424",93.43333,25.83333,"rice",9618,0.9618
"IRIS_313-9484",80.33306,22.66667,"rice",7128,0.7128
"IRIS_313-9492",82.80056,21.12778,"rice",6701,0.6701
"IRIS_313-9516",82.80056,21.12778,"rice",6701,0.6701
"IRIS_313-9547",80.33333,20.16667,"rice",7654,0.7654
"IRIS_313-9557",76.5,11.5,"rice",13574,1.3574
"IRIS_313-9605",80.8575,27.1425,"rice",5129,0.5129
"IRIS_313-9609",91.88333,25.56667,"rice",25209,2.5209
"IRIS_313-9610",73,23.66667,"rice",3099,0.3099
"IRIS_313-9611",75.80111,26.905,"rice",2904,0.2904
"IRIS_313-9629",82.80056,21.12778,"rice",6701,0.6701
"IRGC_122298",104.7520944,-4.8133889,"rice",15565,1.5565
"IRGC_14413",119.630278,-4.69,"rice",17490,1.749
"IRGC_19972",119.025833,-2.690556,"rice",17538,1.7538
"IRGC_27129",119.025833,-2.690556,"rice",17538,1.7538
"IRGC_35834",107.499722,-6.75,"rice",17940,1.794
"IRGC_43322",104.141944,-3.294722,"rice",18140,1.814
"IRGC_43369",104.141944,-3.294722,"rice",18140,1.814
"IRGC_43372",115.071667,-8.455,"rice",13436,1.3436
"IRGC_43394",112.428611,-7.493056,"rice",9569,0.9569
"IRGC_43400",100.447778,-1.223333,"rice",22599,2.2599
"IRGC_43540",100.447778,-1.223333,"rice",22599,2.2599
"IRGC_54333",118.989722,-9.549722,"rice",9578,0.9578
"IRGC_66640",97.56667,0.88333,"rice",21078,2.1078
"IRGC_8260",119.025833,-2.690556,"rice",17538,1.7538
"IRGC_8261",119.025833,-2.690556,"rice",17538,1.7538
"IRGC_9147",119.025833,-2.690556,"rice",17538,1.7538
"IRIS_313-10152",116.96639,-0.4,"rice",12282,1.2282
"IRIS_313-10689",106.19472,-6.29694,"rice",15519,1.5519
"IRIS_313-10690",109.63889,-7.35278,"rice",21739,2.1739
"IRIS_313-10692",100.84694,-0.42417,"rice",15197,1.5197
"IRIS_313-10693",107.12639,-7.05194,"rice",25044,2.5044
"IRIS_313-10738",119.02583,-2.69056,"rice",17538,1.7538
"IRIS_313-10739",119.02583,-2.69056,"rice",17538,1.7538
"IRIS_313-10740",119.02583,-2.69056,"rice",17538,1.7538
"IRIS_313-10741",119.02583,-2.69056,"rice",17538,1.7538
"IRIS_313-10742",119.02583,-2.69056,"rice",17538,1.7538
"IRIS_313-10743",119.02583,-2.69056,"rice",17538,1.7538
"IRIS_313-10744",119.02583,-2.69056,"rice",17538,1.7538
"IRIS_313-10745",119.02583,-2.69056,"rice",17538,1.7538
"IRIS_313-10746",119.02583,-2.69056,"rice",17538,1.7538
"IRIS_313-10747",119.02583,-2.69056,"rice",17538,1.7538
"IRIS_313-10758",121.81111,-8.87194,"rice",5872,0.5872
"IRIS_313-10759",112.42861,-7.49306,"rice",9569,0.9569
"IRIS_313-10760",124.83306,1.24972,"rice",16674,1.6674
"IRIS_313-10761",107.49972,-6.75,"rice",17940,1.794
"IRIS_313-10762",101.93361,0.70417,"rice",16638,1.6638
"IRIS_313-10765",107.49972,-6.75,"rice",17940,1.794
"IRIS_313-10766",107.49972,-6.75,"rice",17940,1.794
"IRIS_313-10767",104.85222,-4.94778,"rice",15013,1.5013
"IRIS_313-10768",115.90472,-3.1225,"rice",16370,1.637
"IRIS_313-10769",115.90472,-3.1225,"rice",16370,1.637
"IRIS_313-10770",119.02583,-2.69056,"rice",17538,1.7538
"IRIS_313-10771",121.81111,-8.87194,"rice",5872,0.5872
"IRIS_313-10772",110.12389,-6.96889,"rice",12714,1.2714
"IRIS_313-10773",100.44778,-1.22333,"rice",22599,2.2599
"IRIS_313-10774",107.49972,-6.75,"rice",17940,1.794
"IRIS_313-10775",107.49972,-6.75,"rice",17940,1.794
"IRIS_313-10776",121.81111,-8.87194,"rice",5872,0.5872
"IRIS_313-10777",107.49972,-6.75,"rice",17940,1.794
"IRIS_313-10778",115.90472,-3.1225,"rice",16370,1.637
"IRIS_313-10779",101.93361,0.70417,"rice",16638,1.6638
"IRIS_313-10780",104.85222,-4.94778,"rice",15013,1.5013
"IRIS_313-10781",112.42861,-7.49306,"rice",9569,0.9569
"IRIS_313-10782",107.49972,-6.75,"rice",17940,1.794
"IRIS_313-10783",107.49972,-6.75,"rice",17940,1.794
"IRIS_313-10784",110.12389,-6.96889,"rice",12714,1.2714
"IRIS_313-10785",112.42861,-7.49306,"rice",9569,0.9569
"IRIS_313-10786",110.5,-7,"rice",12142,1.2142
"IRIS_313-10787",115.90472,-3.1225,"rice",16370,1.637
"IRIS_313-10788",107.49972,-6.75,"rice",17940,1.794
"IRIS_313-10789",110.12389,-6.96889,"rice",12714,1.2714
"IRIS_313-10790",121.81111,-8.87194,"rice",5872,0.5872
"IRIS_313-10791",107.49972,-6.75,"rice",17940,1.794
"IRIS_313-10792",102.25,3.8,"rice",17520,1.752
"IRIS_313-10793",110.12389,-6.96889,"rice",12714,1.2714
"IRIS_313-10794",104.85222,-4.94778,"rice",15013,1.5013
"IRIS_313-10795",110.12389,-6.96889,"rice",12714,1.2714
"IRIS_313-10796",110.12389,-6.96889,"rice",12714,1.2714
"IRIS_313-10797",101.93361,0.70417,"rice",16638,1.6638
"IRIS_313-10798",131.50611,-7.37333,"rice",11009,1.1009
"IRIS_313-10799",122.5,-3.95,"rice",12009,1.2009
"IRIS_313-10800",112.42861,-7.49306,"rice",9569,0.9569
"IRIS_313-10801",117.36139,-8.65278,"rice",10254,1.0254
"IRIS_313-10802",107.49972,-6.75,"rice",17940,1.794
"IRIS_313-10803",111,-7.5,"rice",12870,1.287
"IRIS_313-10804",115.90472,-3.1225,"rice",16370,1.637
"IRIS_313-10805",124.83306,1.24972,"rice",16674,1.6674
"IRIS_313-10806",115.90472,-3.1225,"rice",16370,1.637
"IRIS_313-10807",116.73917,1.71278,"rice",20947,2.0947
"IRIS_313-10808",110.12389,-6.96889,"rice",12714,1.2714
"IRIS_313-10809",110.12389,-6.96889,"rice",12714,1.2714
"IRIS_313-10810",107.49972,-6.75,"rice",17940,1.794
"IRIS_313-10811",107.49972,-6.75,"rice",17940,1.794
"IRIS_313-10812",104.85222,-4.94778,"rice",15013,1.5013
"IRIS_313-10813",115.90472,-3.1225,"rice",16370,1.637
"IRIS_313-10814",98.75694,1.83278,"rice",21215,2.1215
"IRIS_313-10815",113.29028,-1.37556,"rice",20566,2.0566
"IRIS_313-10816",104.85222,-4.94778,"rice",15013,1.5013
"IRIS_313-10817",112.42861,-7.49306,"rice",9569,0.9569
"IRIS_313-10818",101.93361,0.70417,"rice",16638,1.6638
"IRIS_313-10819",107.49972,-6.75,"rice",17940,1.794
"IRIS_313-10820",107.49972,-6.75,"rice",17940,1.794
"IRIS_313-10821",107.49972,-6.75,"rice",17940,1.794
"IRIS_313-10822",100.44778,-1.22333,"rice",22599,2.2599
"IRIS_313-10823",101.93361,0.70417,"rice",16638,1.6638
"IRIS_313-10824",119.02583,-2.69056,"rice",17538,1.7538
"IRIS_313-10841",119.02583,-2.69056,"rice",17538,1.7538
"IRIS_313-10842",119.02583,-2.69056,"rice",17538,1.7538
"IRIS_313-10844",119.02583,-2.69056,"rice",17538,1.7538
"IRIS_313-10935",98.75694,1.83278,"rice",21215,2.1215
"IRIS_313-10936",104.14194,-3.29472,"rice",18140,1.814
"IRIS_313-10937",102.80611,-1.75833,"rice",18771,1.8771
"IRIS_313-10938",96.62972,4.02694,"rice",18958,1.8958
"IRIS_313-10940",96.62972,4.02694,"rice",18958,1.8958
"IRIS_313-10941",96.62972,4.02694,"rice",18958,1.8958
"IRIS_313-10942",100.44778,-1.22333,"rice",22599,2.2599
"IRIS_313-10943",103.07028,-0.6975,"rice",16111,1.6111
"IRIS_313-10944",100.45611,-1.16972,"rice",21950,2.195
"IRIS_313-10945",119.02583,-2.69056,"rice",17538,1.7538
"IRIS_313-10946",119.02583,-2.69056,"rice",17538,1.7538
"IRIS_313-10950",119.02583,-2.69056,"rice",17538,1.7538
"IRIS_313-10951",98.75694,1.83278,"rice",21215,2.1215
"IRIS_313-10952",104.14194,-3.29472,"rice",18140,1.814
"IRIS_313-10953",103.86639,-4.06639,"rice",18540,1.854
"IRIS_313-10954",103.19611,-3.88861,"rice",21532,2.1532
"IRIS_313-10955",119.63028,-4.69,"rice",17490,1.749
"IRIS_313-10956",98.75694,1.83278,"rice",21215,2.1215
"IRIS_313-10957",104.14194,-3.29472,"rice",18140,1.814
"IRIS_313-10958",104.14194,-3.29472,"rice",18140,1.814
"IRIS_313-10959",119.02583,-2.69056,"rice",17538,1.7538
"IRIS_313-10960",101.93361,0.70417,"rice",16638,1.6638
"IRIS_313-10961",101.93361,0.70417,"rice",16638,1.6638
"IRIS_313-10962",101.93361,0.70417,"rice",16638,1.6638
"IRIS_313-10995",119.63028,-4.69,"rice",17490,1.749
"IRIS_313-10996",120,-1,"rice",11706,1.1706
"IRIS_313-10997",119.02583,-2.69056,"rice",17538,1.7538
"IRIS_313-10998",119.02583,-2.69056,"rice",17538,1.7538
"IRIS_313-10999",121.16667,-1.33333,"rice",0,0
"IRIS_313-11000",119.02583,-2.69056,"rice",17538,1.7538
"IRIS_313-11001",121.91667,-4,"rice",11990,1.199
"IRIS_313-11003",121.5,-4,"rice",11757,1.1757
"IRIS_313-11004",121.5,-4,"rice",11757,1.1757
"IRIS_313-11005",120.05,-4.66667,"rice",12974,1.2974
"IRIS_313-11006",120.05,-4.66667,"rice",12974,1.2974
"IRIS_313-11007",123.86667,0.78528,"rice",12115,1.2115
"IRIS_313-11008",120.16667,-4.25,"rice",11725,1.1725
"IRIS_313-11009",124.83306,1.24972,"rice",16674,1.6674
"IRIS_313-11010",122.7525,0.67333,"rice",10409,1.0409
"IRIS_313-11011",119.02583,-2.69056,"rice",17538,1.7538
"IRIS_313-11012",119.02583,-2.69056,"rice",17538,1.7538
"IRIS_313-11117",127.49972,1.08306,"rice",14664,1.4664
"IRIS_313-11162",110.585,-7.99333,"rice",12943,1.2943
"IRIS_313-11177",110.12389,-6.96889,"rice",12714,1.2714
"IRIS_313-11178",100.44778,-1.22333,"rice",22599,2.2599
"IRIS_313-11179",98.75694,1.83278,"rice",21215,2.1215
"IRIS_313-11180",100.44778,-1.22333,"rice",22599,2.2599
"IRIS_313-11181",98.75694,1.83278,"rice",21215,2.1215
"IRIS_313-11182",119.02583,-2.69056,"rice",17538,1.7538
"IRIS_313-11183",112.42861,-7.49306,"rice",9569,0.9569
"IRIS_313-11311",115.07167,-8.455,"rice",13436,1.3436
"IRIS_313-11312",109.89389,0.86361,"rice",23187,2.3187
"IRIS_313-11313",104.14194,-3.29472,"rice",18140,1.814
"IRIS_313-11314",109.89389,0.86361,"rice",23187,2.3187
"IRIS_313-11315",104.14194,-3.29472,"rice",18140,1.814
"IRIS_313-11316",109.89389,0.86361,"rice",23187,2.3187
"IRIS_313-11317",98.75694,1.83278,"rice",21215,2.1215
"IRIS_313-11318",124.83306,1.24972,"rice",16674,1.6674
"IRIS_313-11319",115.40806,-2.45806,"rice",16819,1.6819
"IRIS_313-11320",115.3525,-2.63111,"rice",17091,1.7091
"IRIS_313-11394",112.42861,-7.49306,"rice",9569,0.9569
"IRIS_313-11395",112.42861,-7.49306,"rice",9569,0.9569
"IRIS_313-11397",120.06194,-0.64861,"rice",10056,1.0056
"IRIS_313-11398",119.81389,-0.65028,"rice",8623,0.8623
"IRIS_313-11495",124.42528,-9.82833,"rice",8814,0.8814
"IRIS_313-11496",117.23917,-8.41528,"rice",7901,0.7901
"IRIS_313-11497",117.41639,-8.61667,"rice",8570,0.857
"IRIS_313-11498",116.63611,-8.56278,"rice",5374,0.5374
"IRIS_313-11499",117.78333,-8.8,"rice",8332,0.8332
"IRIS_313-11500",118.54083,-8.48306,"rice",8494,0.8494
"IRIS_313-11717",97.75,0.56667,"rice",21022,2.1022
"IRIS_313-11970",119.63028,-4.69,"rice",17490,1.749
"IRIS_313-11971",119.75,-3,"rice",19937,1.9937
"IRIS_313-12027",98.33333,3,"rice",17700,1.77
"IRIS_313-12045",112,0.5,"rice",25225,2.5225
"IRIS_313-12046",112,0.5,"rice",25225,2.5225
"IRIS_313-12047",110.08333,-2.5,"rice",0,0
"IRIS_313-12048",110,-1.5,"rice",0,0
"IRIS_313-12068",112,0.5,"rice",25225,2.5225
"IRIS_313-12069",111.5,0.16667,"rice",22937,2.2937
"IRIS_313-7883",120.04417,-0.5275,"rice",9478,0.9478
"IRIS_313-7885",115.07167,-8.455,"rice",13436,1.3436
"IRIS_313-8291",95.28333,5.23333,"rice",13925,1.3925
"IRIS_313-8314",107.49972,-6.75,"rice",17940,1.794
"IRIS_313-8324",119.02583,-2.69056,"rice",17538,1.7538
"IRIS_313-8368",107.49972,-6.75,"rice",17940,1.794
"IRIS_313-8436",101.93361,0.70417,"rice",16638,1.6638
"IRIS_313-8457",96.36667,4.08333,"rice",20067,2.0067
"IRIS_313-8493",97.33333,3.05,"rice",19220,1.922
"IRIS_313-8536",109.89389,0.86361,"rice",23187,2.3187
"IRIS_313-8608",97.75,0.56667,"rice",21022,2.1022
"IRIS_313-8643",113.29028,-1.37556,"rice",20566,2.0566
"IRIS_313-8664",97.6,1.25,"rice",22198,2.2198
"IRIS_313-8713",97.75,0.56667,"rice",21022,2.1022
"IRIS_313-8725",119.66667,-0.83333,"rice",10068,1.0068
"IRIS_313-8744",107.49972,-6.75,"rice",17940,1.794
"IRIS_313-8767",95.28333,5.23333,"rice",13925,1.3925
"IRIS_313-8812",114.36667,-8.2,"rice",8361,0.8361
"IRIS_313-8831",116.88528,-1.16111,"rice",15872,1.5872
"IRIS_313-8833",98.75694,1.83278,"rice",21215,2.1215
"IRIS_313-8865",116.39972,-0.35,"rice",14083,1.4083
"IRIS_313-8922",104.14194,-3.29472,"rice",18140,1.814
"IRIS_313-8956",119.02583,-2.69056,"rice",17538,1.7538
"IRIS_313-8978",95.36667,5.05,"rice",15819,1.5819
"IRIS_313-8998",97.56667,0.88333,"rice",21078,2.1078
"IRIS_313-9005",119.02583,-2.69056,"rice",17538,1.7538
"IRIS_313-9054",96.62972,4.02694,"rice",18958,1.8958
"IRIS_313-9097",95.33333,5.5,"rice",11600,1.16
"IRIS_313-9098",96.25,4.08333,"rice",20826,2.0826
"IRIS_313-9117",115.90472,-3.1225,"rice",16370,1.637
"IRIS_313-9129",119.02583,-2.69056,"rice",17538,1.7538
"IRIS_313-9188",97.76667,1.11667,"rice",22042,2.2042
"IRIS_313-9208",100.44778,-1.22333,"rice",22599,2.2599
"IRIS_313-9239",115.3525,-2.63111,"rice",17091,1.7091
"IRIS_313-9242",113.29028,-1.37556,"rice",20566,2.0566
"IRIS_313-9251",109.89389,0.86361,"rice",23187,2.3187
"IRIS_313-9273",119.02583,-2.69056,"rice",17538,1.7538
"IRIS_313-9301",118.54083,-8.48306,"rice",8494,0.8494
"IRIS_313-9310",96.25,4.08333,"rice",20826,2.0826
"IRIS_313-9314",124.83306,1.24972,"rice",16674,1.6674
"IRIS_313-9320",119.02583,-2.69056,"rice",17538,1.7538
"IRIS_313-9405",115.07167,-8.455,"rice",13436,1.3436
"IRIS_313-9470",97.6,1.25,"rice",22198,2.2198
"IRIS_313-9590",110.6,-7.53333,"rice",15357,1.5357
"IRIS_313-9691",97.75,0.56667,"rice",21022,2.1022
"IRGC_12731",134.375278,34.783889,"rice",11962,1.1962
"IRGC_14779",134.375278,34.783889,"rice",11962,1.1962
"IRGC_40252",134.375278,34.783889,"rice",11962,1.1962
"IRGC_410",134.375278,34.783889,"rice",11962,1.1962
"IRGC_8191",134.375278,34.783889,"rice",11962,1.1962
"IRGC_8257",134.375278,34.783889,"rice",11962,1.1962
"IRIS_313-10071",134.37528,34.78389,"rice",11962,1.1962
"IRIS_313-10073",134.37528,34.78389,"rice",11962,1.1962
"IRIS_313-10074",134.37528,34.78389,"rice",11962,1.1962
"IRIS_313-10075",134.37528,34.78389,"rice",11962,1.1962
"IRIS_313-10076",134.37528,34.78389,"rice",11962,1.1962
"IRIS_313-10077",134.37528,34.78389,"rice",11962,1.1962
"IRIS_313-10078",134.37528,34.78389,"rice",11962,1.1962
"IRIS_313-10079",134.37528,34.78389,"rice",11962,1.1962
"IRIS_313-10080",134.37528,34.78389,"rice",11962,1.1962
"IRIS_313-10082",134.37528,34.78389,"rice",11962,1.1962
"IRIS_313-10469",134.37528,34.78389,"rice",11962,1.1962
"IRIS_313-10569",134.37528,34.78389,"rice",11962,1.1962
"IRIS_313-10642",134.37528,34.78389,"rice",11962,1.1962
"IRIS_313-11725",134.37528,34.78389,"rice",11962,1.1962
"IRIS_313-8755",134.37528,34.78389,"rice",11962,1.1962
"IRIS_313-9002",134.37528,34.78389,"rice",11962,1.1962
"IRIS_313-9081",134.37528,34.78389,"rice",11962,1.1962
"IRIS_313-9800",134.37528,34.78389,"rice",11962,1.1962
"IRIS_313-9884",134.37528,34.78389,"rice",11962,1.1962
"IRIS_313-10651",102.61389,17.96278,"rice",10375,1.0375
"IRIS_313-10652",102.61389,17.96278,"rice",10375,1.0375
"IRIS_313-10653",101.525,19.39056,"rice",7704,0.7704
"IRIS_313-10654",102.61389,17.96278,"rice",10375,1.0375
"IRIS_313-10655",105.77972,15.60694,"rice",9382,0.9382
"IRIS_313-10656",105.77972,15.60694,"rice",9382,0.9382
"IRIS_313-10657",102.655,18.0375,"rice",10796,1.0796
"IRIS_313-10659",105.75028,16.50056,"rice",9838,0.9838
"IRIS_313-10660",105.75028,16.50056,"rice",9838,0.9838
"IRIS_313-10679",100.41694,20.2775,"rice",10658,1.0658
"IRIS_313-10680",100.67833,20.34639,"rice",10427,1.0427
"IRIS_313-10681",104.93306,17.02333,"rice",10804,1.0804
"IRIS_313-10682",105.29528,16.14611,"rice",8129,0.8129
"IRIS_313-10683",105.26667,16.26667,"rice",7981,0.7981
"IRIS_313-10921",102.1075,19.86361,"rice",8758,0.8758
"IRIS_313-11071",102.17278,18.59222,"rice",13187,1.3187
"IRIS_313-11072",103.86139,18.28028,"rice",17607,1.7607
"IRIS_313-11073",103.35889,19.26417,"rice",10273,1.0273
"IRIS_313-11074",102.61389,17.96278,"rice",10375,1.0375
"IRIS_313-11075",102.61389,17.96278,"rice",10375,1.0375
"IRIS_313-11076",105.21889,17.63833,"rice",15661,1.5661
"IRIS_313-11077",103.86139,18.28028,"rice",17607,1.7607
"IRIS_313-11078",102.60056,18.32583,"rice",13348,1.3348
"IRIS_313-11079",103.86139,18.28028,"rice",17607,1.7607
"IRIS_313-11080",102.13333,19.88333,"rice",8854,0.8854
"IRIS_313-11081",103.86139,18.28028,"rice",17607,1.7607
"IRIS_313-11082",103.86139,18.28028,"rice",17607,1.7607
"IRIS_313-11083",105.75028,16.50056,"rice",9838,0.9838
"IRIS_313-11085",106.40306,16.42139,"rice",10470,1.047
"IRIS_313-11086",102.61389,17.96278,"rice",10375,1.0375
"IRIS_313-11090",102.61389,17.96278,"rice",10375,1.0375
"IRIS_313-11091",105.75028,16.50056,"rice",9838,0.9838
"IRIS_313-11092",102.17278,18.59222,"rice",13187,1.3187
"IRIS_313-11093",103.73333,18.55,"rice",20227,2.0227
"IRIS_313-11094",105.20417,16.46333,"rice",7907,0.7907
"IRIS_313-11095",105.75028,16.50056,"rice",9838,0.9838
"IRIS_313-11991",101.88889,20.49194,"rice",10243,1.0243
"IRIS_313-11992",101.94667,20.61167,"rice",10458,1.0458
"IRIS_313-12028",101.88889,20.49194,"rice",10243,1.0243
"IRIS_313-12029",102.13333,19.88333,"rice",8854,0.8854
"IRIS_313-12049",104.90556,16.49667,"rice",8244,0.8244
"IRIS_313-12071",103.86139,18.28028,"rice",17607,1.7607
"IRIS_313-12076",104.15111,20.81667,"rice",10128,1.0128
"IRIS_313-12077",103.35889,19.26417,"rice",10273,1.0273
"IRIS_313-12121",106.95417,14.74556,"rice",12882,1.2882
"IRIS_313-12127",105.25833,16.38306,"rice",8090,0.809
"IRIS_313-12128",105.25833,16.38306,"rice",8090,0.809
"IRIS_313-12129",105.08056,17.79083,"rice",15672,1.5672
"IRIS_313-12130",105.785,15.12028,"rice",11125,1.1125
"IRIS_313-12131",105.03528,16.67,"rice",9238,0.9238
"IRIS_313-12133",105.92139,15.90056,"rice",10662,1.0662
"IRIS_313-12134",106.95417,14.74556,"rice",12882,1.2882
"IRIS_313-12190",101.83,21.49333,"rice",11808,1.1808
"IRIS_313-12193",105.08056,17.79083,"rice",15672,1.5672
"IRIS_313-12194",106.95417,14.74556,"rice",12882,1.2882
"IRIS_313-12207",101.83,21.49333,"rice",11808,1.1808
"IRIS_313-12220",105,17,"rice",11105,1.1105
"IRIS_313-12221",105,17,"rice",11105,1.1105
"IRIS_313-12222",105.25833,16.38306,"rice",8090,0.809
"IRIS_313-12224",105,17,"rice",11105,1.1105
"IRIS_313-12225",105.92139,15.90056,"rice",10662,1.0662
"IRIS_313-12226",101.94667,20.61167,"rice",10458,1.0458
"IRIS_313-12227",105.25833,16.38306,"rice",8090,0.809
"IRIS_313-12228",101.88333,19.5,"rice",8733,0.8733
"IRIS_313-12229",101.94667,20.61167,"rice",10458,1.0458
"IRIS_313-12231",105,17,"rice",11105,1.1105
"IRIS_313-12242",102.80667,18.95333,"rice",15822,1.5822
"IRIS_313-12252",106.56194,15.98833,"rice",13548,1.3548
"IRIS_313-12254",101.08472,20.68972,"rice",10878,1.0878
"IRIS_313-12257",102.64444,20.53472,"rice",11212,1.1212
"IRIS_313-12258",101.83,21.49333,"rice",11808,1.1808
"IRIS_313-12259",106.07972,14.79083,"rice",13133,1.3133
"IRIS_313-12260",105.92139,15.90056,"rice",10662,1.0662
"IRIS_313-12261",102.59528,18.03417,"rice",10520,1.052
"IRIS_313-12262",102.64444,20.53472,"rice",11212,1.1212
"IRIS_313-12263",105.99306,15.50972,"rice",9902,0.9902
"IRIS_313-12265",101.08472,20.68972,"rice",10878,1.0878
"IRIS_313-12297",100.53333,19.76361,"rice",8953,0.8953
"IRIS_313-12299",105.01472,16.99361,"rice",11123,1.1123
"IRIS_313-12300",102.95889,20.22333,"rice",10449,1.0449
"IRIS_313-12301",102.80667,18.95333,"rice",15822,1.5822
"IRIS_313-12302",102,20,"rice",9202,0.9202
"IRIS_313-12303",102.13306,19.88306,"rice",8854,0.8854
"IRIS_313-12305",105.375,16.38778,"rice",8413,0.8413
"IRIS_313-12307",102.38389,20.55,"rice",10782,1.0782
"IRIS_313-12308",105.92139,15.90083,"rice",10662,1.0662
"IRIS_313-12309",105.34417,16.80944,"rice",10548,1.0548
"IRIS_313-12311",101.83,21.49333,"rice",11808,1.1808
"IRIS_313-12312",101.15917,19.91944,"rice",8900,0.89
"IRIS_313-12313",100.53333,19.76361,"rice",8953,0.8953
"IRIS_313-12321",106.50611,15.44028,"rice",11363,1.1363
"IRIS_313-12329",101.20472,17.75444,"rice",7783,0.7783
"IRIS_313-12332",101.41278,20.50389,"rice",10468,1.0468
"IRIS_313-12334",101.69028,19.31944,"rice",7665,0.7665
"IRIS_313-12336",101.72083,20.94972,"rice",11141,1.1141
"IRIS_313-12337",101.98111,20.45111,"rice",10122,1.0122
"IRIS_313-12341",101.98722,20.315,"rice",9713,0.9713
"IRIS_313-12342",101.55972,20.22889,"rice",9264,0.9264
"IRIS_313-12344",102.00611,20.33861,"rice",9817,0.9817
"IRIS_313-12346",100.535,19.68056,"rice",8610,0.861
"IRIS_313-12347",103.79528,19.6,"rice",8849,0.8849
"IRIS_313-12348",101.39361,21.08417,"rice",11689,1.1689
"IRIS_313-12349",101.75889,20.90944,"rice",11139,1.1139
"IRIS_313-12350",101.46722,20.65472,"rice",10776,1.0776
"IRIS_313-12352",102.425,19.96556,"rice",10432,1.0432
"IRIS_313-12353",103.35722,20.09361,"rice",10975,1.0975
"IRIS_313-12354",100.65194,20.78472,"rice",10987,1.0987
"IRIS_313-12355",100.49583,20.81222,"rice",10943,1.0943
"IRIS_313-8638",102.61389,17.96278,"rice",10375,1.0375
"IRIS_313-9198",102.17278,18.59222,"rice",13187,1.3187
"IRGC_31",109.6425,2.030278,"rice",25454,2.5454
"IRGC_44076",114.285833,2.475833,"rice",26979,2.6979
"IRGC_71494",116.31667,5.63333,"rice",12298,1.2298
"IRGC_71524",116.35,5.75,"rice",15584,1.5584
"IRGC_71528",117.96667,5.96667,"rice",16964,1.6964
"IRGC_71589",115.43333,5.38333,"rice",20994,2.0994
"IRGC_71598",116.36667,6.11667,"rice",14376,1.4376
"IRIS_313-10428",109.6425,2.03028,"rice",25454,2.5454
"IRIS_313-10684",116.23333,6.2,"rice",16199,1.6199
"IRIS_313-10687",129.88333,-2.93861,"rice",21377,2.1377
"IRIS_313-10688",109.6425,2.03028,"rice",25454,2.5454
"IRIS_313-10694",109.6425,2.03028,"rice",25454,2.5454
"IRIS_313-10695",109.6425,2.03028,"rice",25454,2.5454
"IRIS_313-10697",109.6425,2.03028,"rice",25454,2.5454
"IRIS_313-10698",109.6425,2.03028,"rice",25454,2.5454
"IRIS_313-10699",109.6425,2.03028,"rice",25454,2.5454
"IRIS_313-10700",109.6425,2.03028,"rice",25454,2.5454
"IRIS_313-10701",109.6425,2.03028,"rice",25454,2.5454
"IRIS_313-10702",109.6425,2.03028,"rice",25454,2.5454
"IRIS_313-10703",109.6425,2.03028,"rice",25454,2.5454
"IRIS_313-10704",116.45,5.08333,"rice",13805,1.3805
"IRIS_313-10705",109.6425,2.03028,"rice",25454,2.5454
"IRIS_313-10706",109.6425,2.03028,"rice",25454,2.5454
"IRIS_313-10707",109.6425,2.03028,"rice",25454,2.5454
"IRIS_313-11328",113.64528,1.77389,"rice",28885,2.8885
"IRIS_313-11329",114.28583,2.47583,"rice",26979,2.6979
"IRIS_313-11848",115.67222,4.64806,"rice",17441,1.7441
"IRIS_313-11849",109.6425,2.03028,"rice",25454,2.5454
"IRIS_313-11850",109.6425,2.03028,"rice",25454,2.5454
"IRIS_313-12005",109.6425,2.03028,"rice",25454,2.5454
"IRIS_313-12006",109.6425,2.03028,"rice",25454,2.5454
"IRIS_313-12030",109.6425,2.03028,"rice",25454,2.5454
"IRIS_313-12070",116.83333,5,"rice",15464,1.5464
"IRIS_313-12108",113.00083,2.55722,"rice",25083,2.5083
"IRIS_313-12135",113.00083,2.55722,"rice",25083,2.5083
"IRIS_313-12285",109.6425,2.03028,"rice",25454,2.5454
"IRIS_313-8279",116.46667,6,"rice",14926,1.4926
"IRIS_313-8312",115.7,5.28333,"rice",21871,2.1871
"IRIS_313-8316",109.6425,2.03028,"rice",25454,2.5454
"IRIS_313-8407",109.6425,2.03028,"rice",25454,2.5454
"IRIS_313-8439",109.6425,2.03028,"rice",25454,2.5454
"IRIS_313-8468",109.6425,2.03028,"rice",25454,2.5454
"IRIS_313-8492",115.56667,5.53333,"rice",20468,2.0468
"IRIS_313-8557",109.6425,2.03028,"rice",25454,2.5454
"IRIS_313-8591",109.6425,2.03028,"rice",25454,2.5454
"IRIS_313-8626",114.28583,2.47583,"rice",26979,2.6979
"IRIS_313-8723",109.6425,2.03028,"rice",25454,2.5454
"IRIS_313-8781",109.6425,2.03028,"rice",25454,2.5454
"IRIS_313-8811",115.95,5.71667,"rice",15599,1.5599
"IRIS_313-8883",116.26667,5.51667,"rice",12314,1.2314
"IRIS_313-8894",115.41667,5.38333,"rice",20880,2.088
"IRIS_313-8987",116.1,5,"rice",12254,1.2254
"IRIS_313-9050",116.05,5.1,"rice",12825,1.2825
"IRIS_313-9070",109.6425,2.03028,"rice",25454,2.5454
"IRIS_313-9101",116.08333,5.06667,"rice",12032,1.2032
"IRIS_313-9102",117.43333,5.81667,"rice",19982,1.9982
"IRIS_313-9187",116.23333,5.51667,"rice",12533,1.2533
"IRIS_313-9210",109.6425,2.03028,"rice",25454,2.5454
"IRIS_313-9375",117.11667,5.61667,"rice",17517,1.7517
"IRIS_313-9558",116.08333,5.21667,"rice",11125,1.1125
"IRIS_313-9582",113.00083,2.55722,"rice",25083,2.5083
"IRIS_313-9694",115.88333,4.93333,"rice",13662,1.3662
"IRIS_313-9699",109.6425,2.03028,"rice",25454,2.5454
"IRGC_33130",96.683056,18.683611,"rice",14246,1.4246
"IRGC_33888",96.683056,18.683611,"rice",14246,1.4246
"IRIS_313-11195",96.68306,18.68361,"rice",14246,1.4246
"IRIS_313-11405",96.68306,18.68361,"rice",14246,1.4246
"IRIS_313-11541",97.66583,17.35694,"rice",11987,1.1987
"IRIS_313-11542",98.66694,21.7225,"rice",8494,0.8494
"IRIS_313-11543",96.58472,17.62,"rice",20823,2.0823
"IRIS_313-11544",98.66694,21.7225,"rice",8494,0.8494
"IRIS_313-11545",95.52333,24.48778,"rice",12233,1.2233
"IRIS_313-11546",95.52333,24.48778,"rice",12233,1.2233
"IRIS_313-11547",98.66694,21.7225,"rice",8494,0.8494
"IRIS_313-11548",95.52333,24.48778,"rice",12233,1.2233
"IRIS_313-11549",95.52333,24.48778,"rice",12233,1.2233
"IRIS_313-11816",96.68306,18.68361,"rice",14246,1.4246
"IRIS_313-11817",96.68306,18.68361,"rice",14246,1.4246
"IRIS_313-11818",96.68306,18.68361,"rice",14246,1.4246
"IRIS_313-11819",96.68306,18.68361,"rice",14246,1.4246
"IRIS_313-11820",96.68306,18.68361,"rice",14246,1.4246
"IRIS_313-11993",95.16667,16.5,"rice",15074,1.5074
"IRIS_313-12050",96.63333,20.6,"rice",9851,0.9851
"IRIS_313-12074",95.16667,16.5,"rice",15074,1.5074
"IRIS_313-12266",96.88472,22.59722,"rice",12754,1.2754
"IRIS_313-12268",96.64278,26.36972,"rice",24309,2.4309
"IRIS_313-12269",92.41472,20.98389,"rice",30740,3.074
"IRIS_313-12270",96.64278,26.36972,"rice",24309,2.4309
"IRIS_313-12286",97,17,"rice",0,0
"IRIS_313-12287",97,17,"rice",0,0
"IRIS_313-12288",98.6075,12.42944,"rice",23094,2.3094
"IRIS_313-12289",97.36167,19.51083,"rice",7120,0.712
"IRIS_313-12290",97.1,25.30528,"rice",14581,1.4581
"IRIS_313-12291",94.21222,22.26139,"rice",7490,0.749
"IRIS_313-12292",98.6075,12.42944,"rice",23094,2.3094
"IRIS_313-12296",98.43417,13.66278,"rice",25613,2.5613
"IRIS_313-8659",95.52333,24.48778,"rice",12233,1.2233
"IRIS_313-8751",96.03333,17,"rice",14791,1.4791
"IRIS_313-8793",98.66694,21.7225,"rice",8494,0.8494
"IRIS_313-9182",96.68306,18.68361,"rice",14246,1.4246
"IRGC_61953",84.1225,28.390833,"rice",10876,1.0876
"IRIS_313-10007",80.29889,28.84889,"rice",8354,0.8354
"IRIS_313-10924",84.1225,28.39083,"rice",10876,1.0876
"IRIS_313-10925",84.1225,28.39083,"rice",10876,1.0876
"IRIS_313-10926",84.1225,28.39083,"rice",10876,1.0876
"IRIS_313-10927",84.1225,28.39083,"rice",10876,1.0876
"IRIS_313-11561",84.73778,27.21167,"rice",9426,0.9426
"IRIS_313-11563",85.32694,26.9875,"rice",9950,0.995
"IRIS_313-11564",87.15056,26.63278,"rice",9670,0.967
"IRIS_313-11565",85.57417,26.96167,"rice",10105,1.0105
"IRIS_313-11566",87.91389,26.56722,"rice",14431,1.4431
"IRIS_313-11567",85.82778,26.86972,"rice",9119,0.9119
"IRIS_313-11568",85.44083,27.6575,"rice",11121,1.1121
"IRIS_313-11624",83.98333,28.23333,"rice",19190,1.919
"IRIS_313-11625",83.98333,28.23333,"rice",19190,1.919
"IRIS_313-11626",83.40972,28.37972,"rice",13054,1.3054
"IRIS_313-11627",83.48917,28.53833,"rice",9814,0.9814
"IRIS_313-11629",86.71583,27.13639,"rice",10185,1.0185
"IRIS_313-11630",84.455,28.27972,"rice",8801,0.8801
"IRIS_313-11632",83.86639,28.08306,"rice",15715,1.5715
"IRIS_313-11671",81.40972,28.36667,"rice",9283,0.9283
"IRIS_313-11672",81.89306,30.02,"rice",5692,0.5692
"IRIS_313-11943",84.1225,28.39083,"rice",10876,1.0876
"IRIS_313-11944",84.1225,28.39083,"rice",10876,1.0876
"IRIS_313-12093",84.1225,28.39083,"rice",10876,1.0876
"IRIS_313-12139",80.47722,29.20944,"rice",10039,1.0039
"IRIS_313-12180",82.09028,28.39972,"rice",12298,1.2298
"IRIS_313-12182",87.38417,26.99861,"rice",8446,0.8446
"IRIS_313-12183",81.50056,29.61361,"rice",7862,0.7862
"IRIS_313-7933",85.38111,27.67611,"rice",10731,1.0731
"IRIS_313-9698",127.43167,40.30167,"rice",11341,1.1341
"IRGC_27798",69.3625,30.395833,"rice",1361,0.1361
"IRGC_27819",69.3625,30.395833,"rice",1361,0.1361
"IRGC_27869",69.3625,30.395833,"rice",1361,0.1361
"IRGC_28134",69.3625,30.395833,"rice",1361,0.1361
"IRGC_38698",72.001667,35.203333,"rice",4153,0.4153
"IRGC_67019",74.509167,31.829722,"rice",3338,0.3338
"IRGC_73118",67.93333,30.1,"rice",1413,0.1413
"IRGC_73124",68.2,28.26667,"rice",344,0.0344
"IRGC_73126",68.2,28.26667,"rice",344,0.0344
"IRIS_313-11020",69.3625,30.39583,"rice",1361,0.1361
"IRIS_313-11021",69.3625,30.39583,"rice",1361,0.1361
"IRIS_313-11022",69.3625,30.39583,"rice",1361,0.1361
"IRIS_313-11023",69.3625,30.39583,"rice",1361,0.1361
"IRIS_313-11024",69.3625,30.39583,"rice",1361,0.1361
"IRIS_313-11025",69.3625,30.39583,"rice",1361,0.1361
"IRIS_313-11026",69.3625,30.39583,"rice",1361,0.1361
"IRIS_313-11027",69.3625,30.39583,"rice",1361,0.1361
"IRIS_313-11028",68.52444,25.89417,"rice",610,0.061
"IRIS_313-11029",69.3625,30.39583,"rice",1361,0.1361
"IRIS_313-11030",69.3625,30.39583,"rice",1361,0.1361
"IRIS_313-11031",69.3625,30.39583,"rice",1361,0.1361
"IRIS_313-11032",69.3625,30.39583,"rice",1361,0.1361
"IRIS_313-11033",68.58694,25.06694,"rice",715,0.0715
"IRIS_313-11034",69.3625,30.39583,"rice",1361,0.1361
"IRIS_313-11035",68.58694,25.06694,"rice",715,0.0715
"IRIS_313-11036",69.3625,30.39583,"rice",1361,0.1361
"IRIS_313-11037",69.3625,30.39583,"rice",1361,0.1361
"IRIS_313-11829",71.8425,34.82611,"rice",4070,0.407
"IRIS_313-11888",67.16667,28.11667,"rice",686,0.0686
"IRIS_313-11889",63.48333,26.01667,"rice",702,0.0702
"IRIS_313-8390",69.3625,30.39583,"rice",1361,0.1361
"IRIS_313-8398",69.3625,30.39583,"rice",1361,0.1361
"IRIS_313-9283",68.2,28.26667,"rice",344,0.0344
"IRIS_313-9449",67.21667,28.3,"rice",583,0.0583
"IRIS_313-9601",66.33333,26.36667,"rice",894,0.0894
"IRIS_313-9695",67.93333,30.1,"rice",1413,0.1413
"IRGC_121705",121.047222,13.111389,"rice",19334,1.9334
"IRGC_23364",121.180833,14.065,"rice",13783,1.3783
"IRGC_26872",125.083056,7.916667,"rice",17394,1.7394
"IRGC_328",118.392778,9.446111,"rice",11337,1.1337
"IRGC_3849",121.047222,13.111389,"rice",19334,1.9334
"IRGC_4020",121.047222,13.111389,"rice",19334,1.9334
"IRGC_44455",121.510556,16.933333,"rice",12404,1.2404
"IRGC_44513",121.243056,12.862778,"rice",21494,2.1494
"IRGC_44600",120.514167,18.078611,"rice",12137,1.2137
"IRGC_5423",121.04722,13.11139,"rice",19334,1.9334
"IRGC_55418",121.273333,17.203056,"rice",25676,2.5676
"IRGC_67428",121.16667,13.83333,"rice",12761,1.2761
"IRGC_67429",120.83333,14.33333,"rice",13503,1.3503
"IRGC_67431",121.16667,13.83333,"rice",12761,1.2761
"IRGC_74606",121.08333,13.91667,"rice",15263,1.5263
"IRGC_8182",121.047222,13.111389,"rice",19334,1.9334
"IRGC_8244",121.047222,13.111389,"rice",19334,1.9334
"IRGC_8245",121.047222,13.111389,"rice",19334,1.9334
"IRGC_9804",121.047222,13.111389,"rice",19334,1.9334
"IRIS_313-10433",121.04722,13.11139,"rice",19334,1.9334
"IRIS_313-10489",121.04722,13.11139,"rice",19334,1.9334
"IRIS_313-10510",121.04722,13.11139,"rice",19334,1.9334
"IRIS_313-10511",121.04722,13.11139,"rice",19334,1.9334
"IRIS_313-10514",121.04722,13.11139,"rice",19334,1.9334
"IRIS_313-10577",120.965,17.06361,"rice",21222,2.1222
"IRIS_313-10578",121.24306,12.86278,"rice",21494,2.1494
"IRIS_313-10580",121.24306,12.86278,"rice",21494,2.1494
"IRIS_313-10581",122.15,6.55,"rice",14451,1.4451
"IRIS_313-10582",120.93056,17.11389,"rice",22219,2.2219
"IRIS_313-10644",121.11306,16.25944,"rice",11381,1.1381
"IRIS_313-10645",121.11306,16.25944,"rice",11381,1.1381
"IRIS_313-10827",118.39139,9.58639,"rice",11044,1.1044
"IRIS_313-10828",118.39278,9.44611,"rice",11337,1.1337
"IRIS_313-10829",118.39278,9.44611,"rice",11337,1.1337
"IRIS_313-10830",118.71667,9.91667,"rice",10218,1.0218
"IRIS_313-10831",118.39278,9.44611,"rice",11337,1.1337
"IRIS_313-10832",118.39278,9.44611,"rice",11337,1.1337
"IRIS_313-10917",120.75,17.2,"rice",17488,1.7488
"IRIS_313-10918",120.75,17.2,"rice",17488,1.7488
"IRIS_313-10919",120.75,17.2,"rice",17488,1.7488
"IRIS_313-10920",120.75,17.2,"rice",17488,1.7488
"IRIS_313-10931",120.63083,16.505,"rice",15230,1.523
"IRIS_313-10990",121.96972,6.67111,"rice",13361,1.3361
"IRIS_313-10991",122.54889,10.71833,"rice",14321,1.4321
"IRIS_313-10992",123.27528,13.69528,"rice",19026,1.9026
"IRIS_313-10993",121.30056,17.13028,"rice",20913,2.0913
"IRIS_313-10994",121.30056,17.13028,"rice",20913,2.0913
"IRIS_313-11097",123.8525,9.65083,"rice",8198,0.8198
"IRIS_313-11196",120.1425,15.99056,"rice",14493,1.4493
"IRIS_313-11234",121,15.58306,"rice",10933,1.0933
"IRIS_313-11330",120.74333,17.95111,"rice",15600,1.56
"IRIS_313-11331",120.69472,18.1775,"rice",12403,1.2403
"IRIS_313-11334",120.69472,18.1775,"rice",12403,1.2403
"IRIS_313-11335",120.42278,16.52139,"rice",11937,1.1937
"IRIS_313-11336",121.10806,12.35389,"rice",0,0
"IRIS_313-11337",123.38972,8.47639,"rice",15834,1.5834
"IRIS_313-11338",123.48778,8.6175,"rice",14963,1.4963
"IRIS_313-11339",121.04722,13.11139,"rice",19334,1.9334
"IRIS_313-11340",120.39278,17.635,"rice",13438,1.3438
"IRIS_313-11341",120.69472,18.1775,"rice",12403,1.2403
"IRIS_313-11342",121.00778,17.14833,"rice",22489,2.2489
"IRIS_313-11343",120.65972,17.98,"rice",13692,1.3692
"IRIS_313-11344",120.44167,15.99056,"rice",12502,1.2502
"IRIS_313-11345",120.69472,18.1775,"rice",12403,1.2403
"IRIS_313-11346",121.56639,15.73417,"rice",16941,1.6941
"IRIS_313-11347",120.39389,17.56222,"rice",13900,1.39
"IRIS_313-11377",120.79472,17.5675,"rice",17171,1.7171
"IRIS_313-11379",123.03611,10.6625,"rice",16443,1.6443
"IRIS_313-11380",125.14139,11.41444,"rice",22857,2.2857
"IRIS_313-11381",121.25806,16.8775,"rice",17534,1.7534
"IRIS_313-11424",121.25,17.75,"rice",15735,1.5735
"IRIS_313-11441",124.46389,11.34944,"rice",15122,1.5122
"IRIS_313-11463",122.31083,11.62667,"rice",19750,1.975
"IRIS_313-11464",125.80111,8.585,"rice",24350,2.435
"IRIS_313-11465",123.27528,13.69528,"rice",19026,1.9026
"IRIS_313-11467",125.08306,7.91667,"rice",17394,1.7394
"IRIS_313-11471",120.47083,16.9575,"rice",13322,1.3322
"IRIS_313-11472",120.825,16.57861,"rice",16439,1.6439
"IRIS_313-11473",120.71194,16.81139,"rice",16706,1.6706
"IRIS_313-11485",121.15,16.48306,"rice",10950,1.095
"IRIS_313-11511",121.16833,17.06417,"rice",27369,2.7369
"IRIS_313-11512",121.27333,17.20306,"rice",25676,2.5676
"IRIS_313-11532",125.08306,7.91667,"rice",17394,1.7394
"IRIS_313-11673",118.39139,9.58639,"rice",11044,1.1044
"IRIS_313-11736",120.75,14.25,"rice",14089,1.4089
"IRIS_313-11788",121.44639,18.43,"rice",14834,1.4834
"IRIS_313-11851",121.09639,16.77056,"rice",16910,1.691
"IRIS_313-11913",124.945,7.10861,"rice",13373,1.3373
"IRIS_313-11928",118.39278,9.44611,"rice",11337,1.1337
"IRIS_313-11929",118.39278,9.44611,"rice",11337,1.1337
"IRIS_313-11934",122.62778,11.38889,"rice",15326,1.5326
"IRIS_313-11959",123.70861,12.02,"rice",14263,1.4263
"IRIS_313-11994",121.34694,12.32556,"rice",19134,1.9134
"IRIS_313-11995",121.34694,12.32556,"rice",19134,1.9134
"IRIS_313-11996",121.85583,18.83194,"rice",20697,2.0697
"IRIS_313-12051",121.04722,13.11139,"rice",19334,1.9334
"IRIS_313-12066",121.04722,13.11139,"rice",19334,1.9334
"IRIS_313-12067",121.04722,13.11139,"rice",19334,1.9334
"IRIS_313-12073",121.34694,12.32556,"rice",19134,1.9134
"IRIS_313-12080",121.04722,13.11139,"rice",19334,1.9334
"IRIS_313-12081",121.04722,13.11139,"rice",19334,1.9334
"IRIS_313-12244",120.77056,13.02944,"rice",14651,1.4651
"IRIS_313-12271",118.28389,9.28778,"rice",10746,1.0746
"IRIS_313-12272",118.28972,9.46917,"rice",11202,1.1202
"IRIS_313-8292",121.04722,13.11139,"rice",19334,1.9334
"IRIS_313-8356",121.43,18.05222,"rice",13252,1.3252
"IRIS_313-8383",121.04722,13.11139,"rice",19334,1.9334
"IRIS_313-8431",121.25,17.75,"rice",15735,1.5735
"IRIS_313-8567",120.21667,15.96667,"rice",13828,1.3828
"IRIS_313-8594",121.08333,13.91667,"rice",15263,1.5263
"IRIS_313-8948",120.49028,16.67667,"rice",13903,1.3903
"IRIS_313-9389",121.08333,14,"rice",12212,1.2212
"IRIS_313-9423",120.83333,14.33333,"rice",13503,1.3503
"IRIS_313-9505",121.04722,13.11139,"rice",19334,1.9334
"IRIS_313-9616",120.75,14.25,"rice",14089,1.4089
"IRIS_313-9897",118.61889,9.96167,"rice",0,0
"IRIS_313-9928",121.23556,16.97361,"rice",22577,2.2577
"IRIS_313-9929",121.40556,17.69722,"rice",12027,1.2027
"IRGC_117276",127.335556,35.859167,"rice",11970,1.197
"IRIS_313-10065",127.33556,35.85917,"rice",11970,1.197
"IRIS_313-10067",127.33556,35.85917,"rice",11970,1.197
"IRIS_313-10092",128.78333,35.3,"rice",11339,1.1339
"IRIS_313-10093",128.53778,35.20944,"rice",13618,1.3618
"IRIS_313-10094",128.68333,35.16667,"rice",12641,1.2641
"IRIS_313-10096",128.41667,36.16667,"rice",9765,0.9765
"IRIS_313-10097",128.53778,35.20944,"rice",13618,1.3618
"IRIS_313-10124",126.3,37.75,"rice",11140,1.114
"IRIS_313-10837",127.33556,35.85917,"rice",11970,1.197
"IRIS_313-10838",127.33556,35.85917,"rice",11970,1.197
"IRIS_313-10839",127.33556,35.85917,"rice",11970,1.197
"IRIS_313-10840",127.33556,35.85917,"rice",11970,1.197
"IRIS_313-11973",128.86667,35.66667,"rice",10363,1.0363
"IRIS_313-12217",127.33556,35.85917,"rice",11970,1.197
"IRIS_313-9379",127.33556,35.85917,"rice",11970,1.197
"IRIS_313-9886",127.33556,35.85917,"rice",11970,1.197
"IRIS_313-9887",127.33556,35.85917,"rice",11970,1.197
"IRIS_313-9890",127.33556,35.85917,"rice",11970,1.197
"IRIS_313-9891",127.33556,35.85917,"rice",11970,1.197
"IRIS_313-9974",127.33556,35.85917,"rice",11970,1.197
"IRIS_313-9976",127.33556,35.85917,"rice",11970,1.197
"IRGC_47383",81,7.93333,"rice",8285,0.8285
"IRGC_51064",80.478333,8.836111,"rice",7161,0.7161
"IRGC_8952",80.031944,6.846389,"rice",18236,1.8236
"IRIS_313-10020",80.13389,6.57472,"rice",22365,2.2365
"IRIS_313-10298",80.7,7.87694,"rice",8304,0.8304
"IRIS_313-10609",80.21667,6.05,"rice",15594,1.5594
"IRIS_313-10610",81.01083,6.83194,"rice",11655,1.1655
"IRIS_313-10661",81.03333,6.98306,"rice",11450,1.145
"IRIS_313-10662",79.96667,6.58306,"rice",16398,1.6398
"IRIS_313-10715",80.21667,6.05,"rice",15594,1.5594
"IRIS_313-10716",80.03194,6.84639,"rice",18236,1.8236
"IRIS_313-10717",80.06417,9.65472,"rice",6049,0.6049
"IRIS_313-10718",81.7,7.7,"rice",8139,0.8139
"IRIS_313-10719",81.7,7.7,"rice",8139,0.8139
"IRIS_313-10720",80.41667,8.31667,"rice",6776,0.6776
"IRIS_313-10721",80.41667,8.31667,"rice",6776,0.6776
"IRIS_313-10722",80.38333,6.7,"rice",21400,2.14
"IRIS_313-11110",79.96667,6.58306,"rice",16398,1.6398
"IRIS_313-11191",80.21667,6.05,"rice",15594,1.5594
"IRIS_313-11382",80.63306,7.28306,"rice",13832,1.3832
"IRIS_313-11741",80.11639,6.61639,"rice",21491,2.1491
"IRIS_313-11916",80.04472,6.38528,"rice",17883,1.7883
"IRIS_313-8244",81.01083,6.83194,"rice",11655,1.1655
"IRIS_313-8342",80.63194,6.05889,"rice",11970,1.197
"IRIS_313-8699",80.43333,8.55,"rice",6834,0.6834
"IRIS_313-8783",80.53306,5.95,"rice",11894,1.1894
"IRIS_313-8925",80.38333,6.7,"rice",21400,2.14
"IRIS_313-8968",81,7.93333,"rice",8285,0.8285
"IRIS_313-9039",81.50028,7.14889,"rice",9463,0.9463
"IRIS_313-9256",79.96667,6.58306,"rice",16398,1.6398
"IRIS_313-9636",79.96667,6.58306,"rice",16398,1.6398
"IRIS_313-9809",80.06417,9.65472,"rice",6049,0.6049
"IRIS_313-9831",80.03194,6.84639,"rice",18236,1.8236
"IRIS_313-9832",81.7,7.7,"rice",8139,0.8139
"IRIS_313-9861",80.06417,9.65472,"rice",6049,0.6049
"IRIS_313-9862",80.06417,9.65472,"rice",6049,0.6049
"IRIS_313-9867",80.63306,7.28306,"rice",13832,1.3832
"IRIS_313-9917",80.7,7.87694,"rice",8304,0.8304
"IRIS_313-9949",81.02278,6.86417,"rice",11494,1.1494
"IRIS_313-9968",80.56917,9.20833,"rice",7208,0.7208
"IRIS_313-9969",81.07889,8.56833,"rice",7193,0.7193
"IRIS_313-9970",81.07889,8.56833,"rice",7193,0.7193
"IRGC_10430",120.653889,23.6,"rice",18808,1.8808
"IRGC_117279",120.653889,23.6,"rice",18808,1.8808
"IRGC_42576",120.653889,23.6,"rice",18808,1.8808
"IRGC_5508",120.653889,23.6,"rice",18808,1.8808
"IRGC_65293",120.653889,23.6,"rice",18808,1.8808
"IRGC_8196",120.653889,23.6,"rice",18808,1.8808
"IRGC_8238",120.653889,23.6,"rice",18808,1.8808
"IRGC_8242",120.653889,23.6,"rice",18808,1.8808
"IRGC_8267",120.653889,23.6,"rice",18808,1.8808
"IRGC_8268",120.653889,23.6,"rice",18808,1.8808
"IRGC_8269",120.653889,23.6,"rice",18808,1.8808
"IRIS_313-10429",120.65389,23.6,"rice",18808,1.8808
"IRIS_313-10515",120.65389,23.6,"rice",18808,1.8808
"IRIS_313-10631",120.65389,23.6,"rice",18808,1.8808
"IRIS_313-11692",120.65389,23.6,"rice",18808,1.8808
"IRIS_313-11693",120.65389,23.6,"rice",18808,1.8808
"IRIS_313-11694",120.65389,23.6,"rice",18808,1.8808
"IRIS_313-11695",120.65389,23.6,"rice",18808,1.8808
"IRIS_313-11698",120.65389,23.6,"rice",18808,1.8808
"IRIS_313-11981",120.65389,23.6,"rice",18808,1.8808
"IRIS_313-8743",120.65389,23.6,"rice",18808,1.8808
"IRIS_313-9701",120.65389,23.6,"rice",18808,1.8808
"IRIS_313-9702",120.65389,23.6,"rice",18808,1.8808
"IRIS_313-9758",120.65389,23.6,"rice",18808,1.8808
"IRGC_24224",101.491944,13.039444,"rice",8085,0.8085
"IRGC_27716",99,18.78333,"rice",6220,0.622
"IRGC_27748",100.958056,13.533056,"rice",6813,0.6813
"IRGC_27762",101.491944,13.039444,"rice",8085,0.8085
"IRGC_30238",101.491944,13.039444,"rice",8085,0.8085
"IRGC_40673",100.347778,16.443889,"rice",6593,0.6593
"IRGC_78253",100.53333,14.36667,"rice",5610,0.561
"IRGC_78257",101.86667,12.86667,"rice",11271,1.1271
"IRGC_78267",100.96667,13.33333,"rice",6838,0.6838
"IRIS_313-10134",101.49194,13.03944,"rice",8085,0.8085
"IRIS_313-10176",98.66,18.79639,"rice",6490,0.649
"IRIS_313-10650",99.80278,7.51556,"rice",13048,1.3048
"IRIS_313-10757",101.49194,13.03944,"rice",8085,0.8085
"IRIS_313-10923",101.49194,13.03944,"rice",8085,0.8085
"IRIS_313-10928",101.49194,13.03944,"rice",8085,0.8085
"IRIS_313-11248",101.49194,13.03944,"rice",8085,0.8085
"IRIS_313-11327",103,16,"rice",5997,0.5997
"IRIS_313-11386",101.49194,13.03944,"rice",8085,0.8085
"IRIS_313-11387",101.49194,13.03944,"rice",8085,0.8085
"IRIS_313-11388",99.72306,18.74389,"rice",6782,0.6782
"IRIS_313-11389",100.27333,13.54694,"rice",6382,0.6382
"IRIS_313-11390",100.26028,16.82639,"rice",6944,0.6944
"IRIS_313-11391",99.82639,17.00556,"rice",6627,0.6627
"IRIS_313-11392",99.82639,17.00556,"rice",6627,0.6627
"IRIS_313-11393",100.26028,16.82639,"rice",6944,0.6944
"IRIS_313-11508",102.99,14.84722,"rice",6117,0.6117
"IRIS_313-11509",101.49194,13.03944,"rice",8085,0.8085
"IRIS_313-11530",101.49194,13.03944,"rice",8085,0.8085
"IRIS_313-11534",100.07278,7.61556,"rice",12341,1.2341
"IRIS_313-11535",100.06667,6.62306,"rice",12563,1.2563
"IRIS_313-11608",99.72306,8.5375,"rice",12654,1.2654
"IRIS_313-11609",101.49194,13.03944,"rice",8085,0.8085
"IRIS_313-11610",99.72306,8.5375,"rice",12654,1.2654
"IRIS_313-11611",99.10111,8.11917,"rice",11458,1.1458
"IRIS_313-11635",98.885,18.72361,"rice",5859,0.5859
"IRIS_313-11674",99.125,16.88389,"rice",7078,0.7078
"IRIS_313-11676",104.13944,15.80194,"rice",7131,0.7131
"IRIS_313-11677",105.855,15.22917,"rice",11107,1.1107
"IRIS_313-11678",102.62194,15.97167,"rice",5780,0.578
"IRIS_313-11679",100.34778,16.44389,"rice",6593,0.6593
"IRIS_313-11680",102.1,14.97194,"rice",5666,0.5666
"IRIS_313-11681",100.34778,16.44389,"rice",6593,0.6593
"IRIS_313-11682",102.62194,15.97167,"rice",5780,0.578
"IRIS_313-11683",99.82639,17.00556,"rice",6627,0.6627
"IRIS_313-11684",99.82639,17.00556,"rice",6627,0.6627
"IRIS_313-11685",105.855,15.22917,"rice",11107,1.1107
"IRIS_313-11686",101.49194,13.03944,"rice",8085,0.8085
"IRIS_313-11687",101.88889,16.01389,"rice",5621,0.5621
"IRIS_313-11688",101.3725,14.04778,"rice",8774,0.8774
"IRIS_313-11700",100.14056,18.145,"rice",6682,0.6682
"IRIS_313-11704",100.55917,14.34917,"rice",5742,0.5742
"IRIS_313-11705",100.14056,18.145,"rice",6682,0.6682
"IRIS_313-11706",100.52444,14.02056,"rice",6286,0.6286
"IRIS_313-11707",100.26028,16.82639,"rice",6944,0.6944
"IRIS_313-11708",101.27806,12.67556,"rice",8213,0.8213
"IRIS_313-11709",101.25194,13.20167,"rice",7104,0.7104
"IRIS_313-11710",100.26028,16.82639,"rice",6944,0.6944
"IRIS_313-11711",100.52722,7.105,"rice",10283,1.0283
"IRIS_313-11719",101.49194,13.03944,"rice",8085,0.8085
"IRIS_313-11720",101.49194,13.03944,"rice",8085,0.8085
"IRIS_313-11721",101.49194,13.03944,"rice",8085,0.8085
"IRIS_313-11831",101.49194,13.03944,"rice",8085,0.8085
"IRIS_313-11832",99.81417,13.52889,"rice",5736,0.5736
"IRIS_313-11833",101.28083,6.53972,"rice",11926,1.1926
"IRIS_313-11834",99.81417,13.52889,"rice",5736,0.5736
"IRIS_313-11835",103.6525,16.05306,"rice",7017,0.7017
"IRIS_313-11836",101.20167,14.21194,"rice",7888,0.7888
"IRIS_313-11837",101.61583,13.54889,"rice",8077,0.8077
"IRIS_313-11838",103.49,14.88,"rice",7017,0.7017
"IRIS_313-11839",102.1,14.97194,"rice",5666,0.5666
"IRIS_313-11840",101.28083,6.53972,"rice",11926,1.1926
"IRIS_313-11841",101.20167,14.21194,"rice",7888,0.7888
"IRIS_313-11842",101.82389,6.42889,"rice",13732,1.3732
"IRIS_313-11843",104.32167,15.12,"rice",7196,0.7196
"IRIS_313-11844",99.81417,13.52889,"rice",5736,0.5736
"IRIS_313-11845",100.03833,15.37306,"rice",5959,0.5959
"IRIS_313-11846",100.11806,14.47417,"rice",5744,0.5744
"IRIS_313-11897",101.49194,13.03944,"rice",8085,0.8085
"IRIS_313-11920",101.61583,13.54889,"rice",8077,0.8077
"IRIS_313-11921",101.3725,14.04778,"rice",8774,0.8774
"IRIS_313-11922",100.14056,18.145,"rice",6682,0.6682
"IRIS_313-11923",101.15583,16.43472,"rice",6290,0.629
"IRIS_313-11924",100.14056,18.145,"rice",6682,0.6682
"IRIS_313-11925",102.16278,12.79778,"rice",13664,1.3664
"IRIS_313-11926",100.78222,18.76778,"rice",7309,0.7309
"IRIS_313-11927",102.98944,17.42917,"rice",8033,0.8033
"IRIS_313-11957",101.49194,13.03944,"rice",8085,0.8085
"IRIS_313-11958",101.49194,13.03944,"rice",8085,0.8085
"IRIS_313-11961",104.78194,17.40806,"rice",12728,1.2728
"IRIS_313-11962",100.52444,14.02056,"rice",6286,0.6286
"IRIS_313-8466",99.96333,8.41833,"rice",12168,1.2168
"IRIS_313-8474",99.58333,19.15,"rice",6779,0.6779
"IRIS_313-8485",103,16,"rice",5997,0.5997
"IRIS_313-8565",98.8,18.96667,"rice",6792,0.6792
"IRIS_313-8580",101.49194,13.03944,"rice",8085,0.8085
"IRIS_313-8586",100.14056,18.145,"rice",6682,0.6682
"IRIS_313-8599",101.49194,13.03944,"rice",8085,0.8085
"IRIS_313-8674",99.82639,17.00556,"rice",6627,0.6627
"IRIS_313-8679",99.81417,13.52889,"rice",5736,0.5736
"IRIS_313-8702",101.3725,14.04778,"rice",8774,0.8774
"IRIS_313-8722",103.50694,16.4325,"rice",6725,0.6725
"IRIS_313-8732",101.49194,13.03944,"rice",8085,0.8085
"IRIS_313-8785",100.11806,14.47417,"rice",5744,0.5744
"IRIS_313-8870",101.25194,13.20167,"rice",7104,0.7104
"IRIS_313-8872",99.01278,14.67,"rice",8951,0.8951
"IRIS_313-8884",99.81417,13.52889,"rice",5736,0.5736
"IRIS_313-8911",101.49194,13.03944,"rice",8085,0.8085
"IRIS_313-8980",103.50694,16.4325,"rice",6725,0.6725
"IRIS_313-9006",100.14056,18.145,"rice",6682,0.6682
"IRIS_313-9019",98.33333,18.5,"rice",6204,0.6204
"IRIS_313-9020",100.66667,14.83333,"rice",6072,0.6072
"IRIS_313-9032",101.49194,13.03944,"rice",8085,0.8085
"IRIS_313-9062",100.14056,18.145,"rice",6682,0.6682
"IRIS_313-9112",101.49194,13.03944,"rice",8085,0.8085
"IRIS_313-9115",101.49194,13.03944,"rice",8085,0.8085
"IRIS_313-9116",101.49194,13.03944,"rice",8085,0.8085
"IRIS_313-9119",101.49194,13.03944,"rice",8085,0.8085
"IRIS_313-9121",100.11806,14.47417,"rice",5744,0.5744
"IRIS_313-9123",100.11806,14.47417,"rice",5744,0.5744
"IRIS_313-9209",99.87917,19.19167,"rice",6536,0.6536
"IRIS_313-9281",102.5,12.5,"rice",16666,1.6666
"IRIS_313-9288",100.14056,18.145,"rice",6682,0.6682
"IRIS_313-9302",101.49194,13.03944,"rice",8085,0.8085
"IRIS_313-9357",101.49194,13.03944,"rice",8085,0.8085
"IRIS_313-9406",101.86667,12.86667,"rice",11271,1.1271
"IRIS_313-9415",101.3725,14.04778,"rice",8774,0.8774
"IRIS_313-9451",101.49194,13.03944,"rice",8085,0.8085
"IRIS_313-9567",101.49194,13.03944,"rice",8085,0.8085
"IRIS_313-9575",99.82639,17.00556,"rice",6627,0.6627
"IRIS_313-9600",102.98944,17.42917,"rice",8033,0.8033
"IRIS_313-9669",99.5,18.83333,"rice",6769,0.6769
"IRIS_313-9697",99.68333,7.46667,"rice",11321,1.1321
"IRGC_16800",106.660556,16.472778,"rice",11415,1.1415
"IRGC_16872",106.660556,16.472778,"rice",11415,1.1415
"IRGC_40748",106.368056,20.958333,"rice",12310,1.231
"IRGC_56036",106.683056,20.85,"rice",12811,1.2811
"IRGC_8227",106.660556,16.472778,"rice",11415,1.1415
"IRGC_8228",106.660556,16.472778,"rice",11415,1.1415
"IRGC_8231",106.660556,16.472778,"rice",11415,1.1415
"IRGC_8234",106.660556,16.472778,"rice",11415,1.1415
"IRIS_313-10554",106.66056,16.47278,"rice",11415,1.1415
"IRIS_313-10555",106.66056,16.47278,"rice",11415,1.1415
"IRIS_313-10556",106.66056,16.47278,"rice",11415,1.1415
"IRIS_313-10748",106.66056,16.47278,"rice",11415,1.1415
"IRIS_313-10749",106.66056,16.47278,"rice",11415,1.1415
"IRIS_313-10750",106.66056,16.47278,"rice",11415,1.1415
"IRIS_313-10751",106.66056,16.47278,"rice",11415,1.1415
"IRIS_313-10755",106.66056,16.47278,"rice",11415,1.1415
"IRIS_313-10970",106.66056,16.47278,"rice",11415,1.1415
"IRIS_313-11118",106.66056,16.47278,"rice",11415,1.1415
"IRIS_313-11119",106.66056,16.47278,"rice",11415,1.1415
"IRIS_313-11383",106.66056,16.47278,"rice",11415,1.1415
"IRIS_313-11384",106.66056,16.47278,"rice",11415,1.1415
"IRIS_313-11521",106.66056,16.47278,"rice",11415,1.1415
"IRIS_313-11594",106.66056,16.47278,"rice",11415,1.1415
"IRIS_313-11893",104.31583,22.50222,"rice",14961,1.4961
"IRIS_313-11894",104.15944,22.38,"rice",12579,1.2579
"IRIS_313-11895",106.66056,16.47278,"rice",11415,1.1415
"IRIS_313-11896",106.66056,16.47278,"rice",11415,1.1415
"IRIS_313-11984",103.66667,22.5,"rice",13717,1.3717
"IRIS_313-12078",106.66056,16.47278,"rice",11415,1.1415
"IRIS_313-12210",103.56361,21.57111,"rice",13308,1.3308
"IRIS_313-8341",106.66056,16.47278,"rice",11415,1.1415
"IRIS_313-8409",106.66056,16.47278,"rice",11415,1.1415
"IRIS_313-8578",103.16667,21.66667,"rice",13695,1.3695
"IRIS_313-8735",105.41667,20.43333,"rice",13564,1.3564
"IRIS_313-9131",106.66056,16.47278,"rice",11415,1.1415
"IRIS_313-9317",105.5,20,"rice",12179,1.2179
"IRIS_313-9429",106.66056,16.47278,"rice",11415,1.1415
"IRIS_313-9637",106.66056,16.47278,"rice",11415,1.1415
