ID,Long,Lat,Country
IRGC_58278,67.699444,33.926111,Afghanistan
IRIS_313-9783,67.69944,33.92611,Afghanistan
IRGC_117281,90.339722,23.611667,Bangladesh
IRGC_25897,90,24.25,Bangladesh
IRGC_25924,89.33333,23.25,Bangladesh
IRGC_27513,90.5,22.66667,Bangladesh
IRGC_29066,90.339722,23.611667,Bangladesh
IRGC_32565,90.339722,23.611667,Bangladesh
IRGC_6208,90.339722,23.611667,Bangladesh
IRGC_6588,90.339722,23.611667,Bangladesh
IRGC_6590,90.339722,23.611667,Bangladesh
IRGC_66792,92.41667,24.86667,Bangladesh
IRGC_8341,90.339722,23.611667,Bangladesh
IRIS_313-10587,90.33972,23.61167,Bangladesh
IRIS_313-10592,90.33972,23.61167,Bangladesh
IRIS_313-10593,90.33972,23.61167,Bangladesh
IRIS_313-10594,90.33972,23.61167,Bangladesh
IRIS_313-10595,90.33972,23.61167,Bangladesh
IRIS_313-10598,90.33972,23.61167,Bangladesh
IRIS_313-10600,90.33972,23.61167,Bangladesh
IRIS_313-10602,90.33972,23.61167,Bangladesh
IRIS_313-10603,90.33972,23.61167,Bangladesh
IRIS_313-10604,90.33972,23.61167,Bangladesh
IRIS_313-10605,90.33972,23.61167,Bangladesh
IRIS_313-10606,90.33972,23.61167,Bangladesh
IRIS_313-10963,92,22.41667,Bangladesh
IRIS_313-10964,89.33333,23.25,Bangladesh
IRIS_313-10965,92,22.41667,Bangladesh
IRIS_313-10971,90.33972,23.61167,Bangladesh
IRIS_313-10972,90.33972,23.61167,Bangladesh
IRIS_313-10973,90.33972,23.61167,Bangladesh
IRIS_313-10974,90.33972,23.61167,Bangladesh
IRIS_313-10975,90.33972,23.61167,Bangladesh
IRIS_313-10976,90.33972,23.61167,Bangladesh
IRIS_313-10977,90.33972,23.61167,Bangladesh
IRIS_313-10978,90.33972,23.61167,Bangladesh
IRIS_313-10979,90.33972,23.61167,Bangladesh
IRIS_313-10980,90.33972,23.61167,Bangladesh
IRIS_313-10981,90.33972,23.61167,Bangladesh
IRIS_313-10982,90.33972,23.61167,Bangladesh
IRIS_313-10983,90.33972,23.61167,Bangladesh
IRIS_313-10984,90.33972,23.61167,Bangladesh
IRIS_313-10985,90.33972,23.61167,Bangladesh
IRIS_313-10986,90.33972,23.61167,Bangladesh
IRIS_313-10987,90.33972,23.61167,Bangladesh
IRIS_313-11013,90.33972,23.61167,Bangladesh
IRIS_313-11014,90.33333,24.5,Bangladesh
IRIS_313-11015,90.33972,23.61167,Bangladesh
IRIS_313-11016,90.33972,23.61167,Bangladesh
IRIS_313-11017,90.33972,23.61167,Bangladesh
IRIS_313-11018,90.33972,23.61167,Bangladesh
IRIS_313-11019,90.33972,23.61167,Bangladesh
IRIS_313-11047,90.33972,23.61167,Bangladesh
IRIS_313-11048,90.33972,23.61167,Bangladesh
IRIS_313-11049,90.33972,23.61167,Bangladesh
IRIS_313-11051,90.33972,23.61167,Bangladesh
IRIS_313-11052,90.33972,23.61167,Bangladesh
IRIS_313-11053,90.33972,23.61167,Bangladesh
IRIS_313-11054,90.33972,23.61167,Bangladesh
IRIS_313-11055,90.33972,23.61167,Bangladesh
IRIS_313-11056,90.33972,23.61167,Bangladesh
IRIS_313-11057,90.33972,23.61167,Bangladesh
IRIS_313-11058,90.33972,23.61167,Bangladesh
IRIS_313-11059,90.33972,23.61167,Bangladesh
IRIS_313-11060,90.33972,23.61167,Bangladesh
IRIS_313-11061,90.33972,23.61167,Bangladesh
IRIS_313-11062,90.33972,23.61167,Bangladesh
IRIS_313-11063,90.33972,23.61167,Bangladesh
IRIS_313-11064,90.33972,23.61167,Bangladesh
IRIS_313-11065,90.33972,23.61167,Bangladesh
IRIS_313-11066,90.33972,23.61167,Bangladesh
IRIS_313-11067,90.33972,23.61167,Bangladesh
IRIS_313-11068,90.33972,23.61167,Bangladesh
IRIS_313-11069,90.33972,23.61167,Bangladesh
IRIS_313-11070,90.33972,23.61167,Bangladesh
IRIS_313-11111,90.33972,23.61167,Bangladesh
IRIS_313-11112,90.33972,23.61167,Bangladesh
IRIS_313-11113,90.33972,23.61167,Bangladesh
IRIS_313-11114,90.33972,23.61167,Bangladesh
IRIS_313-11115,90.33972,23.61167,Bangladesh
IRIS_313-11116,90.33972,23.61167,Bangladesh
IRIS_313-11123,90.33972,23.61167,Bangladesh
IRIS_313-11124,90.33972,23.61167,Bangladesh
IRIS_313-11154,90.33972,23.61167,Bangladesh
IRIS_313-11163,90.33972,23.61167,Bangladesh
IRIS_313-11203,89.03333,25.9,Bangladesh
IRIS_313-11204,89.03333,25.9,Bangladesh
IRIS_313-11205,90.36667,22.7,Bangladesh
IRIS_313-11206,89.03333,25.9,Bangladesh
IRIS_313-11207,89.03333,25.9,Bangladesh
IRIS_313-11208,90.44056,22.29889,Bangladesh
IRIS_313-11209,89.03333,25.9,Bangladesh
IRIS_313-11210,88.61667,25.63333,Bangladesh
IRIS_313-11211,88.67528,24.65917,Bangladesh
IRIS_313-11212,88.75556,24.91028,Bangladesh
IRIS_313-11213,90.33778,23.77861,Bangladesh
IRIS_313-11214,89.33583,24.91361,Bangladesh
IRIS_313-11216,90.33972,23.61167,Bangladesh
IRIS_313-11219,90.33972,23.61167,Bangladesh
IRIS_313-11220,90.33972,23.61167,Bangladesh
IRIS_313-11222,90.33972,23.61167,Bangladesh
IRIS_313-11223,90.33972,23.61167,Bangladesh
IRIS_313-11224,90.33972,23.61167,Bangladesh
IRIS_313-11225,90.33972,23.61167,Bangladesh
IRIS_313-11226,90.33972,23.61167,Bangladesh
IRIS_313-11227,90.33972,23.61167,Bangladesh
IRIS_313-11228,90.33972,23.61167,Bangladesh
IRIS_313-11229,90.33972,23.61167,Bangladesh
IRIS_313-11230,90.33972,23.61167,Bangladesh
IRIS_313-11231,90.33972,23.61167,Bangladesh
IRIS_313-11321,90.33778,23.77861,Bangladesh
IRIS_313-11322,89.33306,24,Bangladesh
IRIS_313-11323,90.36667,22.7,Bangladesh
IRIS_313-11324,90.71778,23.92083,Bangladesh
IRIS_313-11399,91.98333,21.41667,Bangladesh
IRIS_313-11400,91.71889,24.59056,Bangladesh
IRIS_313-11401,91.39972,25.06667,Bangladesh
IRIS_313-11402,91.67944,24.30528,Bangladesh
IRIS_313-11404,91.41667,24.38333,Bangladesh
IRIS_313-11481,89.41,24.29167,Bangladesh
IRIS_313-11482,90.05472,23.48278,Bangladesh
IRIS_313-11483,90.20722,23.17528,Bangladesh
IRIS_313-11484,89.54361,23.72722,Bangladesh
IRIS_313-11486,89.41,24.29167,Bangladesh
IRIS_313-11487,90.02556,23.22389,Bangladesh
IRIS_313-11557,90.33972,23.61167,Bangladesh
IRIS_313-11558,90.33972,23.61167,Bangladesh
IRIS_313-11722,92.38333,24.88333,Bangladesh
IRIS_313-11945,91.16667,23.41667,Bangladesh
IRIS_313-11964,89.25,25.83333,Bangladesh
IRIS_313-11982,89.37222,25.94583,Bangladesh
IRIS_313-12002,91.42639,24.33556,Bangladesh
IRIS_313-12055,91.7,22.96667,Bangladesh
IRIS_313-12094,91.11667,23.95306,Bangladesh
IRIS_313-12141,91.08333,22.83306,Bangladesh
IRIS_313-8252,90.33972,23.61167,Bangladesh
IRIS_313-8283,91,23.58333,Bangladesh
IRIS_313-8349,90.36667,22.7,Bangladesh
IRIS_313-8410,89.38333,25.15,Bangladesh
IRIS_313-8437,91.98333,21.41667,Bangladesh
IRIS_313-8509,88.75,25.66667,Bangladesh
IRIS_313-8632,89.33333,26,Bangladesh
IRIS_313-8641,90.33972,23.61167,Bangladesh
IRIS_313-8683,91.91667,23.5,Bangladesh
IRIS_313-8703,90.33972,23.61167,Bangladesh
IRIS_313-8717,90.33333,24.5,Bangladesh
IRIS_313-8721,90.35,22.36667,Bangladesh
IRIS_313-8733,89.08333,24.5,Bangladesh
IRIS_313-8737,90.33972,23.61167,Bangladesh
IRIS_313-8789,90.27278,23.89167,Bangladesh
IRIS_313-8822,90.33972,23.61167,Bangladesh
IRIS_313-8850,90.33333,24.5,Bangladesh
IRIS_313-8854,91.83333,22.5,Bangladesh
IRIS_313-8864,89.66667,23.16667,Bangladesh
IRIS_313-8930,91.66667,24.33333,Bangladesh
IRIS_313-8932,89.33583,24.91361,Bangladesh
IRIS_313-8963,91.66667,22.75,Bangladesh
IRIS_313-9049,90.33972,23.61167,Bangladesh
IRIS_313-9067,90.33972,23.61167,Bangladesh
IRIS_313-9072,90.33972,23.61167,Bangladesh
IRIS_313-9108,89.83333,23,Bangladesh
IRIS_313-9139,90.33972,23.61167,Bangladesh
IRIS_313-9174,90.33972,23.61167,Bangladesh
IRIS_313-9218,91.83333,22.5,Bangladesh
IRIS_313-9262,90.33972,23.61167,Bangladesh
IRIS_313-9271,90.33333,24.5,Bangladesh
IRIS_313-9325,90.83333,23,Bangladesh
IRIS_313-9368,89.33333,23.25,Bangladesh
IRIS_313-9391,92,22.25,Bangladesh
IRIS_313-9397,90.33972,23.61167,Bangladesh
IRIS_313-9422,92.08333,25.11667,Bangladesh
IRIS_313-9445,89.93417,23.36278,Bangladesh
IRIS_313-9594,92.33333,22.58333,Bangladesh
IRIS_313-9606,90.33972,23.61167,Bangladesh
IRIS_313-9617,90.33972,23.61167,Bangladesh
IRIS_313-9626,90.33972,23.61167,Bangladesh
IRIS_313-9661,92.21667,25.01667,Bangladesh
IRIS_313-9682,90.33972,23.61167,Bangladesh
IRIS_313-9696,92.33333,22.58333,Bangladesh
IRGC_32390,89.249722,27.016389,Bhutan
IRIS_313-11120,89.95,26.93306,Bhutan
IRIS_313-11661,90.43556,27.51194,Bhutan
IRIS_313-11690,89.48333,27.45,Bhutan
IRIS_313-11691,91.75,27.51667,Bhutan
IRIS_313-11743,90.15,27.1,Bhutan
IRIS_313-12138,91.45,27.03333,Bhutan
IRIS_313-8302,89.81667,27.51667,Bhutan
IRIS_313-8486,91.16667,27.66667,Bhutan
IRIS_313-8519,91.15,27.58333,Bhutan
IRIS_313-8637,91.36667,27.26667,Bhutan
IRIS_313-8765,90.15,27.1,Bhutan
IRIS_313-8814,89.85,27.8,Bhutan
IRIS_313-8815,89.46667,27.45,Bhutan
IRIS_313-8857,90.5,27.5,Bhutan
IRIS_313-9048,90.5,27.5,Bhutan
IRIS_313-9404,89.86639,27.61639,Bhutan
IRIS_313-9506,90.16667,27.08333,Bhutan
IRIS_313-9529,91.73333,27.5,Bhutan
IRIS_313-9572,91.2,27.58333,Bhutan
IRIS_313-11989,114.18694,4.58722,Brunei
IRIS_313-9574,114.75167,4.53389,Brunei
IRIS_313-10557,104.9825,12.30083,Cambodia
IRIS_313-10648,104.9825,12.30083,Cambodia
IRIS_313-10898,103.2,13.1,Cambodia
IRIS_313-10899,105.33139,11.41,Cambodia
IRIS_313-10900,105.33139,11.41,Cambodia
IRIS_313-10901,105.33139,11.41,Cambodia
IRIS_313-10902,103.2,13.1,Cambodia
IRIS_313-10903,104.28361,11.57611,Cambodia
IRIS_313-10904,103.2,13.1,Cambodia
IRIS_313-10905,103.2,13.1,Cambodia
IRIS_313-10906,103.2,13.1,Cambodia
IRIS_313-10907,103.2,13.1,Cambodia
IRIS_313-10908,105.33139,11.41,Cambodia
IRIS_313-10909,103.2,13.1,Cambodia
IRIS_313-10910,104.28361,11.57611,Cambodia
IRIS_313-10911,103.2,13.1,Cambodia
IRIS_313-10912,103.2,13.1,Cambodia
IRIS_313-10913,104.28361,11.57611,Cambodia
IRIS_313-10915,103.2,13.1,Cambodia
IRIS_313-10916,103.2,13.1,Cambodia
IRIS_313-11084,103.2,13.1,Cambodia
IRIS_313-11087,103.2,13.1,Cambodia
IRIS_313-11088,106.10083,13.01722,Cambodia
IRIS_313-11089,104.9825,12.30083,Cambodia
IRIS_313-11935,104.9825,12.30083,Cambodia
IRIS_313-11936,104.9825,12.30083,Cambodia
IRIS_313-11997,105.22833,12.10194,Cambodia
IRIS_313-11998,105.7775,11.43056,Cambodia
IRIS_313-11999,105.56861,12.33194,Cambodia
IRIS_313-12000,105.06639,12.09083,Cambodia
IRIS_313-12036,106.15528,13.85111,Cambodia
IRIS_313-12037,104.10306,11.36444,Cambodia
IRIS_313-12038,105.89194,11.19333,Cambodia
IRIS_313-12039,103.12306,12.92222,Cambodia
IRIS_313-12040,106.11639,11.84972,Cambodia
IRIS_313-12041,105.89194,11.19333,Cambodia
IRIS_313-12042,105.64333,12.04944,Cambodia
IRIS_313-12043,104.32167,10.78861,Cambodia
IRIS_313-12044,105.45667,11.36444,Cambodia
IRIS_313-12058,104.66833,11.8825,Cambodia
IRIS_313-12096,105.04778,11.31861,Cambodia
IRIS_313-12097,103.2,13.1,Cambodia
IRIS_313-12101,103.2,13.1,Cambodia
IRIS_313-12102,105.7775,11.43056,Cambodia
IRIS_313-12109,104.49472,10.93667,Cambodia
IRIS_313-12142,106.75583,12.40944,Cambodia
IRIS_313-12143,105.96333,12.33167,Cambodia
IRIS_313-12146,106.33306,12.05,Cambodia
IRIS_313-12147,105.96639,12.24972,Cambodia
IRIS_313-12148,103.92722,11.13833,Cambodia
IRIS_313-12151,104.70694,11.05806,Cambodia
IRIS_313-12152,102.91667,13.57194,Cambodia
IRIS_313-12161,106.88333,12.18306,Cambodia
IRIS_313-12164,107.48972,12.61333,Cambodia
IRIS_313-12246,104.84,13.66667,Cambodia
IRIS_313-12247,104.90306,14.31,Cambodia
IRIS_313-12249,105.04361,13.52861,Cambodia
IRIS_313-12251,105.08444,13.38667,Cambodia
IRIS_313-9249,103.2,13.1,Cambodia
IRGC_117269,104.165556,35.86,China
IRGC_117271,104.165556,35.86,China
IRGC_117277,104.165556,35.86,China
IRGC_117280,104.165556,35.86,China
IRGC_1427,104.165556,35.86,China
IRGC_4541,104.165556,35.86,China
IRGC_4860,104.165556,35.86,China
IRGC_4887,104.165556,35.86,China
IRGC_51400,104.165556,35.86,China
IRGC_53437,104.165556,35.86,China
IRGC_59673,104.165556,35.86,China
IRGC_59849,104.165556,35.86,China
IRGC_59930,104.165556,35.86,China
IRGC_59932,104.165556,35.86,China
IRGC_63544,120.497778,27.215556,China
IRGC_63726,120.497778,27.215556,China
IRGC_67034,108.301667,23.748889,China
IRGC_67096,108.301667,23.748889,China
IRGC_68159,111.558333,27.576667,China
IRGC_752,104.165556,35.86,China
IRGC_8195,104.165556,35.86,China
IRGC_8266,104.165556,35.86,China
IRIS_313-10129,104.16556,35.86,China
IRIS_313-10177,108.30167,23.74889,China
IRIS_313-10211,104.16556,35.86,China
IRIS_313-10221,108.30167,23.74889,China
IRIS_313-10228,116.07417,27.42639,China
IRIS_313-10239,116.07417,27.42639,China
IRIS_313-10450,104.16556,35.86,China
IRIS_313-10453,104.16556,35.86,China
IRIS_313-10497,104.16556,35.86,China
IRIS_313-10502,104.16556,35.86,China
IRIS_313-10503,104.16556,35.86,China
IRIS_313-10504,104.16556,35.86,China
IRIS_313-10558,104.16556,35.86,China
IRIS_313-10559,104.16556,35.86,China
IRIS_313-10560,104.16556,35.86,China
IRIS_313-10561,104.16556,35.86,China
IRIS_313-10562,104.16556,35.86,China
IRIS_313-11038,121.44972,31.21667,China
IRIS_313-11522,102.02111,25.19694,China
IRIS_313-11651,104.16556,35.86,China
IRIS_313-11652,104.16556,35.86,China
IRIS_313-11653,104.16556,35.86,China
IRIS_313-11654,104.16556,35.86,China
IRIS_313-11655,104.16556,35.86,China
IRIS_313-11744,111.55833,27.57667,China
IRIS_313-11745,111.55833,27.57667,China
IRIS_313-11852,113.48722,22.96222,China
IRIS_313-11853,113.48722,22.96222,China
IRIS_313-11947,104.16556,35.86,China
IRIS_313-11948,104.16556,35.86,China
IRIS_313-11949,104.16556,35.86,China
IRIS_313-11950,104.16556,35.86,China
IRIS_313-11951,104.16556,35.86,China
IRIS_313-11952,104.16556,35.86,China
IRIS_313-11953,104.16556,35.86,China
IRIS_313-11954,104.16556,35.86,China
IRIS_313-11955,104.16556,35.86,China
IRIS_313-11965,108.30167,23.74889,China
IRIS_313-11966,108.30167,23.74889,China
IRIS_313-11967,108.30167,23.74889,China
IRIS_313-11968,108.30167,23.74889,China
IRIS_313-12007,108.30167,23.74889,China
IRIS_313-12009,108.30167,23.74889,China
IRIS_313-12010,108.30167,23.74889,China
IRIS_313-12011,108.30167,23.74889,China
IRIS_313-12012,108.30167,23.74889,China
IRIS_313-12059,102.02111,25.19694,China
IRIS_313-12060,102.02111,25.19694,China
IRIS_313-12061,102.02111,25.19694,China
IRIS_313-12273,113.48722,22.96222,China
IRIS_313-12275,116.07417,27.42639,China
IRIS_313-8380,104.16556,35.86,China
IRIS_313-8645,104.16556,35.86,China
IRIS_313-9017,104.16556,35.86,China
IRIS_313-9204,104.16556,35.86,China
IRIS_313-9324,104.16556,35.86,China
IRIS_313-9372,104.16556,35.86,China
IRIS_313-9469,104.16556,35.86,China
IRIS_313-9555,104.16556,35.86,China
IRIS_313-9730,111.55833,27.57667,China
IRIS_313-10614,114.12222,22.35639,HongKong
IRGC_117267,82.800556,21.127778,India
IRGC_117398,82.800556,21.127778,India
IRGC_117617,92.21,24.52,India
IRGC_12331,90.2,25.51667,India
IRGC_12386,90.2,25.51667,India
IRGC_12894,82.800556,21.127778,India
IRGC_13746,93.862222,24.77,India
IRGC_177,82.800556,21.127778,India
IRGC_32559,82.800556,21.127778,India
IRGC_32561,82.800556,21.127778,India
IRGC_34962,87.333056,22.433056,India
IRGC_3697,82.800556,21.127778,India
IRGC_42469,94.95,27.48333,India
IRGC_46202,82.800556,21.127778,India
IRGC_46531,82.800556,21.127778,India
IRGC_46768,82.800556,21.127778,India
IRGC_53931,82.800556,21.127778,India
IRGC_5999,82.800556,21.127778,India
IRGC_6264,82.800556,21.127778,India
IRGC_6274,82.800556,21.127778,India
IRGC_6298,82.800556,21.127778,India
IRGC_6307,82.800556,21.127778,India
IRGC_6331,82.800556,21.127778,India
IRGC_72479,82.800556,21.127778,India
IRGC_74719,79.33333,22.83333,India
IRGC_74777,80.08333,27.66667,India
IRGC_77530,78.5,11.33333,India
IRGC_7919,82.800556,21.127778,India
IRGC_8896,82.800556,21.127778,India
IRGC_9062,82.800556,21.127778,India
IRGC_9069,82.800556,21.127778,India
IRGC_9070,82.800556,21.127778,India
IRGC_9091,82.800556,21.127778,India
IRGC_9175,82.800556,21.127778,India
IRGC_9177,82.800556,21.127778,India
IRGC_9179,82.800556,21.127778,India
IRIS_313-10150,82.80056,21.12778,India
IRIS_313-10628,82.80056,21.12778,India
IRIS_313-10664,94.2,26.6,India
IRIS_313-10666,94.95,27.48333,India
IRIS_313-10667,90.2,25.51667,India
IRIS_313-10668,90.2,25.51667,India
IRIS_313-10670,90.2,25.51667,India
IRIS_313-10671,91.88333,25.56667,India
IRIS_313-10673,91.88333,25.56667,India
IRIS_313-10674,91.88333,25.56667,India
IRIS_313-10675,91.88333,25.56667,India
IRIS_313-10676,91.88333,25.56667,India
IRIS_313-10845,93.43333,25.83333,India
IRIS_313-10847,94.2,26.6,India
IRIS_313-10848,91.82167,25.62056,India
IRIS_313-10849,90.2,25.51667,India
IRIS_313-10850,90.2,25.51667,India
IRIS_313-10851,90.2,25.51667,India
IRIS_313-10852,90.2,25.51667,India
IRIS_313-10853,90.2,25.51667,India
IRIS_313-10854,90.2,25.51667,India
IRIS_313-10855,90.2,25.51667,India
IRIS_313-10856,91.88333,25.56667,India
IRIS_313-10857,91.88333,25.56667,India
IRIS_313-10858,91.88333,25.56667,India
IRIS_313-10859,91.88333,25.56667,India
IRIS_313-10861,90.2,25.51667,India
IRIS_313-10862,90.2,25.51667,India
IRIS_313-10863,91.75,26.18333,India
IRIS_313-10864,90.2,25.51667,India
IRIS_313-10865,93.83306,27.63333,India
IRIS_313-10866,93.83306,27.63333,India
IRIS_313-10867,94.76667,28.16667,India
IRIS_313-10868,94.76667,28.16667,India
IRIS_313-10869,96.16667,27.91667,India
IRIS_313-10870,96.16667,27.91667,India
IRIS_313-11041,78.98389,10.75861,India
IRIS_313-11042,78.07472,9.8575,India
IRIS_313-11164,88.38417,23.41611,India
IRIS_313-11166,87.33306,22.43306,India
IRIS_313-11167,87.85,23.24972,India
IRIS_313-11169,88.75639,26.66444,India
IRIS_313-11360,82.80056,21.12778,India
IRIS_313-11371,82.80056,21.12778,India
IRIS_313-11403,78.98389,10.75861,India
IRIS_313-11414,82.80056,21.12778,India
IRIS_313-11442,82.80056,21.12778,India
IRIS_313-11443,82.80056,21.12778,India
IRIS_313-11445,85.80389,25.87972,India
IRIS_313-11446,93.86222,24.77,India
IRIS_313-11447,93.86222,24.77,India
IRIS_313-11448,75.80111,26.905,India
IRIS_313-11449,75.80111,26.905,India
IRIS_313-11451,74.24972,18.64306,India
IRIS_313-11452,74.20222,16.45889,India
IRIS_313-11453,75.56,21.01,India
IRIS_313-11454,74.45,23.55,India
IRIS_313-11455,74.45,23.55,India
IRIS_313-11456,74.45,23.55,India
IRIS_313-11458,82.80056,21.12778,India
IRIS_313-11460,82.80056,21.12778,India
IRIS_313-11461,82.80056,21.12778,India
IRIS_313-11462,73.9925,15.16639,India
IRIS_313-11489,75.38444,31.37944,India
IRIS_313-11490,93.49972,24.41667,India
IRIS_313-11492,82.80056,21.12778,India
IRIS_313-11493,91.74556,23.73889,India
IRIS_313-11494,94.06944,28.23889,India
IRIS_313-11505,82.80056,21.12778,India
IRIS_313-11506,82.80056,21.12778,India
IRIS_313-11595,80.92944,21.29972,India
IRIS_313-11596,81.85083,20.74889,India
IRIS_313-11597,78.42111,23.97472,India
IRIS_313-11598,83.41333,22.84361,India
IRIS_313-11599,83,21.33306,India
IRIS_313-11600,80.2,24.14,India
IRIS_313-11602,78.6575,23.77528,India
IRIS_313-11603,81.78333,21.55,India
IRIS_313-11604,79.54972,23.4,India
IRIS_313-11606,78.42111,23.97472,India
IRIS_313-11607,78.42111,23.97472,India
IRIS_313-11616,80.8575,27.1425,India
IRIS_313-11617,80.8575,27.1425,India
IRIS_313-11618,80.8575,27.1425,India
IRIS_313-11619,80.8575,27.1425,India
IRIS_313-11620,80.8575,27.1425,India
IRIS_313-11621,80.8575,27.1425,India
IRIS_313-11636,82.80056,21.12778,India
IRIS_313-11638,82.80056,21.12778,India
IRIS_313-11639,82.80056,21.12778,India
IRIS_313-11640,82.80056,21.12778,India
IRIS_313-11641,82.80056,21.12778,India
IRIS_313-11642,82.80056,21.12778,India
IRIS_313-11643,82.80056,21.12778,India
IRIS_313-11644,82.80056,21.12778,India
IRIS_313-11645,82.80056,21.12778,India
IRIS_313-11646,82.80056,21.12778,India
IRIS_313-11647,82.80056,21.12778,India
IRIS_313-11648,82.80056,21.12778,India
IRIS_313-11650,82.80056,21.12778,India
IRIS_313-11712,82.80056,21.12778,India
IRIS_313-11737,80.92944,21.29972,India
IRIS_313-11738,79.91667,22.18333,India
IRIS_313-11742,82.80056,21.12778,India
IRIS_313-11821,82.80056,21.12778,India
IRIS_313-11822,82.80056,21.12778,India
IRIS_313-11823,82.80056,21.12778,India
IRIS_313-11824,82.80056,21.12778,India
IRIS_313-11825,82.80056,21.12778,India
IRIS_313-11826,82.80056,21.12778,India
IRIS_313-11827,82.80056,21.12778,India
IRIS_313-11828,82.80056,21.12778,India
IRIS_313-11917,80.33333,23.98333,India
IRIS_313-11918,81.08333,24.25,India
IRIS_313-11919,80.33333,23.98333,India
IRIS_313-11969,80.8575,27.1425,India
IRIS_313-12013,82.80056,21.12778,India
IRIS_313-12052,76.5,11.5,India
IRIS_313-7736,82.80056,21.12778,India
IRIS_313-7780,82.80056,21.12778,India
IRIS_313-8265,82.80056,21.12778,India
IRIS_313-8303,80.33333,20.16667,India
IRIS_313-8305,82.80056,21.12778,India
IRIS_313-8386,91.88333,25.56667,India
IRIS_313-8435,80.8575,27.1425,India
IRIS_313-8498,90.2,25.51667,India
IRIS_313-8530,82.80056,21.12778,India
IRIS_313-8568,74.20222,16.45889,India
IRIS_313-8614,82.80056,21.12778,India
IRIS_313-8631,74.26667,26.61639,India
IRIS_313-8704,78.75,26.33333,India
IRIS_313-8727,82.80056,21.12778,India
IRIS_313-8731,80.33333,23.98333,India
IRIS_313-8754,81.53333,26,India
IRIS_313-8757,78.42111,23.97472,India
IRIS_313-8796,80.33333,23.98333,India
IRIS_313-8813,91.88333,25.56667,India
IRIS_313-8920,78.42111,23.97472,India
IRIS_313-8924,75.80111,26.905,India
IRIS_313-8986,91.88333,25.56667,India
IRIS_313-8988,79.48333,21.33333,India
IRIS_313-9137,90.2,25.51667,India
IRIS_313-9176,90.2,25.51667,India
IRIS_313-9201,94.2,26.6,India
IRIS_313-9258,80.33333,20.16667,India
IRIS_313-9313,91.88333,25.56667,India
IRIS_313-9360,82.80056,21.12778,India
IRIS_313-9384,73.85528,15.58389,India
IRIS_313-9392,94.76667,28.16667,India
IRIS_313-9400,82.80056,21.12778,India
IRIS_313-9403,83.49333,26.85111,India
IRIS_313-9424,93.43333,25.83333,India
IRIS_313-9484,80.33306,22.66667,India
IRIS_313-9492,82.80056,21.12778,India
IRIS_313-9516,82.80056,21.12778,India
IRIS_313-9547,80.33333,20.16667,India
IRIS_313-9557,76.5,11.5,India
IRIS_313-9605,80.8575,27.1425,India
IRIS_313-9609,91.88333,25.56667,India
IRIS_313-9610,73,23.66667,India
IRIS_313-9611,75.80111,26.905,India
IRIS_313-9629,82.80056,21.12778,India
IRGC_122298,104.7520944,-4.8133889,Indonesia
IRGC_14413,119.630278,-4.69,Indonesia
IRGC_19972,119.025833,-2.690556,Indonesia
IRGC_27129,119.025833,-2.690556,Indonesia
IRGC_35834,107.499722,-6.75,Indonesia
IRGC_43322,104.141944,-3.294722,Indonesia
IRGC_43369,104.141944,-3.294722,Indonesia
IRGC_43372,115.071667,-8.455,Indonesia
IRGC_43394,112.428611,-7.493056,Indonesia
IRGC_43400,100.447778,-1.223333,Indonesia
IRGC_43540,100.447778,-1.223333,Indonesia
IRGC_54333,118.989722,-9.549722,Indonesia
IRGC_66640,97.56667,0.88333,Indonesia
IRGC_8260,119.025833,-2.690556,Indonesia
IRGC_8261,119.025833,-2.690556,Indonesia
IRGC_9147,119.025833,-2.690556,Indonesia
IRIS_313-10152,116.96639,-0.4,Indonesia
IRIS_313-10689,106.19472,-6.29694,Indonesia
IRIS_313-10690,109.63889,-7.35278,Indonesia
IRIS_313-10692,100.84694,-0.42417,Indonesia
IRIS_313-10693,107.12639,-7.05194,Indonesia
IRIS_313-10738,119.02583,-2.69056,Indonesia
IRIS_313-10739,119.02583,-2.69056,Indonesia
IRIS_313-10740,119.02583,-2.69056,Indonesia
IRIS_313-10741,119.02583,-2.69056,Indonesia
IRIS_313-10742,119.02583,-2.69056,Indonesia
IRIS_313-10743,119.02583,-2.69056,Indonesia
IRIS_313-10744,119.02583,-2.69056,Indonesia
IRIS_313-10745,119.02583,-2.69056,Indonesia
IRIS_313-10746,119.02583,-2.69056,Indonesia
IRIS_313-10747,119.02583,-2.69056,Indonesia
IRIS_313-10758,121.81111,-8.87194,Indonesia
IRIS_313-10759,112.42861,-7.49306,Indonesia
IRIS_313-10760,124.83306,1.24972,Indonesia
IRIS_313-10761,107.49972,-6.75,Indonesia
IRIS_313-10762,101.93361,0.70417,Indonesia
IRIS_313-10765,107.49972,-6.75,Indonesia
IRIS_313-10766,107.49972,-6.75,Indonesia
IRIS_313-10767,104.85222,-4.94778,Indonesia
IRIS_313-10768,115.90472,-3.1225,Indonesia
IRIS_313-10769,115.90472,-3.1225,Indonesia
IRIS_313-10770,119.02583,-2.69056,Indonesia
IRIS_313-10771,121.81111,-8.87194,Indonesia
IRIS_313-10772,110.12389,-6.96889,Indonesia
IRIS_313-10773,100.44778,-1.22333,Indonesia
IRIS_313-10774,107.49972,-6.75,Indonesia
IRIS_313-10775,107.49972,-6.75,Indonesia
IRIS_313-10776,121.81111,-8.87194,Indonesia
IRIS_313-10777,107.49972,-6.75,Indonesia
IRIS_313-10778,115.90472,-3.1225,Indonesia
IRIS_313-10779,101.93361,0.70417,Indonesia
IRIS_313-10780,104.85222,-4.94778,Indonesia
IRIS_313-10781,112.42861,-7.49306,Indonesia
IRIS_313-10782,107.49972,-6.75,Indonesia
IRIS_313-10783,107.49972,-6.75,Indonesia
IRIS_313-10784,110.12389,-6.96889,Indonesia
IRIS_313-10785,112.42861,-7.49306,Indonesia
IRIS_313-10786,110.5,-7,Indonesia
IRIS_313-10787,115.90472,-3.1225,Indonesia
IRIS_313-10788,107.49972,-6.75,Indonesia
IRIS_313-10789,110.12389,-6.96889,Indonesia
IRIS_313-10790,121.81111,-8.87194,Indonesia
IRIS_313-10791,107.49972,-6.75,Indonesia
IRIS_313-10792,102.25,3.8,Indonesia
IRIS_313-10793,110.12389,-6.96889,Indonesia
IRIS_313-10794,104.85222,-4.94778,Indonesia
IRIS_313-10795,110.12389,-6.96889,Indonesia
IRIS_313-10796,110.12389,-6.96889,Indonesia
IRIS_313-10797,101.93361,0.70417,Indonesia
IRIS_313-10798,131.50611,-7.37333,Indonesia
IRIS_313-10799,122.5,-3.95,Indonesia
IRIS_313-10800,112.42861,-7.49306,Indonesia
IRIS_313-10801,117.36139,-8.65278,Indonesia
IRIS_313-10802,107.49972,-6.75,Indonesia
IRIS_313-10803,111,-7.5,Indonesia
IRIS_313-10804,115.90472,-3.1225,Indonesia
IRIS_313-10805,124.83306,1.24972,Indonesia
IRIS_313-10806,115.90472,-3.1225,Indonesia
IRIS_313-10807,116.73917,1.71278,Indonesia
IRIS_313-10808,110.12389,-6.96889,Indonesia
IRIS_313-10809,110.12389,-6.96889,Indonesia
IRIS_313-10810,107.49972,-6.75,Indonesia
IRIS_313-10811,107.49972,-6.75,Indonesia
IRIS_313-10812,104.85222,-4.94778,Indonesia
IRIS_313-10813,115.90472,-3.1225,Indonesia
IRIS_313-10814,98.75694,1.83278,Indonesia
IRIS_313-10815,113.29028,-1.37556,Indonesia
IRIS_313-10816,104.85222,-4.94778,Indonesia
IRIS_313-10817,112.42861,-7.49306,Indonesia
IRIS_313-10818,101.93361,0.70417,Indonesia
IRIS_313-10819,107.49972,-6.75,Indonesia
IRIS_313-10820,107.49972,-6.75,Indonesia
IRIS_313-10821,107.49972,-6.75,Indonesia
IRIS_313-10822,100.44778,-1.22333,Indonesia
IRIS_313-10823,101.93361,0.70417,Indonesia
IRIS_313-10824,119.02583,-2.69056,Indonesia
IRIS_313-10841,119.02583,-2.69056,Indonesia
IRIS_313-10842,119.02583,-2.69056,Indonesia
IRIS_313-10844,119.02583,-2.69056,Indonesia
IRIS_313-10935,98.75694,1.83278,Indonesia
IRIS_313-10936,104.14194,-3.29472,Indonesia
IRIS_313-10937,102.80611,-1.75833,Indonesia
IRIS_313-10938,96.62972,4.02694,Indonesia
IRIS_313-10940,96.62972,4.02694,Indonesia
IRIS_313-10941,96.62972,4.02694,Indonesia
IRIS_313-10942,100.44778,-1.22333,Indonesia
IRIS_313-10943,103.07028,-0.6975,Indonesia
IRIS_313-10944,100.45611,-1.16972,Indonesia
IRIS_313-10945,119.02583,-2.69056,Indonesia
IRIS_313-10946,119.02583,-2.69056,Indonesia
IRIS_313-10950,119.02583,-2.69056,Indonesia
IRIS_313-10951,98.75694,1.83278,Indonesia
IRIS_313-10952,104.14194,-3.29472,Indonesia
IRIS_313-10953,103.86639,-4.06639,Indonesia
IRIS_313-10954,103.19611,-3.88861,Indonesia
IRIS_313-10955,119.63028,-4.69,Indonesia
IRIS_313-10956,98.75694,1.83278,Indonesia
IRIS_313-10957,104.14194,-3.29472,Indonesia
IRIS_313-10958,104.14194,-3.29472,Indonesia
IRIS_313-10959,119.02583,-2.69056,Indonesia
IRIS_313-10960,101.93361,0.70417,Indonesia
IRIS_313-10961,101.93361,0.70417,Indonesia
IRIS_313-10962,101.93361,0.70417,Indonesia
IRIS_313-10995,119.63028,-4.69,Indonesia
IRIS_313-10996,120,-1,Indonesia
IRIS_313-10997,119.02583,-2.69056,Indonesia
IRIS_313-10998,119.02583,-2.69056,Indonesia
IRIS_313-10999,121.16667,-1.33333,Indonesia
IRIS_313-11000,119.02583,-2.69056,Indonesia
IRIS_313-11001,121.91667,-4,Indonesia
IRIS_313-11003,121.5,-4,Indonesia
IRIS_313-11004,121.5,-4,Indonesia
IRIS_313-11005,120.05,-4.66667,Indonesia
IRIS_313-11006,120.05,-4.66667,Indonesia
IRIS_313-11007,123.86667,0.78528,Indonesia
IRIS_313-11008,120.16667,-4.25,Indonesia
IRIS_313-11009,124.83306,1.24972,Indonesia
IRIS_313-11010,122.7525,0.67333,Indonesia
IRIS_313-11011,119.02583,-2.69056,Indonesia
IRIS_313-11012,119.02583,-2.69056,Indonesia
IRIS_313-11117,127.49972,1.08306,Indonesia
IRIS_313-11162,110.585,-7.99333,Indonesia
IRIS_313-11177,110.12389,-6.96889,Indonesia
IRIS_313-11178,100.44778,-1.22333,Indonesia
IRIS_313-11179,98.75694,1.83278,Indonesia
IRIS_313-11180,100.44778,-1.22333,Indonesia
IRIS_313-11181,98.75694,1.83278,Indonesia
IRIS_313-11182,119.02583,-2.69056,Indonesia
IRIS_313-11183,112.42861,-7.49306,Indonesia
IRIS_313-11311,115.07167,-8.455,Indonesia
IRIS_313-11312,109.89389,0.86361,Indonesia
IRIS_313-11313,104.14194,-3.29472,Indonesia
IRIS_313-11314,109.89389,0.86361,Indonesia
IRIS_313-11315,104.14194,-3.29472,Indonesia
IRIS_313-11316,109.89389,0.86361,Indonesia
IRIS_313-11317,98.75694,1.83278,Indonesia
IRIS_313-11318,124.83306,1.24972,Indonesia
IRIS_313-11319,115.40806,-2.45806,Indonesia
IRIS_313-11320,115.3525,-2.63111,Indonesia
IRIS_313-11394,112.42861,-7.49306,Indonesia
IRIS_313-11395,112.42861,-7.49306,Indonesia
IRIS_313-11397,120.06194,-0.64861,Indonesia
IRIS_313-11398,119.81389,-0.65028,Indonesia
IRIS_313-11495,124.42528,-9.82833,Indonesia
IRIS_313-11496,117.23917,-8.41528,Indonesia
IRIS_313-11497,117.41639,-8.61667,Indonesia
IRIS_313-11498,116.63611,-8.56278,Indonesia
IRIS_313-11499,117.78333,-8.8,Indonesia
IRIS_313-11500,118.54083,-8.48306,Indonesia
IRIS_313-11717,97.75,0.56667,Indonesia
IRIS_313-11970,119.63028,-4.69,Indonesia
IRIS_313-11971,119.75,-3,Indonesia
IRIS_313-12027,98.33333,3,Indonesia
IRIS_313-12045,112,0.5,Indonesia
IRIS_313-12046,112,0.5,Indonesia
IRIS_313-12047,110.08333,-2.5,Indonesia
IRIS_313-12048,110,-1.5,Indonesia
IRIS_313-12068,112,0.5,Indonesia
IRIS_313-12069,111.5,0.16667,Indonesia
IRIS_313-7883,120.04417,-0.5275,Indonesia
IRIS_313-7885,115.07167,-8.455,Indonesia
IRIS_313-8291,95.28333,5.23333,Indonesia
IRIS_313-8314,107.49972,-6.75,Indonesia
IRIS_313-8324,119.02583,-2.69056,Indonesia
IRIS_313-8368,107.49972,-6.75,Indonesia
IRIS_313-8436,101.93361,0.70417,Indonesia
IRIS_313-8457,96.36667,4.08333,Indonesia
IRIS_313-8493,97.33333,3.05,Indonesia
IRIS_313-8536,109.89389,0.86361,Indonesia
IRIS_313-8608,97.75,0.56667,Indonesia
IRIS_313-8643,113.29028,-1.37556,Indonesia
IRIS_313-8664,97.6,1.25,Indonesia
IRIS_313-8713,97.75,0.56667,Indonesia
IRIS_313-8725,119.66667,-0.83333,Indonesia
IRIS_313-8744,107.49972,-6.75,Indonesia
IRIS_313-8767,95.28333,5.23333,Indonesia
IRIS_313-8812,114.36667,-8.2,Indonesia
IRIS_313-8831,116.88528,-1.16111,Indonesia
IRIS_313-8833,98.75694,1.83278,Indonesia
IRIS_313-8865,116.39972,-0.35,Indonesia
IRIS_313-8922,104.14194,-3.29472,Indonesia
IRIS_313-8956,119.02583,-2.69056,Indonesia
IRIS_313-8978,95.36667,5.05,Indonesia
IRIS_313-8998,97.56667,0.88333,Indonesia
IRIS_313-9005,119.02583,-2.69056,Indonesia
IRIS_313-9054,96.62972,4.02694,Indonesia
IRIS_313-9097,95.33333,5.5,Indonesia
IRIS_313-9098,96.25,4.08333,Indonesia
IRIS_313-9117,115.90472,-3.1225,Indonesia
IRIS_313-9129,119.02583,-2.69056,Indonesia
IRIS_313-9188,97.76667,1.11667,Indonesia
IRIS_313-9208,100.44778,-1.22333,Indonesia
IRIS_313-9239,115.3525,-2.63111,Indonesia
IRIS_313-9242,113.29028,-1.37556,Indonesia
IRIS_313-9251,109.89389,0.86361,Indonesia
IRIS_313-9273,119.02583,-2.69056,Indonesia
IRIS_313-9301,118.54083,-8.48306,Indonesia
IRIS_313-9310,96.25,4.08333,Indonesia
IRIS_313-9314,124.83306,1.24972,Indonesia
IRIS_313-9320,119.02583,-2.69056,Indonesia
IRIS_313-9405,115.07167,-8.455,Indonesia
IRIS_313-9470,97.6,1.25,Indonesia
IRIS_313-9590,110.6,-7.53333,Indonesia
IRIS_313-9691,97.75,0.56667,Indonesia
IRGC_12731,134.375278,34.783889,Japan
IRGC_14779,134.375278,34.783889,Japan
IRGC_40252,134.375278,34.783889,Japan
IRGC_410,134.375278,34.783889,Japan
IRGC_8191,134.375278,34.783889,Japan
IRGC_8257,134.375278,34.783889,Japan
IRIS_313-10071,134.37528,34.78389,Japan
IRIS_313-10073,134.37528,34.78389,Japan
IRIS_313-10074,134.37528,34.78389,Japan
IRIS_313-10075,134.37528,34.78389,Japan
IRIS_313-10076,134.37528,34.78389,Japan
IRIS_313-10077,134.37528,34.78389,Japan
IRIS_313-10078,134.37528,34.78389,Japan
IRIS_313-10079,134.37528,34.78389,Japan
IRIS_313-10080,134.37528,34.78389,Japan
IRIS_313-10082,134.37528,34.78389,Japan
IRIS_313-10469,134.37528,34.78389,Japan
IRIS_313-10569,134.37528,34.78389,Japan
IRIS_313-10642,134.37528,34.78389,Japan
IRIS_313-11725,134.37528,34.78389,Japan
IRIS_313-8755,134.37528,34.78389,Japan
IRIS_313-9002,134.37528,34.78389,Japan
IRIS_313-9081,134.37528,34.78389,Japan
IRIS_313-9800,134.37528,34.78389,Japan
IRIS_313-9884,134.37528,34.78389,Japan
IRIS_313-10651,102.61389,17.96278,Laos
IRIS_313-10652,102.61389,17.96278,Laos
IRIS_313-10653,101.525,19.39056,Laos
IRIS_313-10654,102.61389,17.96278,Laos
IRIS_313-10655,105.77972,15.60694,Laos
IRIS_313-10656,105.77972,15.60694,Laos
IRIS_313-10657,102.655,18.0375,Laos
IRIS_313-10659,105.75028,16.50056,Laos
IRIS_313-10660,105.75028,16.50056,Laos
IRIS_313-10679,100.41694,20.2775,Laos
IRIS_313-10680,100.67833,20.34639,Laos
IRIS_313-10681,104.93306,17.02333,Laos
IRIS_313-10682,105.29528,16.14611,Laos
IRIS_313-10683,105.26667,16.26667,Laos
IRIS_313-10921,102.1075,19.86361,Laos
IRIS_313-11071,102.17278,18.59222,Laos
IRIS_313-11072,103.86139,18.28028,Laos
IRIS_313-11073,103.35889,19.26417,Laos
IRIS_313-11074,102.61389,17.96278,Laos
IRIS_313-11075,102.61389,17.96278,Laos
IRIS_313-11076,105.21889,17.63833,Laos
IRIS_313-11077,103.86139,18.28028,Laos
IRIS_313-11078,102.60056,18.32583,Laos
IRIS_313-11079,103.86139,18.28028,Laos
IRIS_313-11080,102.13333,19.88333,Laos
IRIS_313-11081,103.86139,18.28028,Laos
IRIS_313-11082,103.86139,18.28028,Laos
IRIS_313-11083,105.75028,16.50056,Laos
IRIS_313-11085,106.40306,16.42139,Laos
IRIS_313-11086,102.61389,17.96278,Laos
IRIS_313-11090,102.61389,17.96278,Laos
IRIS_313-11091,105.75028,16.50056,Laos
IRIS_313-11092,102.17278,18.59222,Laos
IRIS_313-11093,103.73333,18.55,Laos
IRIS_313-11094,105.20417,16.46333,Laos
IRIS_313-11095,105.75028,16.50056,Laos
IRIS_313-11991,101.88889,20.49194,Laos
IRIS_313-11992,101.94667,20.61167,Laos
IRIS_313-12028,101.88889,20.49194,Laos
IRIS_313-12029,102.13333,19.88333,Laos
IRIS_313-12049,104.90556,16.49667,Laos
IRIS_313-12071,103.86139,18.28028,Laos
IRIS_313-12076,104.15111,20.81667,Laos
IRIS_313-12077,103.35889,19.26417,Laos
IRIS_313-12121,106.95417,14.74556,Laos
IRIS_313-12127,105.25833,16.38306,Laos
IRIS_313-12128,105.25833,16.38306,Laos
IRIS_313-12129,105.08056,17.79083,Laos
IRIS_313-12130,105.785,15.12028,Laos
IRIS_313-12131,105.03528,16.67,Laos
IRIS_313-12133,105.92139,15.90056,Laos
IRIS_313-12134,106.95417,14.74556,Laos
IRIS_313-12190,101.83,21.49333,Laos
IRIS_313-12193,105.08056,17.79083,Laos
IRIS_313-12194,106.95417,14.74556,Laos
IRIS_313-12207,101.83,21.49333,Laos
IRIS_313-12220,105,17,Laos
IRIS_313-12221,105,17,Laos
IRIS_313-12222,105.25833,16.38306,Laos
IRIS_313-12224,105,17,Laos
IRIS_313-12225,105.92139,15.90056,Laos
IRIS_313-12226,101.94667,20.61167,Laos
IRIS_313-12227,105.25833,16.38306,Laos
IRIS_313-12228,101.88333,19.5,Laos
IRIS_313-12229,101.94667,20.61167,Laos
IRIS_313-12231,105,17,Laos
IRIS_313-12242,102.80667,18.95333,Laos
IRIS_313-12252,106.56194,15.98833,Laos
IRIS_313-12254,101.08472,20.68972,Laos
IRIS_313-12257,102.64444,20.53472,Laos
IRIS_313-12258,101.83,21.49333,Laos
IRIS_313-12259,106.07972,14.79083,Laos
IRIS_313-12260,105.92139,15.90056,Laos
IRIS_313-12261,102.59528,18.03417,Laos
IRIS_313-12262,102.64444,20.53472,Laos
IRIS_313-12263,105.99306,15.50972,Laos
IRIS_313-12265,101.08472,20.68972,Laos
IRIS_313-12297,100.53333,19.76361,Laos
IRIS_313-12299,105.01472,16.99361,Laos
IRIS_313-12300,102.95889,20.22333,Laos
IRIS_313-12301,102.80667,18.95333,Laos
IRIS_313-12302,102,20,Laos
IRIS_313-12303,102.13306,19.88306,Laos
IRIS_313-12305,105.375,16.38778,Laos
IRIS_313-12307,102.38389,20.55,Laos
IRIS_313-12308,105.92139,15.90083,Laos
IRIS_313-12309,105.34417,16.80944,Laos
IRIS_313-12311,101.83,21.49333,Laos
IRIS_313-12312,101.15917,19.91944,Laos
IRIS_313-12313,100.53333,19.76361,Laos
IRIS_313-12321,106.50611,15.44028,Laos
IRIS_313-12329,101.20472,17.75444,Laos
IRIS_313-12332,101.41278,20.50389,Laos
IRIS_313-12334,101.69028,19.31944,Laos
IRIS_313-12336,101.72083,20.94972,Laos
IRIS_313-12337,101.98111,20.45111,Laos
IRIS_313-12341,101.98722,20.315,Laos
IRIS_313-12342,101.55972,20.22889,Laos
IRIS_313-12344,102.00611,20.33861,Laos
IRIS_313-12346,100.535,19.68056,Laos
IRIS_313-12347,103.79528,19.6,Laos
IRIS_313-12348,101.39361,21.08417,Laos
IRIS_313-12349,101.75889,20.90944,Laos
IRIS_313-12350,101.46722,20.65472,Laos
IRIS_313-12352,102.425,19.96556,Laos
IRIS_313-12353,103.35722,20.09361,Laos
IRIS_313-12354,100.65194,20.78472,Laos
IRIS_313-12355,100.49583,20.81222,Laos
IRIS_313-8638,102.61389,17.96278,Laos
IRIS_313-9198,102.17278,18.59222,Laos
IRGC_31,109.6425,2.030278,Malaysia
IRGC_44076,114.285833,2.475833,Malaysia
IRGC_71494,116.31667,5.63333,Malaysia
IRGC_71524,116.35,5.75,Malaysia
IRGC_71528,117.96667,5.96667,Malaysia
IRGC_71589,115.43333,5.38333,Malaysia
IRGC_71598,116.36667,6.11667,Malaysia
IRIS_313-10428,109.6425,2.03028,Malaysia
IRIS_313-10684,116.23333,6.2,Malaysia
IRIS_313-10687,129.88333,-2.93861,Malaysia
IRIS_313-10688,109.6425,2.03028,Malaysia
IRIS_313-10694,109.6425,2.03028,Malaysia
IRIS_313-10695,109.6425,2.03028,Malaysia
IRIS_313-10697,109.6425,2.03028,Malaysia
IRIS_313-10698,109.6425,2.03028,Malaysia
IRIS_313-10699,109.6425,2.03028,Malaysia
IRIS_313-10700,109.6425,2.03028,Malaysia
IRIS_313-10701,109.6425,2.03028,Malaysia
IRIS_313-10702,109.6425,2.03028,Malaysia
IRIS_313-10703,109.6425,2.03028,Malaysia
IRIS_313-10704,116.45,5.08333,Malaysia
IRIS_313-10705,109.6425,2.03028,Malaysia
IRIS_313-10706,109.6425,2.03028,Malaysia
IRIS_313-10707,109.6425,2.03028,Malaysia
IRIS_313-11328,113.64528,1.77389,Malaysia
IRIS_313-11329,114.28583,2.47583,Malaysia
IRIS_313-11848,115.67222,4.64806,Malaysia
IRIS_313-11849,109.6425,2.03028,Malaysia
IRIS_313-11850,109.6425,2.03028,Malaysia
IRIS_313-12005,109.6425,2.03028,Malaysia
IRIS_313-12006,109.6425,2.03028,Malaysia
IRIS_313-12030,109.6425,2.03028,Malaysia
IRIS_313-12070,116.83333,5,Malaysia
IRIS_313-12108,113.00083,2.55722,Malaysia
IRIS_313-12135,113.00083,2.55722,Malaysia
IRIS_313-12285,109.6425,2.03028,Malaysia
IRIS_313-8279,116.46667,6,Malaysia
IRIS_313-8312,115.7,5.28333,Malaysia
IRIS_313-8316,109.6425,2.03028,Malaysia
IRIS_313-8407,109.6425,2.03028,Malaysia
IRIS_313-8439,109.6425,2.03028,Malaysia
IRIS_313-8468,109.6425,2.03028,Malaysia
IRIS_313-8492,115.56667,5.53333,Malaysia
IRIS_313-8557,109.6425,2.03028,Malaysia
IRIS_313-8591,109.6425,2.03028,Malaysia
IRIS_313-8626,114.28583,2.47583,Malaysia
IRIS_313-8723,109.6425,2.03028,Malaysia
IRIS_313-8781,109.6425,2.03028,Malaysia
IRIS_313-8811,115.95,5.71667,Malaysia
IRIS_313-8883,116.26667,5.51667,Malaysia
IRIS_313-8894,115.41667,5.38333,Malaysia
IRIS_313-8987,116.1,5,Malaysia
IRIS_313-9050,116.05,5.1,Malaysia
IRIS_313-9070,109.6425,2.03028,Malaysia
IRIS_313-9101,116.08333,5.06667,Malaysia
IRIS_313-9102,117.43333,5.81667,Malaysia
IRIS_313-9187,116.23333,5.51667,Malaysia
IRIS_313-9210,109.6425,2.03028,Malaysia
IRIS_313-9375,117.11667,5.61667,Malaysia
IRIS_313-9558,116.08333,5.21667,Malaysia
IRIS_313-9582,113.00083,2.55722,Malaysia
IRIS_313-9694,115.88333,4.93333,Malaysia
IRIS_313-9699,109.6425,2.03028,Malaysia
IRGC_33130,96.683056,18.683611,Myanmar
IRGC_33888,96.683056,18.683611,Myanmar
IRIS_313-11195,96.68306,18.68361,Myanmar
IRIS_313-11405,96.68306,18.68361,Myanmar
IRIS_313-11541,97.66583,17.35694,Myanmar
IRIS_313-11542,98.66694,21.7225,Myanmar
IRIS_313-11543,96.58472,17.62,Myanmar
IRIS_313-11544,98.66694,21.7225,Myanmar
IRIS_313-11545,95.52333,24.48778,Myanmar
IRIS_313-11546,95.52333,24.48778,Myanmar
IRIS_313-11547,98.66694,21.7225,Myanmar
IRIS_313-11548,95.52333,24.48778,Myanmar
IRIS_313-11549,95.52333,24.48778,Myanmar
IRIS_313-11816,96.68306,18.68361,Myanmar
IRIS_313-11817,96.68306,18.68361,Myanmar
IRIS_313-11818,96.68306,18.68361,Myanmar
IRIS_313-11819,96.68306,18.68361,Myanmar
IRIS_313-11820,96.68306,18.68361,Myanmar
IRIS_313-11993,95.16667,16.5,Myanmar
IRIS_313-12050,96.63333,20.6,Myanmar
IRIS_313-12074,95.16667,16.5,Myanmar
IRIS_313-12266,96.88472,22.59722,Myanmar
IRIS_313-12268,96.64278,26.36972,Myanmar
IRIS_313-12269,92.41472,20.98389,Myanmar
IRIS_313-12270,96.64278,26.36972,Myanmar
IRIS_313-12286,97,17,Myanmar
IRIS_313-12287,97,17,Myanmar
IRIS_313-12288,98.6075,12.42944,Myanmar
IRIS_313-12289,97.36167,19.51083,Myanmar
IRIS_313-12290,97.1,25.30528,Myanmar
IRIS_313-12291,94.21222,22.26139,Myanmar
IRIS_313-12292,98.6075,12.42944,Myanmar
IRIS_313-12296,98.43417,13.66278,Myanmar
IRIS_313-8659,95.52333,24.48778,Myanmar
IRIS_313-8751,96.03333,17,Myanmar
IRIS_313-8793,98.66694,21.7225,Myanmar
IRIS_313-9182,96.68306,18.68361,Myanmar
IRGC_61953,84.1225,28.390833,Nepal
IRIS_313-10007,80.29889,28.84889,Nepal
IRIS_313-10924,84.1225,28.39083,Nepal
IRIS_313-10925,84.1225,28.39083,Nepal
IRIS_313-10926,84.1225,28.39083,Nepal
IRIS_313-10927,84.1225,28.39083,Nepal
IRIS_313-11561,84.73778,27.21167,Nepal
IRIS_313-11563,85.32694,26.9875,Nepal
IRIS_313-11564,87.15056,26.63278,Nepal
IRIS_313-11565,85.57417,26.96167,Nepal
IRIS_313-11566,87.91389,26.56722,Nepal
IRIS_313-11567,85.82778,26.86972,Nepal
IRIS_313-11568,85.44083,27.6575,Nepal
IRIS_313-11624,83.98333,28.23333,Nepal
IRIS_313-11625,83.98333,28.23333,Nepal
IRIS_313-11626,83.40972,28.37972,Nepal
IRIS_313-11627,83.48917,28.53833,Nepal
IRIS_313-11629,86.71583,27.13639,Nepal
IRIS_313-11630,84.455,28.27972,Nepal
IRIS_313-11632,83.86639,28.08306,Nepal
IRIS_313-11671,81.40972,28.36667,Nepal
IRIS_313-11672,81.89306,30.02,Nepal
IRIS_313-11943,84.1225,28.39083,Nepal
IRIS_313-11944,84.1225,28.39083,Nepal
IRIS_313-12093,84.1225,28.39083,Nepal
IRIS_313-12139,80.47722,29.20944,Nepal
IRIS_313-12180,82.09028,28.39972,Nepal
IRIS_313-12182,87.38417,26.99861,Nepal
IRIS_313-12183,81.50056,29.61361,Nepal
IRIS_313-7933,85.38111,27.67611,Nepal
IRIS_313-9698,127.43167,40.30167,NorthKorea
IRGC_27798,69.3625,30.395833,Pakistan
IRGC_27819,69.3625,30.395833,Pakistan
IRGC_27869,69.3625,30.395833,Pakistan
IRGC_28134,69.3625,30.395833,Pakistan
IRGC_38698,72.001667,35.203333,Pakistan
IRGC_67019,74.509167,31.829722,Pakistan
IRGC_73118,67.93333,30.1,Pakistan
IRGC_73124,68.2,28.26667,Pakistan
IRGC_73126,68.2,28.26667,Pakistan
IRIS_313-11020,69.3625,30.39583,Pakistan
IRIS_313-11021,69.3625,30.39583,Pakistan
IRIS_313-11022,69.3625,30.39583,Pakistan
IRIS_313-11023,69.3625,30.39583,Pakistan
IRIS_313-11024,69.3625,30.39583,Pakistan
IRIS_313-11025,69.3625,30.39583,Pakistan
IRIS_313-11026,69.3625,30.39583,Pakistan
IRIS_313-11027,69.3625,30.39583,Pakistan
IRIS_313-11028,68.52444,25.89417,Pakistan
IRIS_313-11029,69.3625,30.39583,Pakistan
IRIS_313-11030,69.3625,30.39583,Pakistan
IRIS_313-11031,69.3625,30.39583,Pakistan
IRIS_313-11032,69.3625,30.39583,Pakistan
IRIS_313-11033,68.58694,25.06694,Pakistan
IRIS_313-11034,69.3625,30.39583,Pakistan
IRIS_313-11035,68.58694,25.06694,Pakistan
IRIS_313-11036,69.3625,30.39583,Pakistan
IRIS_313-11037,69.3625,30.39583,Pakistan
IRIS_313-11829,71.8425,34.82611,Pakistan
IRIS_313-11888,67.16667,28.11667,Pakistan
IRIS_313-11889,63.48333,26.01667,Pakistan
IRIS_313-8390,69.3625,30.39583,Pakistan
IRIS_313-8398,69.3625,30.39583,Pakistan
IRIS_313-9283,68.2,28.26667,Pakistan
IRIS_313-9449,67.21667,28.3,Pakistan
IRIS_313-9601,66.33333,26.36667,Pakistan
IRIS_313-9695,67.93333,30.1,Pakistan
IRGC_121705,121.047222,13.111389,Philippines
IRGC_23364,121.180833,14.065,Philippines
IRGC_26872,125.083056,7.916667,Philippines
IRGC_328,118.392778,9.446111,Philippines
IRGC_3849,121.047222,13.111389,Philippines
IRGC_4020,121.047222,13.111389,Philippines
IRGC_44455,121.510556,16.933333,Philippines
IRGC_44513,121.243056,12.862778,Philippines
IRGC_44600,120.514167,18.078611,Philippines
IRGC_5423,121.04722,13.11139,Philippines
IRGC_55418,121.273333,17.203056,Philippines
IRGC_67428,121.16667,13.83333,Philippines
IRGC_67429,120.83333,14.33333,Philippines
IRGC_67431,121.16667,13.83333,Philippines
IRGC_74606,121.08333,13.91667,Philippines
IRGC_8182,121.047222,13.111389,Philippines
IRGC_8244,121.047222,13.111389,Philippines
IRGC_8245,121.047222,13.111389,Philippines
IRGC_9804,121.047222,13.111389,Philippines
IRIS_313-10433,121.04722,13.11139,Philippines
IRIS_313-10489,121.04722,13.11139,Philippines
IRIS_313-10510,121.04722,13.11139,Philippines
IRIS_313-10511,121.04722,13.11139,Philippines
IRIS_313-10514,121.04722,13.11139,Philippines
IRIS_313-10577,120.965,17.06361,Philippines
IRIS_313-10578,121.24306,12.86278,Philippines
IRIS_313-10580,121.24306,12.86278,Philippines
IRIS_313-10581,122.15,6.55,Philippines
IRIS_313-10582,120.93056,17.11389,Philippines
IRIS_313-10644,121.11306,16.25944,Philippines
IRIS_313-10645,121.11306,16.25944,Philippines
IRIS_313-10827,118.39139,9.58639,Philippines
IRIS_313-10828,118.39278,9.44611,Philippines
IRIS_313-10829,118.39278,9.44611,Philippines
IRIS_313-10830,118.71667,9.91667,Philippines
IRIS_313-10831,118.39278,9.44611,Philippines
IRIS_313-10832,118.39278,9.44611,Philippines
IRIS_313-10917,120.75,17.2,Philippines
IRIS_313-10918,120.75,17.2,Philippines
IRIS_313-10919,120.75,17.2,Philippines
IRIS_313-10920,120.75,17.2,Philippines
IRIS_313-10931,120.63083,16.505,Philippines
IRIS_313-10990,121.96972,6.67111,Philippines
IRIS_313-10991,122.54889,10.71833,Philippines
IRIS_313-10992,123.27528,13.69528,Philippines
IRIS_313-10993,121.30056,17.13028,Philippines
IRIS_313-10994,121.30056,17.13028,Philippines
IRIS_313-11097,123.8525,9.65083,Philippines
IRIS_313-11196,120.1425,15.99056,Philippines
IRIS_313-11234,121,15.58306,Philippines
IRIS_313-11330,120.74333,17.95111,Philippines
IRIS_313-11331,120.69472,18.1775,Philippines
IRIS_313-11334,120.69472,18.1775,Philippines
IRIS_313-11335,120.42278,16.52139,Philippines
IRIS_313-11336,121.10806,12.35389,Philippines
IRIS_313-11337,123.38972,8.47639,Philippines
IRIS_313-11338,123.48778,8.6175,Philippines
IRIS_313-11339,121.04722,13.11139,Philippines
IRIS_313-11340,120.39278,17.635,Philippines
IRIS_313-11341,120.69472,18.1775,Philippines
IRIS_313-11342,121.00778,17.14833,Philippines
IRIS_313-11343,120.65972,17.98,Philippines
IRIS_313-11344,120.44167,15.99056,Philippines
IRIS_313-11345,120.69472,18.1775,Philippines
IRIS_313-11346,121.56639,15.73417,Philippines
IRIS_313-11347,120.39389,17.56222,Philippines
IRIS_313-11377,120.79472,17.5675,Philippines
IRIS_313-11379,123.03611,10.6625,Philippines
IRIS_313-11380,125.14139,11.41444,Philippines
IRIS_313-11381,121.25806,16.8775,Philippines
IRIS_313-11424,121.25,17.75,Philippines
IRIS_313-11441,124.46389,11.34944,Philippines
IRIS_313-11463,122.31083,11.62667,Philippines
IRIS_313-11464,125.80111,8.585,Philippines
IRIS_313-11465,123.27528,13.69528,Philippines
IRIS_313-11467,125.08306,7.91667,Philippines
IRIS_313-11471,120.47083,16.9575,Philippines
IRIS_313-11472,120.825,16.57861,Philippines
IRIS_313-11473,120.71194,16.81139,Philippines
IRIS_313-11485,121.15,16.48306,Philippines
IRIS_313-11511,121.16833,17.06417,Philippines
IRIS_313-11512,121.27333,17.20306,Philippines
IRIS_313-11532,125.08306,7.91667,Philippines
IRIS_313-11673,118.39139,9.58639,Philippines
IRIS_313-11736,120.75,14.25,Philippines
IRIS_313-11788,121.44639,18.43,Philippines
IRIS_313-11851,121.09639,16.77056,Philippines
IRIS_313-11913,124.945,7.10861,Philippines
IRIS_313-11928,118.39278,9.44611,Philippines
IRIS_313-11929,118.39278,9.44611,Philippines
IRIS_313-11934,122.62778,11.38889,Philippines
IRIS_313-11959,123.70861,12.02,Philippines
IRIS_313-11994,121.34694,12.32556,Philippines
IRIS_313-11995,121.34694,12.32556,Philippines
IRIS_313-11996,121.85583,18.83194,Philippines
IRIS_313-12051,121.04722,13.11139,Philippines
IRIS_313-12066,121.04722,13.11139,Philippines
IRIS_313-12067,121.04722,13.11139,Philippines
IRIS_313-12073,121.34694,12.32556,Philippines
IRIS_313-12080,121.04722,13.11139,Philippines
IRIS_313-12081,121.04722,13.11139,Philippines
IRIS_313-12244,120.77056,13.02944,Philippines
IRIS_313-12271,118.28389,9.28778,Philippines
IRIS_313-12272,118.28972,9.46917,Philippines
IRIS_313-8292,121.04722,13.11139,Philippines
IRIS_313-8356,121.43,18.05222,Philippines
IRIS_313-8383,121.04722,13.11139,Philippines
IRIS_313-8431,121.25,17.75,Philippines
IRIS_313-8567,120.21667,15.96667,Philippines
IRIS_313-8594,121.08333,13.91667,Philippines
IRIS_313-8948,120.49028,16.67667,Philippines
IRIS_313-9389,121.08333,14,Philippines
IRIS_313-9423,120.83333,14.33333,Philippines
IRIS_313-9505,121.04722,13.11139,Philippines
IRIS_313-9616,120.75,14.25,Philippines
IRIS_313-9897,118.61889,9.96167,Philippines
IRIS_313-9928,121.23556,16.97361,Philippines
IRIS_313-9929,121.40556,17.69722,Philippines
IRGC_117276,127.335556,35.859167,SouthKorea
IRIS_313-10065,127.33556,35.85917,SouthKorea
IRIS_313-10067,127.33556,35.85917,SouthKorea
IRIS_313-10092,128.78333,35.3,SouthKorea
IRIS_313-10093,128.53778,35.20944,SouthKorea
IRIS_313-10094,128.68333,35.16667,SouthKorea
IRIS_313-10096,128.41667,36.16667,SouthKorea
IRIS_313-10097,128.53778,35.20944,SouthKorea
IRIS_313-10124,126.3,37.75,SouthKorea
IRIS_313-10837,127.33556,35.85917,SouthKorea
IRIS_313-10838,127.33556,35.85917,SouthKorea
IRIS_313-10839,127.33556,35.85917,SouthKorea
IRIS_313-10840,127.33556,35.85917,SouthKorea
IRIS_313-11973,128.86667,35.66667,SouthKorea
IRIS_313-12217,127.33556,35.85917,SouthKorea
IRIS_313-9379,127.33556,35.85917,SouthKorea
IRIS_313-9886,127.33556,35.85917,SouthKorea
IRIS_313-9887,127.33556,35.85917,SouthKorea
IRIS_313-9890,127.33556,35.85917,SouthKorea
IRIS_313-9891,127.33556,35.85917,SouthKorea
IRIS_313-9974,127.33556,35.85917,SouthKorea
IRIS_313-9976,127.33556,35.85917,SouthKorea
IRGC_47383,81,7.93333,SriLanka
IRGC_51064,80.478333,8.836111,SriLanka
IRGC_8952,80.031944,6.846389,SriLanka
IRIS_313-10020,80.13389,6.57472,SriLanka
IRIS_313-10298,80.7,7.87694,SriLanka
IRIS_313-10609,80.21667,6.05,SriLanka
IRIS_313-10610,81.01083,6.83194,SriLanka
IRIS_313-10661,81.03333,6.98306,SriLanka
IRIS_313-10662,79.96667,6.58306,SriLanka
IRIS_313-10715,80.21667,6.05,SriLanka
IRIS_313-10716,80.03194,6.84639,SriLanka
IRIS_313-10717,80.06417,9.65472,SriLanka
IRIS_313-10718,81.7,7.7,SriLanka
IRIS_313-10719,81.7,7.7,SriLanka
IRIS_313-10720,80.41667,8.31667,SriLanka
IRIS_313-10721,80.41667,8.31667,SriLanka
IRIS_313-10722,80.38333,6.7,SriLanka
IRIS_313-11110,79.96667,6.58306,SriLanka
IRIS_313-11191,80.21667,6.05,SriLanka
IRIS_313-11382,80.63306,7.28306,SriLanka
IRIS_313-11741,80.11639,6.61639,SriLanka
IRIS_313-11916,80.04472,6.38528,SriLanka
IRIS_313-8244,81.01083,6.83194,SriLanka
IRIS_313-8342,80.63194,6.05889,SriLanka
IRIS_313-8699,80.43333,8.55,SriLanka
IRIS_313-8783,80.53306,5.95,SriLanka
IRIS_313-8925,80.38333,6.7,SriLanka
IRIS_313-8968,81,7.93333,SriLanka
IRIS_313-9039,81.50028,7.14889,SriLanka
IRIS_313-9256,79.96667,6.58306,SriLanka
IRIS_313-9636,79.96667,6.58306,SriLanka
IRIS_313-9809,80.06417,9.65472,SriLanka
IRIS_313-9831,80.03194,6.84639,SriLanka
IRIS_313-9832,81.7,7.7,SriLanka
IRIS_313-9861,80.06417,9.65472,SriLanka
IRIS_313-9862,80.06417,9.65472,SriLanka
IRIS_313-9867,80.63306,7.28306,SriLanka
IRIS_313-9917,80.7,7.87694,SriLanka
IRIS_313-9949,81.02278,6.86417,SriLanka
IRIS_313-9968,80.56917,9.20833,SriLanka
IRIS_313-9969,81.07889,8.56833,SriLanka
IRIS_313-9970,81.07889,8.56833,SriLanka
IRGC_10430,120.653889,23.6,Taiwan
IRGC_117279,120.653889,23.6,Taiwan
IRGC_42576,120.653889,23.6,Taiwan
IRGC_5508,120.653889,23.6,Taiwan
IRGC_65293,120.653889,23.6,Taiwan
IRGC_8196,120.653889,23.6,Taiwan
IRGC_8238,120.653889,23.6,Taiwan
IRGC_8242,120.653889,23.6,Taiwan
IRGC_8267,120.653889,23.6,Taiwan
IRGC_8268,120.653889,23.6,Taiwan
IRGC_8269,120.653889,23.6,Taiwan
IRIS_313-10429,120.65389,23.6,Taiwan
IRIS_313-10515,120.65389,23.6,Taiwan
IRIS_313-10631,120.65389,23.6,Taiwan
IRIS_313-11692,120.65389,23.6,Taiwan
IRIS_313-11693,120.65389,23.6,Taiwan
IRIS_313-11694,120.65389,23.6,Taiwan
IRIS_313-11695,120.65389,23.6,Taiwan
IRIS_313-11698,120.65389,23.6,Taiwan
IRIS_313-11981,120.65389,23.6,Taiwan
IRIS_313-8743,120.65389,23.6,Taiwan
IRIS_313-9701,120.65389,23.6,Taiwan
IRIS_313-9702,120.65389,23.6,Taiwan
IRIS_313-9758,120.65389,23.6,Taiwan
IRGC_24224,101.491944,13.039444,Thailand
IRGC_27716,99,18.78333,Thailand
IRGC_27748,100.958056,13.533056,Thailand
IRGC_27762,101.491944,13.039444,Thailand
IRGC_30238,101.491944,13.039444,Thailand
IRGC_40673,100.347778,16.443889,Thailand
IRGC_78253,100.53333,14.36667,Thailand
IRGC_78257,101.86667,12.86667,Thailand
IRGC_78267,100.96667,13.33333,Thailand
IRIS_313-10134,101.49194,13.03944,Thailand
IRIS_313-10176,98.66,18.79639,Thailand
IRIS_313-10650,99.80278,7.51556,Thailand
IRIS_313-10757,101.49194,13.03944,Thailand
IRIS_313-10923,101.49194,13.03944,Thailand
IRIS_313-10928,101.49194,13.03944,Thailand
IRIS_313-11248,101.49194,13.03944,Thailand
IRIS_313-11327,103,16,Thailand
IRIS_313-11386,101.49194,13.03944,Thailand
IRIS_313-11387,101.49194,13.03944,Thailand
IRIS_313-11388,99.72306,18.74389,Thailand
IRIS_313-11389,100.27333,13.54694,Thailand
IRIS_313-11390,100.26028,16.82639,Thailand
IRIS_313-11391,99.82639,17.00556,Thailand
IRIS_313-11392,99.82639,17.00556,Thailand
IRIS_313-11393,100.26028,16.82639,Thailand
IRIS_313-11508,102.99,14.84722,Thailand
IRIS_313-11509,101.49194,13.03944,Thailand
IRIS_313-11530,101.49194,13.03944,Thailand
IRIS_313-11534,100.07278,7.61556,Thailand
IRIS_313-11535,100.06667,6.62306,Thailand
IRIS_313-11608,99.72306,8.5375,Thailand
IRIS_313-11609,101.49194,13.03944,Thailand
IRIS_313-11610,99.72306,8.5375,Thailand
IRIS_313-11611,99.10111,8.11917,Thailand
IRIS_313-11635,98.885,18.72361,Thailand
IRIS_313-11674,99.125,16.88389,Thailand
IRIS_313-11676,104.13944,15.80194,Thailand
IRIS_313-11677,105.855,15.22917,Thailand
IRIS_313-11678,102.62194,15.97167,Thailand
IRIS_313-11679,100.34778,16.44389,Thailand
IRIS_313-11680,102.1,14.97194,Thailand
IRIS_313-11681,100.34778,16.44389,Thailand
IRIS_313-11682,102.62194,15.97167,Thailand
IRIS_313-11683,99.82639,17.00556,Thailand
IRIS_313-11684,99.82639,17.00556,Thailand
IRIS_313-11685,105.855,15.22917,Thailand
IRIS_313-11686,101.49194,13.03944,Thailand
IRIS_313-11687,101.88889,16.01389,Thailand
IRIS_313-11688,101.3725,14.04778,Thailand
IRIS_313-11700,100.14056,18.145,Thailand
IRIS_313-11704,100.55917,14.34917,Thailand
IRIS_313-11705,100.14056,18.145,Thailand
IRIS_313-11706,100.52444,14.02056,Thailand
IRIS_313-11707,100.26028,16.82639,Thailand
IRIS_313-11708,101.27806,12.67556,Thailand
IRIS_313-11709,101.25194,13.20167,Thailand
IRIS_313-11710,100.26028,16.82639,Thailand
IRIS_313-11711,100.52722,7.105,Thailand
IRIS_313-11719,101.49194,13.03944,Thailand
IRIS_313-11720,101.49194,13.03944,Thailand
IRIS_313-11721,101.49194,13.03944,Thailand
IRIS_313-11831,101.49194,13.03944,Thailand
IRIS_313-11832,99.81417,13.52889,Thailand
IRIS_313-11833,101.28083,6.53972,Thailand
IRIS_313-11834,99.81417,13.52889,Thailand
IRIS_313-11835,103.6525,16.05306,Thailand
IRIS_313-11836,101.20167,14.21194,Thailand
IRIS_313-11837,101.61583,13.54889,Thailand
IRIS_313-11838,103.49,14.88,Thailand
IRIS_313-11839,102.1,14.97194,Thailand
IRIS_313-11840,101.28083,6.53972,Thailand
IRIS_313-11841,101.20167,14.21194,Thailand
IRIS_313-11842,101.82389,6.42889,Thailand
IRIS_313-11843,104.32167,15.12,Thailand
IRIS_313-11844,99.81417,13.52889,Thailand
IRIS_313-11845,100.03833,15.37306,Thailand
IRIS_313-11846,100.11806,14.47417,Thailand
IRIS_313-11897,101.49194,13.03944,Thailand
IRIS_313-11920,101.61583,13.54889,Thailand
IRIS_313-11921,101.3725,14.04778,Thailand
IRIS_313-11922,100.14056,18.145,Thailand
IRIS_313-11923,101.15583,16.43472,Thailand
IRIS_313-11924,100.14056,18.145,Thailand
IRIS_313-11925,102.16278,12.79778,Thailand
IRIS_313-11926,100.78222,18.76778,Thailand
IRIS_313-11927,102.98944,17.42917,Thailand
IRIS_313-11957,101.49194,13.03944,Thailand
IRIS_313-11958,101.49194,13.03944,Thailand
IRIS_313-11961,104.78194,17.40806,Thailand
IRIS_313-11962,100.52444,14.02056,Thailand
IRIS_313-8466,99.96333,8.41833,Thailand
IRIS_313-8474,99.58333,19.15,Thailand
IRIS_313-8485,103,16,Thailand
IRIS_313-8565,98.8,18.96667,Thailand
IRIS_313-8580,101.49194,13.03944,Thailand
IRIS_313-8586,100.14056,18.145,Thailand
IRIS_313-8599,101.49194,13.03944,Thailand
IRIS_313-8674,99.82639,17.00556,Thailand
IRIS_313-8679,99.81417,13.52889,Thailand
IRIS_313-8702,101.3725,14.04778,Thailand
IRIS_313-8722,103.50694,16.4325,Thailand
IRIS_313-8732,101.49194,13.03944,Thailand
IRIS_313-8785,100.11806,14.47417,Thailand
IRIS_313-8870,101.25194,13.20167,Thailand
IRIS_313-8872,99.01278,14.67,Thailand
IRIS_313-8884,99.81417,13.52889,Thailand
IRIS_313-8911,101.49194,13.03944,Thailand
IRIS_313-8980,103.50694,16.4325,Thailand
IRIS_313-9006,100.14056,18.145,Thailand
IRIS_313-9019,98.33333,18.5,Thailand
IRIS_313-9020,100.66667,14.83333,Thailand
IRIS_313-9032,101.49194,13.03944,Thailand
IRIS_313-9062,100.14056,18.145,Thailand
IRIS_313-9112,101.49194,13.03944,Thailand
IRIS_313-9115,101.49194,13.03944,Thailand
IRIS_313-9116,101.49194,13.03944,Thailand
IRIS_313-9119,101.49194,13.03944,Thailand
IRIS_313-9121,100.11806,14.47417,Thailand
IRIS_313-9123,100.11806,14.47417,Thailand
IRIS_313-9209,99.87917,19.19167,Thailand
IRIS_313-9281,102.5,12.5,Thailand
IRIS_313-9288,100.14056,18.145,Thailand
IRIS_313-9302,101.49194,13.03944,Thailand
IRIS_313-9357,101.49194,13.03944,Thailand
IRIS_313-9406,101.86667,12.86667,Thailand
IRIS_313-9415,101.3725,14.04778,Thailand
IRIS_313-9451,101.49194,13.03944,Thailand
IRIS_313-9567,101.49194,13.03944,Thailand
IRIS_313-9575,99.82639,17.00556,Thailand
IRIS_313-9600,102.98944,17.42917,Thailand
IRIS_313-9669,99.5,18.83333,Thailand
IRIS_313-9697,99.68333,7.46667,Thailand
IRGC_16800,106.660556,16.472778,Vietnam
IRGC_16872,106.660556,16.472778,Vietnam
IRGC_40748,106.368056,20.958333,Vietnam
IRGC_56036,106.683056,20.85,Vietnam
IRGC_8227,106.660556,16.472778,Vietnam
IRGC_8228,106.660556,16.472778,Vietnam
IRGC_8231,106.660556,16.472778,Vietnam
IRGC_8234,106.660556,16.472778,Vietnam
IRIS_313-10554,106.66056,16.47278,Vietnam
IRIS_313-10555,106.66056,16.47278,Vietnam
IRIS_313-10556,106.66056,16.47278,Vietnam
IRIS_313-10748,106.66056,16.47278,Vietnam
IRIS_313-10749,106.66056,16.47278,Vietnam
IRIS_313-10750,106.66056,16.47278,Vietnam
IRIS_313-10751,106.66056,16.47278,Vietnam
IRIS_313-10755,106.66056,16.47278,Vietnam
IRIS_313-10970,106.66056,16.47278,Vietnam
IRIS_313-11118,106.66056,16.47278,Vietnam
IRIS_313-11119,106.66056,16.47278,Vietnam
IRIS_313-11383,106.66056,16.47278,Vietnam
IRIS_313-11384,106.66056,16.47278,Vietnam
IRIS_313-11521,106.66056,16.47278,Vietnam
IRIS_313-11594,106.66056,16.47278,Vietnam
IRIS_313-11893,104.31583,22.50222,Vietnam
IRIS_313-11894,104.15944,22.38,Vietnam
IRIS_313-11895,106.66056,16.47278,Vietnam
IRIS_313-11896,106.66056,16.47278,Vietnam
IRIS_313-11984,103.66667,22.5,Vietnam
IRIS_313-12078,106.66056,16.47278,Vietnam
IRIS_313-12210,103.56361,21.57111,Vietnam
IRIS_313-8341,106.66056,16.47278,Vietnam
IRIS_313-8409,106.66056,16.47278,Vietnam
IRIS_313-8578,103.16667,21.66667,Vietnam
IRIS_313-8735,105.41667,20.43333,Vietnam
IRIS_313-9131,106.66056,16.47278,Vietnam
IRIS_313-9317,105.5,20,Vietnam
IRIS_313-9429,106.66056,16.47278,Vietnam
IRIS_313-9637,106.66056,16.47278,Vietnam