PC1,PC2,PC3,,
Zm00001eb003660,Zm00001eb067730,Zm00001eb429270,,
Zm00001eb016040,Zm00001eb068210,Zm00001eb419530,,
Zm00001eb038610,Zm00001eb112170,Zm00001eb403120,,
Zm00001eb039590,Zm00001eb167830,Zm00001eb383870,,
Zm00001eb041140,Zm00001eb192230,Zm00001eb383860,,
Zm00001eb047520,Zm00001eb264870,Zm00001eb369270,,
Zm00001eb058360,Zm00001eb277700,Zm00001eb326840,,
Zm00001eb058370,Zm00001eb289980,Zm00001eb315040,,
Zm00001eb058940,Zm00001eb402940,Zm00001eb313500,,
Zm00001eb062910,Zm00001eb403550,Zm00001eb313490,,
Zm00001eb067730,Zm00001eb001560,Zm00001eb312000,,
Zm00001eb068210,Zm00001eb022050,Zm00001eb304390,,
Zm00001eb107190,Zm00001eb032940,Zm00001eb304280,,
Zm00001eb110020,Zm00001eb042070,Zm00001eb291850,,
Zm00001eb110250,Zm00001eb055110,Zm00001eb289290,,
Zm00001eb117300,Zm00001eb066630,Zm00001eb270630,,
Zm00001eb192230,Zm00001eb070510,Zm00001eb260050,,
Zm00001eb204210,Zm00001eb071890,Zm00001eb257750,,
Zm00001eb277700,Zm00001eb073370,Zm00001eb257310,,
Zm00001eb289980,Zm00001eb082560,Zm00001eb257300,,
Zm00001eb339070,Zm00001eb105400,Zm00001eb256120,,
Zm00001eb351150,Zm00001eb110070,Zm00001eb251340,,
Zm00001eb351770,Zm00001eb121500,Zm00001eb233720,,
Zm00001eb384860,Zm00001eb126980,Zm00001eb225230,,
Zm00001eb388080,Zm00001eb130000,Zm00001eb212430,,
Zm00001eb112170,Zm00001eb151190,Zm00001eb211960,,
Zm00001eb118090,Zm00001eb157530,Zm00001eb204960,,
Zm00001eb356130,Zm00001eb162570,Zm00001eb202100,,
Zm00001eb408020,Zm00001eb214900,Zm00001eb195210,,
Zm00001eb362650,Zm00001eb227990,Zm00001eb195200,,
Zm00001eb403550,Zm00001eb240670,Zm00001eb161610,,
Zm00001eb361520,Zm00001eb251130,Zm00001eb126980,,
Zm00001eb402940,Zm00001eb251980,Zm00001eb122470,,
Zm00001eb326880,Zm00001eb256740,Zm00001eb116350,,
Zm00001eb316130,Zm00001eb258010,Zm00001eb112180,,
Zm00001eb228140,Zm00001eb290670,Zm00001eb107190,,
Zm00001eb282430,Zm00001eb296060,Zm00001eb093410,,
Zm00001eb214630,Zm00001eb304390,Zm00001eb082170,,
Zm00001eb281180,Zm00001eb319220,Zm00001eb072810,,
Zm00001eb167830,Zm00001eb319480,Zm00001eb069640,,
Zm00001eb264870,Zm00001eb352400,Zm00001eb067730,,
Zm00001eb167820,Zm00001eb362000,Zm00001eb063370,,
Zm00001eb145890,Zm00001eb371630,Zm00001eb062530,,
Zm00001eb225230,Zm00001eb371840,Zm00001eb061860,,
Zm00001eb429270,Zm00001eb379100,Zm00001eb058860,,
Zm00001eb134240,Zm00001eb395470,Zm00001eb058260,,
Zm00001eb194740,Zm00001eb401400,Zm00001eb043110,,
,Zm00001eb425840,Zm00001eb009950,,
,Zm00001eb428530,Zm00001eb009940,,
,Zm00001eb430620,Zm00001eb002570,,
,,,,
,,,,
,,,,
,,,,
,,,,
,,,,
,,,,
,,,,
,,,,
,,,,
,,,,
,,,,
,,,,
,,,,
,,,,
,,,,
,,,,
,,,,
,,,,
,,,,
,,,,
,,,,
,,,,
,,,,
,,,,
,,,,
,,,,
,,,,
,,,,
,,,,
,,,,
,,,,
,,,,
,,,,
,,,,
,,,,
,,,,
,,,,
,,,,
,,,,
,,,,
,,,,
,,,,
,,,,
,,,,
,,,,
,,,,