"species","gene","pvalue"
"Arabidopsis","AT4G09690",1.081322e-29
"Arabidopsis","AT4G09720",1.081322e-29
"Arabidopsis","AT4G09730",1.081322e-29
"Arabidopsis","AT4G09731",1.081322e-29
"Arabidopsis","AT4G09740",1.081322e-29
"Arabidopsis","AT4G09750",1.081322e-29
"Arabidopsis","AT4G09760",1.081322e-29
"Arabidopsis","AT4G09770",1.081322e-29
"Arabidopsis","AT4G09775",1.081322e-29
"Arabidopsis","AT4G09780",1.081322e-29
"Arabidopsis","AT4G09784",1.081322e-29
"Arabidopsis","AT4G09795",1.081322e-29
"Arabidopsis","AT4G09800",1.081322e-29
"Arabidopsis","AT4G09810",1.081322e-29
"Arabidopsis","AT4G11140",1.187589e-23
"Arabidopsis","AT4G11150",1.187589e-23
"Arabidopsis","AT4G11160",1.187589e-23
"Arabidopsis","AT4G11170",1.187589e-23
"Arabidopsis","AT4G11175",1.187589e-23
"Arabidopsis","AT4G11177",1.187589e-23
"Arabidopsis","AT4G11180",1.187589e-23
"Arabidopsis","AT4G11190",1.187589e-23
"Arabidopsis","AT4G11210",1.187589e-23
"Arabidopsis","AT4G11211",1.187589e-23
"Arabidopsis","AT4G11110",2.719141e-23
"Arabidopsis","AT4G11120",2.719141e-23
"Arabidopsis","AT4G11130",2.719141e-23
"Arabidopsis","AT4G11213",2.719141e-23
"Arabidopsis","AT4G11216",2.719141e-23
"Arabidopsis","AT4G11220",2.719141e-23
"Arabidopsis","AT4G11230",4.563992e-23
"Arabidopsis","AT4G11240",4.563992e-23
"Arabidopsis","AT4G11250",4.09061e-22
"Arabidopsis","AT4G11260",4.09061e-22
"Arabidopsis","AT4G11270",4.09061e-22
"Arabidopsis","AT4G10930",9.404455e-20
"Arabidopsis","AT4G10940",9.404455e-20
"Arabidopsis","AT4G10950",9.404455e-20
"Arabidopsis","AT4G10955",9.404455e-20
"Arabidopsis","AT4G10960",9.404455e-20
"Arabidopsis","AT4G10970",9.404455e-20
"Arabidopsis","AT4G11000",9.404455e-20
"Arabidopsis","AT4G11010",9.404455e-20
"Arabidopsis","AT4G11020",9.404455e-20
"Arabidopsis","AT4G11030",9.404455e-20
"Arabidopsis","AT4G11040",9.404455e-20
"Arabidopsis","AT4G11050",9.404455e-20
"Arabidopsis","AT4G11060",9.404455e-20
"Arabidopsis","AT4G11070",2.879775e-19
"Arabidopsis","AT4G11080",2.879775e-19
"Arabidopsis","AT4G11090",2.879775e-19
"Arabidopsis","AT4G11100",2.879775e-19
"Arabidopsis","AT3G33293",7.643301e-18
"Arabidopsis","AT3G33393",7.643301e-18
"Arabidopsis","AT3G33494",7.643301e-18
"Arabidopsis","AT4G09420",2.619742e-17
"Arabidopsis","AT4G09430",2.619742e-17
"Arabidopsis","AT4G09432",2.619742e-17
"Arabidopsis","AT4G09440",2.619742e-17
"Arabidopsis","AT4G09450",2.619742e-17
"Arabidopsis","AT4G09460",2.619742e-17
"Arabidopsis","AT1G77660",4.398021e-17
"Arabidopsis","AT1G77670",4.398021e-17
"Arabidopsis","AT1G77680",4.398021e-17
"Arabidopsis","AT1G77682",4.398021e-17
"Arabidopsis","AT1G77690",4.398021e-17
"Arabidopsis","AT1G77700",4.398021e-17
"Arabidopsis","AT1G77710",4.398021e-17
"Arabidopsis","AT1G77720",4.398021e-17
"Arabidopsis","AT1G77730",4.398021e-17
"Arabidopsis","AT1G77740",4.398021e-17
"Arabidopsis","AT1G77746",4.398021e-17
"Arabidopsis","AT1G77750",4.398021e-17
"Arabidopsis","AT3G42310",5.431786e-17
"Arabidopsis","AT3G42380",5.431786e-17
"Arabidopsis","AT4G10850",1.657137e-16
"Arabidopsis","AT4G10860",1.657137e-16
"Arabidopsis","AT4G10870",1.657137e-16
"Arabidopsis","AT4G10880",1.657137e-16
"Arabidopsis","AT4G10890",1.657137e-16
"Arabidopsis","AT4G10895",1.657137e-16
"Arabidopsis","AT4G10910",1.657137e-16
"Arabidopsis","AT4G10920",1.657137e-16
"Arabidopsis","AT4G10925",1.657137e-16
"Arabidopsis","AT4G36920",1.76052e-16
"Arabidopsis","AT4G36925",1.76052e-16
"Arabidopsis","AT4G36930",1.76052e-16
"Arabidopsis","AT4G36940",1.76052e-16
"Arabidopsis","AT4G36945",1.76052e-16
"Arabidopsis","AT4G36950",1.76052e-16
"Arabidopsis","AT4G36960",1.76052e-16
"Arabidopsis","AT4G36970",1.76052e-16
"Arabidopsis","AT4G36980",1.76052e-16
"Arabidopsis","AT4G36988",1.76052e-16
"Arabidopsis","AT4G36990",1.76052e-16
"Arabidopsis","AT4G37000",1.76052e-16
"Arabidopsis","AT4G37010",1.76052e-16
"Arabidopsis","AT4G37020",1.76052e-16
"Arabidopsis","AT4G37022",1.76052e-16
"Arabidopsis","AT4G15500",6.881961e-15
"Arabidopsis","AT4G15510",6.881961e-15
"Arabidopsis","AT4G15520",6.881961e-15
"Arabidopsis","AT4G15530",6.881961e-15
"Arabidopsis","AT4G15540",6.881961e-15
"Arabidopsis","AT4G15545",6.881961e-15
"Arabidopsis","AT4G15550",6.881961e-15
"Arabidopsis","AT4G15560",6.881961e-15
"Arabidopsis","AT4G15563",6.881961e-15
"Arabidopsis","AT4G15570",6.881961e-15
"Arabidopsis","AT4G16820",8.988207e-15
"Arabidopsis","AT4G16830",8.988207e-15
"Arabidopsis","AT4G16835",8.988207e-15
"Arabidopsis","AT4G16840",8.988207e-15
"Arabidopsis","AT4G16845",8.988207e-15
"Arabidopsis","AT4G16850",8.988207e-15
"Arabidopsis","AT4G16855",8.988207e-15
"Arabidopsis","AT4G16860",8.988207e-15
"Arabidopsis","AT4G16880",8.988207e-15
"Arabidopsis","AT4G16890",8.988207e-15
"Arabidopsis","AT4G16892",8.988207e-15
"Arabidopsis","AT4G16900",8.988207e-15
"Arabidopsis","AT4G16915",8.988207e-15
"Arabidopsis","AT5G64740",1.023109e-14
"Arabidopsis","AT5G64750",1.023109e-14
"Arabidopsis","AT5G64760",1.023109e-14
"Arabidopsis","AT5G64770",1.023109e-14
"Arabidopsis","AT5G64780",1.023109e-14
"Arabidopsis","AT5G64790",1.023109e-14
"Arabidopsis","AT5G64800",1.023109e-14
"Arabidopsis","AT5G64810",1.023109e-14
"Arabidopsis","AT5G64813",1.023109e-14
"Arabidopsis","AT5G64816",1.023109e-14
"Arabidopsis","AT5G64820",1.023109e-14
"Arabidopsis","AT5G64830",1.023109e-14
"Arabidopsis","AT5G64840",1.023109e-14
"Arabidopsis","AT5G64850",1.023109e-14
"Arabidopsis","AT5G64855",1.023109e-14
"Arabidopsis","AT5G64860",1.023109e-14
"Arabidopsis","AT5G64870",1.023109e-14
"Arabidopsis","AT5G64880",1.023109e-14
"Arabidopsis","AT5G64890",1.023109e-14
"Arabidopsis","AT5G64900",1.023109e-14
"Arabidopsis","AT5G64905",1.023109e-14
"Arabidopsis","AT5G64910",1.023109e-14
"Arabidopsis","AT4G14723",1.09913e-14
"Arabidopsis","AT4G14730",1.09913e-14
"Arabidopsis","AT4G14740",1.09913e-14
"Arabidopsis","AT4G14746",1.09913e-14
"Arabidopsis","AT4G14750",1.09913e-14
"Arabidopsis","AT4G14760",1.09913e-14
"Arabidopsis","AT4G14770",1.09913e-14
"Arabidopsis","AT5G64920",1.189992e-14
"Arabidopsis","AT5G64930",1.189992e-14
"Arabidopsis","AT4G10160",1.531741e-14
"Arabidopsis","AT4G10170",1.531741e-14
"Arabidopsis","AT4G10180",1.531741e-14
"Arabidopsis","AT4G10190",1.531741e-14
"Arabidopsis","AT4G10200",1.531741e-14
"Arabidopsis","AT4G10210",1.531741e-14
"Arabidopsis","AT4G10220",1.531741e-14
"Arabidopsis","AT4G10230",1.531741e-14
"Arabidopsis","AT4G10240",1.531741e-14
"Arabidopsis","AT4G10250",1.531741e-14
"Arabidopsis","AT4G10260",1.531741e-14
"Arabidopsis","AT4G10265",1.531741e-14
"Arabidopsis","AT4G10270",1.531741e-14
"Arabidopsis","AT4G10280",1.531741e-14
"Arabidopsis","AT4G10290",1.531741e-14
"Arabidopsis","AT4G10300",1.531741e-14
"Arabidopsis","AT3G50665",2.357829e-14
"Arabidopsis","AT3G50670",2.357829e-14
"Arabidopsis","AT3G50674",2.357829e-14
"Arabidopsis","AT3G50682",2.357829e-14
"Arabidopsis","AT3G50685",2.357829e-14
"Arabidopsis","AT3G50690",2.357829e-14
"Arabidopsis","AT3G50695",2.357829e-14
"Arabidopsis","AT3G50700",2.357829e-14
"Arabidopsis","AT3G50710",2.357829e-14
"Arabidopsis","AT3G50720",2.357829e-14
"Arabidopsis","AT3G50730",2.357829e-14
"Arabidopsis","AT3G50740",2.357829e-14
"Arabidopsis","AT3G50750",2.357829e-14
"Arabidopsis","AT3G50751",2.357829e-14
"Arabidopsis","AT3G50760",2.357829e-14
"Arabidopsis","AT4G36880",2.601622e-14
"Arabidopsis","AT4G36890",2.601622e-14
"Arabidopsis","AT4G36900",2.601622e-14
"Arabidopsis","AT4G36910",2.601622e-14
"Arabidopsis","AT4G08580",3.635073e-14
"Arabidopsis","AT4G08590",3.635073e-14
"Arabidopsis","AT4G08593",3.635073e-14
"Arabidopsis","AT4G08620",3.635073e-14
"Arabidopsis","AT4G08630",3.635073e-14
"Arabidopsis","AT4G00120",8.936115e-14
"Arabidopsis","AT4G00124",8.936115e-14
"Arabidopsis","AT4G00130",8.936115e-14
"Arabidopsis","AT4G00140",8.936115e-14
"Arabidopsis","AT4G00150",8.936115e-14
"Arabidopsis","AT4G00160",8.936115e-14
"Arabidopsis","AT4G00165",8.936115e-14
"Arabidopsis","AT4G00170",8.936115e-14
"Arabidopsis","AT4G00180",8.936115e-14
"Arabidopsis","AT4G00190",8.936115e-14
"Arabidopsis","AT4G00200",8.936115e-14
"Arabidopsis","AT4G00210",8.936115e-14
"Arabidopsis","AT4G00220",8.936115e-14
"Arabidopsis","AT4G15610",1.530175e-13
"Arabidopsis","AT4G15620",1.530175e-13
"Arabidopsis","AT4G10810",2.039457e-13
"Arabidopsis","AT4G10815",2.039457e-13
"Arabidopsis","AT4G10820",2.039457e-13
"Arabidopsis","AT4G10840",2.039457e-13
"Arabidopsis","AT4G10845",2.039457e-13
"Arabidopsis","AT3G60530",2.232127e-13
"Arabidopsis","AT3G60540",2.232127e-13
"Arabidopsis","AT3G60550",2.232127e-13
"Arabidopsis","AT3G60560",2.232127e-13
"Arabidopsis","AT3G60570",2.232127e-13
"Arabidopsis","AT3G60580",2.232127e-13
"Arabidopsis","AT3G60590",2.232127e-13
"Arabidopsis","AT3G60600",2.232127e-13
"Arabidopsis","AT3G60620",2.232127e-13
"Arabidopsis","AT3G60630",2.232127e-13
"Arabidopsis","AT3G60640",2.232127e-13
"Arabidopsis","AT3G60647",2.232127e-13
"Arabidopsis","AT3G60650",2.232127e-13
"Arabidopsis","AT3G60660",2.232127e-13
"Arabidopsis","AT4G09462",2.876061e-13
"Arabidopsis","AT4G09464",2.876061e-13
"Arabidopsis","AT4G09465",2.876061e-13
"Arabidopsis","AT4G11350",4.798306e-13
"Arabidopsis","AT4G11355",4.798306e-13
"Arabidopsis","AT4G11360",4.798306e-13
"Arabidopsis","AT4G11370",4.798306e-13
"Arabidopsis","AT4G11380",4.798306e-13
"Arabidopsis","AT4G11385",4.798306e-13
"Arabidopsis","AT4G11390",4.798306e-13
"Arabidopsis","AT4G11393",4.798306e-13
"Arabidopsis","AT4G11400",4.798306e-13
"Arabidopsis","AT4G11405",4.798306e-13
"Arabidopsis","AT4G11410",4.798306e-13
"Arabidopsis","AT4G11420",4.798306e-13
"Arabidopsis","AT1G03780",6.142647e-13
"Arabidopsis","AT1G03790",6.142647e-13
"Arabidopsis","AT1G03800",6.142647e-13
"Arabidopsis","AT1G03810",6.142647e-13
"Arabidopsis","AT1G03820",6.142647e-13
"Arabidopsis","AT1G03830",6.142647e-13
"Arabidopsis","AT1G03840",6.142647e-13
"Arabidopsis","AT1G03850",6.142647e-13
"Arabidopsis","AT1G03860",6.142647e-13
"Arabidopsis","AT1G03870",6.142647e-13
"Arabidopsis","AT1G03880",6.142647e-13
"Arabidopsis","AT1G03890",6.142647e-13
"Arabidopsis","AT1G03900",6.142647e-13
"Arabidopsis","AT1G03905",6.142647e-13
"Arabidopsis","AT1G03910",6.142647e-13
"Arabidopsis","AT1G03920",6.142647e-13
"Arabidopsis","AT1G03930",6.142647e-13
"Arabidopsis","AT1G03935",6.142647e-13
"Arabidopsis","AT1G03940",6.142647e-13
"Arabidopsis","AT4G03960",7.94952e-13
"Arabidopsis","AT4G03965",7.94952e-13
"Arabidopsis","AT4G04020",7.94952e-13
"Arabidopsis","AT4G04030",7.94952e-13
"Arabidopsis","AT4G21320",8.400081e-13
"Arabidopsis","AT4G21323",8.400081e-13
"Arabidopsis","AT4G21326",8.400081e-13
"Arabidopsis","AT4G21330",8.400081e-13
"Arabidopsis","AT4G21340",8.400081e-13
"Arabidopsis","AT4G21350",8.400081e-13
"Arabidopsis","AT4G21362",8.400081e-13
"Arabidopsis","AT4G21366",8.400081e-13
"Arabidopsis","AT4G21380",8.400081e-13
"Arabidopsis","AT4G11280",9.340435e-13
"Arabidopsis","AT4G11290",9.340435e-13
"Arabidopsis","AT4G11300",9.340435e-13
"Arabidopsis","AT4G11310",9.340435e-13
"Arabidopsis","AT4G11320",9.340435e-13
"Arabidopsis","AT5G33439",1.050756e-12
"Arabidopsis","AT5G33806",1.050756e-12
"Arabidopsis","AT5G33898",1.050756e-12
"Arabidopsis","AT4G33940",1.326206e-12
"Arabidopsis","AT4G33945",1.326206e-12
"Arabidopsis","AT4G33950",1.326206e-12
"Arabidopsis","AT4G33960",1.326206e-12
"Arabidopsis","AT4G33970",1.326206e-12
"Arabidopsis","AT4G33980",1.326206e-12
"Arabidopsis","AT4G33985",1.326206e-12
"Arabidopsis","AT4G33990",1.326206e-12
"Arabidopsis","AT4G34000",1.326206e-12
"Arabidopsis","AT4G34020",1.326206e-12
"Arabidopsis","AT4G34030",1.326206e-12
"Arabidopsis","AT4G34035",1.326206e-12
"Arabidopsis","AT4G34040",1.326206e-12
"Arabidopsis","AT4G34050",1.326206e-12
"Arabidopsis","AT4G34060",1.326206e-12
"Arabidopsis","AT2G15440",1.409857e-12
"Arabidopsis","AT2G15450",1.409857e-12
"Arabidopsis","AT2G15460",1.409857e-12
"Arabidopsis","AT2G15470",1.409857e-12
"Arabidopsis","AT2G15480",1.409857e-12
"Arabidopsis","AT2G15490",1.409857e-12
"Arabidopsis","AT2G15500",1.409857e-12
"Arabidopsis","AT2G15530",1.409857e-12
"Arabidopsis","AT2G15535",1.409857e-12
"Arabidopsis","AT2G15555",1.409857e-12
"Arabidopsis","AT2G15560",1.409857e-12
"Arabidopsis","AT1G76040",1.587402e-12
"Arabidopsis","AT1G76050",1.587402e-12
"Arabidopsis","AT1G76060",1.587402e-12
"Arabidopsis","AT1G76062",1.587402e-12
"Arabidopsis","AT1G76065",1.587402e-12
"Arabidopsis","AT1G76070",1.587402e-12
"Arabidopsis","AT1G76080",1.587402e-12
"Arabidopsis","AT1G76090",1.587402e-12
"Arabidopsis","AT1G76100",1.587402e-12
"Arabidopsis","AT1G76110",1.587402e-12
"Arabidopsis","AT1G76120",1.587402e-12
"Arabidopsis","AT1G76130",1.587402e-12
"Arabidopsis","AT1G76135",1.587402e-12
"Arabidopsis","AT1G76140",1.587402e-12
"Arabidopsis","AT1G76150",1.587402e-12
"Arabidopsis","AT1G76160",1.587402e-12
"Arabidopsis","AT1G76170",1.587402e-12
"Arabidopsis","AT1G76180",1.587402e-12
"Arabidopsis","AT4G08470",1.716357e-12
"Arabidopsis","AT4G08480",1.716357e-12
"Arabidopsis","AT4G08485",1.716357e-12
"Arabidopsis","AT4G08500",1.716357e-12
"Arabidopsis","AT4G08510",1.716357e-12
"Arabidopsis","AT4G08520",1.716357e-12
"Arabidopsis","AT4G08530",1.716357e-12
"Arabidopsis","AT4G08540",1.716357e-12
"Arabidopsis","AT5G65510",2.023795e-12
"Arabidopsis","AT5G65520",2.023795e-12
"Arabidopsis","AT5G65530",2.023795e-12
"Arabidopsis","AT5G65533",2.023795e-12
"Arabidopsis","AT5G65535",2.023795e-12
"Arabidopsis","AT5G65540",2.023795e-12
"Arabidopsis","AT5G65550",2.023795e-12
"Arabidopsis","AT5G65560",2.023795e-12
"Arabidopsis","AT5G65570",2.023795e-12
"Arabidopsis","AT5G65575",2.023795e-12
"Arabidopsis","AT5G65580",2.023795e-12
"Arabidopsis","AT5G65590",2.023795e-12
"Arabidopsis","AT5G65600",2.023795e-12
"Arabidopsis","AT5G65609",2.023795e-12
"Arabidopsis","AT5G65610",2.023795e-12
"Arabidopsis","AT5G65615",2.023795e-12
"Arabidopsis","AT5G65620",2.023795e-12
"Arabidopsis","AT5G65630",2.023795e-12
"Arabidopsis","AT4G21390",2.40089e-12
"Arabidopsis","AT4G21400",2.40089e-12
"Arabidopsis","AT4G21410",2.40089e-12
"Arabidopsis","AT4G21430",2.40089e-12
"Arabidopsis","AT4G21440",2.40089e-12
"Arabidopsis","AT4G21445",2.40089e-12
"Arabidopsis","AT4G21450",2.40089e-12
"Arabidopsis","AT4G21460",2.40089e-12
"Arabidopsis","AT4G12010",2.83597e-12
"Arabidopsis","AT4G12020",2.83597e-12
"Arabidopsis","AT4G12030",2.83597e-12
"Arabidopsis","AT4G12040",2.83597e-12
"Arabidopsis","AT4G12050",2.83597e-12
"Arabidopsis","AT4G12060",2.83597e-12
"Arabidopsis","AT4G12065",2.83597e-12
"Arabidopsis","AT4G12070",2.83597e-12
"Arabidopsis","AT4G12080",2.83597e-12
"Arabidopsis","AT4G12090",2.83597e-12
"Arabidopsis","AT4G12100",2.83597e-12
"Arabidopsis","AT4G02060",4.085066e-12
"Arabidopsis","AT4G02070",4.085066e-12
"Arabidopsis","AT4G02075",4.085066e-12
"Arabidopsis","AT4G02080",4.085066e-12
"Arabidopsis","AT4G02090",4.085066e-12
"Arabidopsis","AT4G02100",4.085066e-12
"Arabidopsis","AT4G02110",4.085066e-12
"Arabidopsis","AT4G02120",4.085066e-12
"Arabidopsis","AT4G02130",4.085066e-12
"Arabidopsis","AT4G02140",4.085066e-12
"Arabidopsis","AT4G02150",4.085066e-12
"Arabidopsis","AT3G60680",4.347665e-12
"Arabidopsis","AT3G60690",4.347665e-12
"Arabidopsis","AT3G60700",4.347665e-12
"Arabidopsis","AT3G60710",4.347665e-12
"Arabidopsis","AT3G60720",4.347665e-12
"Arabidopsis","AT3G60730",4.347665e-12
"Arabidopsis","AT3G60740",4.347665e-12
"Arabidopsis","AT3G60750",4.347665e-12
"Arabidopsis","AT3G60760",4.347665e-12
"Arabidopsis","AT3G60770",4.347665e-12
"Arabidopsis","AT3G60780",4.347665e-12
"Arabidopsis","AT3G60790",4.347665e-12
"Arabidopsis","AT3G60800",4.347665e-12
"Arabidopsis","AT3G60805",4.347665e-12
"Arabidopsis","AT3G60810",4.347665e-12
"Arabidopsis","AT3G60820",4.347665e-12
"Arabidopsis","AT3G60830",4.347665e-12
"Arabidopsis","AT4G15470",5.476844e-12
"Arabidopsis","AT4G15475",5.476844e-12
"Arabidopsis","AT4G15480",5.476844e-12
"Arabidopsis","AT4G15490",5.476844e-12
"Arabidopsis","AT5G65080",5.85906e-12
"Arabidopsis","AT5G65090",5.85906e-12
"Arabidopsis","AT5G65100",5.85906e-12
"Arabidopsis","AT5G65110",5.85906e-12
"Arabidopsis","AT5G65120",5.85906e-12
"Arabidopsis","AT5G65130",5.85906e-12
"Arabidopsis","AT5G65140",5.85906e-12
"Arabidopsis","AT5G65158",5.85906e-12
"Arabidopsis","AT5G65160",5.85906e-12
"Arabidopsis","AT5G65165",5.85906e-12
"Arabidopsis","AT5G65166",5.85906e-12
"Arabidopsis","AT5G65170",5.85906e-12
"Arabidopsis","AT5G65180",5.85906e-12
"Arabidopsis","AT3G33187",6.727188e-12
"Arabidopsis","AT4G02320",7.675434e-12
"Arabidopsis","AT4G02325",7.675434e-12
"Arabidopsis","AT4G02330",7.675434e-12
"Arabidopsis","AT4G02340",7.675434e-12
"Arabidopsis","AT4G02350",7.675434e-12
"Arabidopsis","AT4G02360",7.675434e-12
"Arabidopsis","AT4G02370",7.675434e-12
"Arabidopsis","AT4G02380",7.675434e-12
"Arabidopsis","AT4G02390",7.675434e-12
"Arabidopsis","AT4G02400",7.675434e-12
"Arabidopsis","AT4G02405",7.675434e-12
"Arabidopsis","AT4G02410",7.675434e-12
"Arabidopsis","AT4G02420",7.675434e-12
"Arabidopsis","AT4G02425",7.675434e-12
"Arabidopsis","AT4G02430",7.675434e-12
"Arabidopsis","AT4G12110",8.080702e-12
"Arabidopsis","AT4G12115",8.080702e-12
"Arabidopsis","AT4G12120",8.080702e-12
"Arabidopsis","AT4G04402",9.743664e-12
"Arabidopsis","AT4G04404",9.743664e-12
"Arabidopsis","AT4G04423",9.743664e-12
"Arabidopsis","AT2G05050",1.082748e-11
"Arabidopsis","AT2G05060",1.082748e-11
"Arabidopsis","AT2G05070",1.082748e-11
"Arabidopsis","AT3G29030",1.12307e-11
"Arabidopsis","AT3G29033",1.12307e-11
"Arabidopsis","AT3G29034",1.12307e-11
"Arabidopsis","AT3G29035",1.12307e-11
"Arabidopsis","AT3G29036",1.12307e-11
"Arabidopsis","AT3G29040",1.12307e-11
"Arabidopsis","AT3G29050",1.12307e-11
"Arabidopsis","AT3G29060",1.12307e-11
"Arabidopsis","AT3G29070",1.12307e-11
"Arabidopsis","AT3G29075",1.12307e-11
"Arabidopsis","AT4G08895",1.247765e-11
"Arabidopsis","AT4G08900",1.247765e-11
"Arabidopsis","AT4G08910",1.247765e-11
"Arabidopsis","AT4G08920",1.247765e-11
"Arabidopsis","AT4G08930",1.247765e-11
"Arabidopsis","AT4G08940",1.247765e-11
"Arabidopsis","AT4G08949",1.247765e-11
"Arabidopsis","AT4G08950",1.247765e-11
"Arabidopsis","AT4G08960",1.247765e-11
"Arabidopsis","AT4G12000",1.607069e-11
"Arabidopsis","AT4G12005",1.607069e-11
"Arabidopsis","AT5G57130",1.788543e-11
"Arabidopsis","AT5G57140",1.788543e-11
"Arabidopsis","AT5G57150",1.788543e-11
"Arabidopsis","AT5G57160",1.788543e-11
"Arabidopsis","AT5G57170",1.788543e-11
"Arabidopsis","AT5G57180",1.788543e-11
"Arabidopsis","AT5G57181",1.788543e-11
"Arabidopsis","AT5G57190",1.788543e-11
"Arabidopsis","AT5G57200",1.788543e-11
"Arabidopsis","AT5G57210",1.788543e-11
"Arabidopsis","AT5G57220",1.788543e-11
"Arabidopsis","AT5G57230",1.788543e-11
"Arabidopsis","AT4G09820",1.83096e-11
"Arabidopsis","AT4G09830",1.83096e-11
"Arabidopsis","AT4G09840",1.83096e-11
"Arabidopsis","AT4G09850",1.83096e-11
"Arabidopsis","AT4G09860",1.83096e-11
"Arabidopsis","AT4G08990",1.862492e-11
"Arabidopsis","AT4G09000",1.862492e-11
"Arabidopsis","AT4G09010",1.862492e-11
"Arabidopsis","AT4G09012",1.862492e-11
"Arabidopsis","AT4G09020",1.862492e-11
"Arabidopsis","AT4G09030",1.862492e-11
"Arabidopsis","AT4G09040",1.862492e-11
"Arabidopsis","AT4G09060",1.862492e-11
"Arabidopsis","AT4G09070",1.862492e-11
"Arabidopsis","AT4G09080",1.862492e-11
"Arabidopsis","AT4G09090",1.862492e-11
"Arabidopsis","AT4G09100",1.862492e-11
"Arabidopsis","AT4G09110",1.862492e-11
"Arabidopsis","AT4G09120",1.862492e-11
"Arabidopsis","AT4G09130",1.862492e-11
"Arabidopsis","AT4G01720",1.913702e-11
"Arabidopsis","AT4G01730",1.913702e-11
"Arabidopsis","AT4G01735",1.913702e-11
"Arabidopsis","AT4G01740",1.913702e-11
"Arabidopsis","AT4G01750",1.913702e-11
"Arabidopsis","AT4G01760",1.913702e-11
"Arabidopsis","AT4G01770",1.913702e-11
"Arabidopsis","AT4G01780",1.913702e-11
"Arabidopsis","AT4G01790",1.913702e-11
"Arabidopsis","AT4G01800",1.913702e-11
"Arabidopsis","AT4G01810",1.913702e-11
"Arabidopsis","AT4G01820",1.913702e-11
"Arabidopsis","AT4G01830",1.913702e-11
"Arabidopsis","AT4G01840",1.913702e-11
"Arabidopsis","AT4G01850",1.913702e-11
"Arabidopsis","AT4G01860",1.913702e-11
"Arabidopsis","AT4G01865",1.913702e-11
"Arabidopsis","AT4G01870",1.913702e-11
"Arabidopsis","AT5G64440",1.970346e-11
"Arabidopsis","AT5G64450",1.970346e-11
"Arabidopsis","AT5G64460",1.970346e-11
"Arabidopsis","AT5G64470",1.970346e-11
"Arabidopsis","AT5G64480",1.970346e-11
"Arabidopsis","AT5G64490",1.970346e-11
"Arabidopsis","AT5G64500",1.970346e-11
"Arabidopsis","AT5G64505",1.970346e-11
"Arabidopsis","AT5G64510",1.970346e-11
"Arabidopsis","AT5G64520",1.970346e-11
"Arabidopsis","AT5G64530",1.970346e-11
"Arabidopsis","AT5G64540",1.970346e-11
"Arabidopsis","AT5G64541",1.970346e-11
"Arabidopsis","AT5G64550",1.970346e-11
"Arabidopsis","AT5G64552",1.970346e-11
"Arabidopsis","AT5G64560",1.970346e-11
"Arabidopsis","AT5G64570",1.970346e-11
"Arabidopsis","AT5G64572",1.970346e-11
"Arabidopsis","AT4G08460",2.569748e-11
"Arabidopsis","AT4G09320",2.759102e-11
"Arabidopsis","AT4G09340",2.759102e-11
"Arabidopsis","AT4G09350",2.759102e-11
"Arabidopsis","AT4G09360",2.759102e-11
"Arabidopsis","AT4G37030",3.002674e-11
"Arabidopsis","AT4G37040",3.002674e-11
"Arabidopsis","AT4G37050",3.002674e-11
"Arabidopsis","AT4G37060",3.002674e-11
"Arabidopsis","AT1G43190",3.478179e-11
"Arabidopsis","AT1G43245",3.478179e-11
"Arabidopsis","AT1G43260",3.478179e-11
"Arabidopsis","AT2G15270",3.530458e-11
"Arabidopsis","AT2G15280",3.530458e-11
"Arabidopsis","AT2G15290",3.530458e-11
"Arabidopsis","AT2G15292",3.530458e-11
"Arabidopsis","AT2G15300",3.530458e-11
"Arabidopsis","AT2G15310",3.530458e-11
"Arabidopsis","AT2G15318",3.530458e-11
"Arabidopsis","AT2G15320",3.530458e-11
"Arabidopsis","AT2G15325",3.530458e-11
"Arabidopsis","AT2G15327",3.530458e-11
"Arabidopsis","AT2G15340",3.530458e-11
"Arabidopsis","AT2G15345",3.530458e-11
"Arabidopsis","AT2G15350",3.530458e-11
"Arabidopsis","AT1G03750",3.564843e-11
"Arabidopsis","AT1G03760",3.564843e-11
"Arabidopsis","AT1G03770",3.564843e-11
"Arabidopsis","AT4G08560",3.713241e-11
"Arabidopsis","AT4G08570",3.713241e-11
"Arabidopsis","AT4G10310",3.762936e-11
"Arabidopsis","AT4G10320",3.762936e-11
"Arabidopsis","AT4G10330",3.762936e-11
"Arabidopsis","AT4G10340",3.762936e-11
"Arabidopsis","AT4G10345",3.762936e-11
"Arabidopsis","AT4G10350",3.762936e-11
"Arabidopsis","AT4G10360",3.762936e-11
"Arabidopsis","AT4G27960",3.837132e-11
"Arabidopsis","AT4G27970",3.837132e-11
"Arabidopsis","AT4G27980",3.837132e-11
"Arabidopsis","AT4G27990",3.837132e-11
"Arabidopsis","AT4G28000",3.837132e-11
"Arabidopsis","AT4G28005",3.837132e-11
"Arabidopsis","AT4G28010",3.837132e-11
"Arabidopsis","AT4G28020",3.837132e-11
"Arabidopsis","AT4G28025",3.837132e-11
"Arabidopsis","AT4G28030",3.837132e-11
"Arabidopsis","AT4G28040",3.837132e-11
"Arabidopsis","AT4G28050",3.837132e-11
"Arabidopsis","AT4G28060",3.837132e-11
"Arabidopsis","AT4G28068",3.837132e-11
"Arabidopsis","AT4G28070",3.837132e-11
"Arabidopsis","AT4G28080",3.837132e-11
"Arabidopsis","AT4G28085",3.837132e-11
"Arabidopsis","AT4G28088",3.837132e-11
"Arabidopsis","AT4G08555",3.851458e-11
"Arabidopsis","AT4G11330",3.88246e-11
"Arabidopsis","AT4G11340",3.88246e-11
"Arabidopsis","AT4G01970",4.671664e-11
"Arabidopsis","AT4G01985",4.671664e-11
"Arabidopsis","AT4G01990",4.671664e-11
"Arabidopsis","AT4G01995",4.671664e-11
"Arabidopsis","AT4G02000",4.671664e-11
"Arabidopsis","AT4G02005",4.671664e-11
"Arabidopsis","AT4G02010",4.671664e-11
"Arabidopsis","AT4G02020",4.671664e-11
"Arabidopsis","AT4G02030",4.671664e-11
"Arabidopsis","AT4G02040",4.671664e-11
"Arabidopsis","AT4G02050",4.671664e-11
"Arabidopsis","AT4G02055",4.671664e-11
"Arabidopsis","AT4G01880",6.523657e-11
"Arabidopsis","AT4G01883",6.523657e-11
"Arabidopsis","AT4G01890",6.523657e-11
"Arabidopsis","AT4G01895",6.523657e-11
"Arabidopsis","AT4G01897",6.523657e-11
"Arabidopsis","AT5G57110",7.738381e-11
"Arabidopsis","AT5G57120",7.738381e-11
"Arabidopsis","AT5G57123",7.738381e-11
"Arabidopsis","AT1G03520",8.016488e-11
"Arabidopsis","AT1G03530",8.016488e-11
"Arabidopsis","AT1G03540",8.016488e-11
"Arabidopsis","AT1G03545",8.016488e-11
"Arabidopsis","AT1G03550",8.016488e-11
"Arabidopsis","AT1G03560",8.016488e-11
"Arabidopsis","AT1G03570",8.016488e-11
"Arabidopsis","AT1G03590",8.016488e-11
"Arabidopsis","AT1G03600",8.016488e-11
"Arabidopsis","AT1G03610",8.016488e-11
"Arabidopsis","AT1G03620",8.016488e-11
"Arabidopsis","AT1G03630",8.016488e-11
"Arabidopsis","AT1G03640",8.016488e-11
"Arabidopsis","AT1G03650",8.016488e-11
"Arabidopsis","AT1G03660",8.016488e-11
"Arabidopsis","AT1G03670",8.016488e-11
"Arabidopsis","AT1G03680",8.016488e-11
"Arabidopsis","AT1G03687",8.016488e-11
"Arabidopsis","AT1G03700",8.016488e-11
"Arabidopsis","AT1G03710",8.016488e-11
"Arabidopsis","AT1G03720",8.016488e-11
"Arabidopsis","AT4G09310",8.132639e-11
"Arabidopsis","AT4G14780",1.070246e-10
"Arabidopsis","AT4G14785",1.070246e-10
"Arabidopsis","AT4G14790",1.070246e-10
"Arabidopsis","AT4G14700",1.089126e-10
"Arabidopsis","AT4G14710",1.089126e-10
"Arabidopsis","AT4G14713",1.089126e-10
"Arabidopsis","AT4G14716",1.089126e-10
"Arabidopsis","AT4G14720",1.089126e-10
"Arabidopsis","AT4G31570",1.260163e-10
"Arabidopsis","AT4G31580",1.260163e-10
"Arabidopsis","AT4G31590",1.260163e-10
"Arabidopsis","AT4G31600",1.260163e-10
"Arabidopsis","AT4G31610",1.260163e-10
"Arabidopsis","AT4G31615",1.260163e-10
"Arabidopsis","AT4G31620",1.260163e-10
"Arabidopsis","AT4G31630",1.260163e-10
"Arabidopsis","AT4G31640",1.260163e-10
"Arabidopsis","AT4G31650",1.260163e-10
"Arabidopsis","AT4G31660",1.260163e-10
"Arabidopsis","AT4G31670",1.260163e-10
"Arabidopsis","AT4G31680",1.260163e-10
"Arabidopsis","AT4G31690",1.260163e-10
"Arabidopsis","AT4G31695",1.260163e-10
"Arabidopsis","AT4G31700",1.260163e-10
"Arabidopsis","AT4G31710",1.260163e-10
"Arabidopsis","AT4G31720",1.260163e-10
"Arabidopsis","AT4G15650",1.267859e-10
"Arabidopsis","AT4G15660",1.267859e-10
"Arabidopsis","AT4G15670",1.267859e-10
"Arabidopsis","AT4G15680",1.267859e-10
"Arabidopsis","AT4G15690",1.267859e-10
"Arabidopsis","AT4G15700",1.267859e-10
"Arabidopsis","AT4G15710",1.267859e-10
"Arabidopsis","AT4G15715",1.267859e-10
"Arabidopsis","AT4G15720",1.267859e-10
"Arabidopsis","AT4G15730",1.267859e-10
"Arabidopsis","AT4G15733",1.267859e-10
"Arabidopsis","AT4G15735",1.267859e-10
"Arabidopsis","AT4G15740",1.267859e-10
"Arabidopsis","AT4G15750",1.267859e-10
"Arabidopsis","AT4G15755",1.267859e-10
"Arabidopsis","AT4G02880",1.302085e-10
"Arabidopsis","AT4G02890",1.302085e-10
"Arabidopsis","AT4G02900",1.302085e-10
"Arabidopsis","AT4G02910",1.302085e-10
"Arabidopsis","AT4G02920",1.302085e-10
"Arabidopsis","AT4G02930",1.302085e-10
"Arabidopsis","AT4G02940",1.302085e-10
"Arabidopsis","AT4G02950",1.302085e-10
"Arabidopsis","AT4G02970",1.302085e-10
"Arabidopsis","AT4G02980",1.302085e-10
"Arabidopsis","AT4G02990",1.302085e-10
"Arabidopsis","AT4G03000",1.302085e-10
"Arabidopsis","AT4G02170",1.342609e-10
"Arabidopsis","AT4G02180",1.342609e-10
"Arabidopsis","AT4G02190",1.342609e-10
"Arabidopsis","AT4G02195",1.342609e-10
"Arabidopsis","AT4G02200",1.342609e-10
"Arabidopsis","AT4G02210",1.342609e-10
"Arabidopsis","AT4G02220",1.342609e-10
"Arabidopsis","AT4G02230",1.342609e-10
"Arabidopsis","AT4G02235",1.342609e-10
"Arabidopsis","AT4G02250",1.342609e-10
"Arabidopsis","AT4G02260",1.342609e-10
"Arabidopsis","AT4G02270",1.342609e-10
"Arabidopsis","AT4G02280",1.342609e-10
"Arabidopsis","AT4G02290",1.342609e-10
"Arabidopsis","AT4G01900",1.483237e-10
"Arabidopsis","AT4G01910",1.483237e-10
"Arabidopsis","AT4G01915",1.483237e-10
"Arabidopsis","AT4G01920",1.483237e-10
"Arabidopsis","AT4G01925",1.483237e-10
"Arabidopsis","AT4G01930",1.483237e-10
"Arabidopsis","AT4G01935",1.483237e-10
"Arabidopsis","AT4G01940",1.483237e-10
"Arabidopsis","AT4G01950",1.483237e-10
"Arabidopsis","AT4G01100",1.557369e-10
"Arabidopsis","AT4G01110",1.557369e-10
"Arabidopsis","AT4G01120",1.557369e-10
"Arabidopsis","AT4G01130",1.557369e-10
"Arabidopsis","AT4G01140",1.557369e-10
"Arabidopsis","AT4G01150",1.557369e-10
"Arabidopsis","AT4G01160",1.557369e-10
"Arabidopsis","AT4G01170",1.557369e-10
"Arabidopsis","AT4G01180",1.557369e-10
"Arabidopsis","AT4G01190",1.557369e-10
"Arabidopsis","AT4G01200",1.557369e-10
"Arabidopsis","AT4G01210",1.557369e-10
"Arabidopsis","AT4G01220",1.557369e-10
"Arabidopsis","AT4G01230",1.557369e-10
"Arabidopsis","AT4G01240",1.557369e-10
"Arabidopsis","AT4G01245",1.557369e-10
"Arabidopsis","AT4G01250",1.557369e-10
"Arabidopsis","AT4G01260",1.557369e-10
"Arabidopsis","AT4G01270",1.557369e-10
"Arabidopsis","AT4G01280",1.557369e-10
"Arabidopsis","AT4G01290",1.557369e-10
"Arabidopsis","AT4G01310",1.557369e-10
"Arabidopsis","AT4G08550",1.708382e-10
"Arabidopsis","AT4G08640",1.87127e-10
"Arabidopsis","AT1G73530",2.046544e-10
"Arabidopsis","AT1G73540",2.046544e-10
"Arabidopsis","AT1G73550",2.046544e-10
"Arabidopsis","AT1G73560",2.046544e-10
"Arabidopsis","AT1G73570",2.046544e-10
"Arabidopsis","AT1G73580",2.046544e-10
"Arabidopsis","AT1G73590",2.046544e-10
"Arabidopsis","AT1G73600",2.046544e-10
"Arabidopsis","AT1G73602",2.046544e-10
"Arabidopsis","AT1G73603",2.046544e-10
"Arabidopsis","AT1G73607",2.046544e-10
"Arabidopsis","AT1G73610",2.046544e-10
"Arabidopsis","AT1G73620",2.046544e-10
"Arabidopsis","AT1G73630",2.046544e-10
"Arabidopsis","AT1G73640",2.046544e-10
"Arabidopsis","AT1G73650",2.046544e-10
"Arabidopsis","AT1G73655",2.046544e-10
"Arabidopsis","AT1G73660",2.046544e-10
"Arabidopsis","AT1G35610",2.395009e-10
"Arabidopsis","AT1G35614",2.395009e-10
"Arabidopsis","AT1G35617",2.395009e-10
"Arabidopsis","AT1G35620",2.395009e-10
"Arabidopsis","AT1G35625",2.395009e-10
"Arabidopsis","AT1G35630",2.395009e-10
"Arabidopsis","AT4G08967",2.416396e-10
"Arabidopsis","AT4G08980",2.416396e-10
"Arabidopsis","AT2G10920",2.435321e-10
"Arabidopsis","AT2G10921",2.435321e-10
"Arabidopsis","AT2G10930",2.435321e-10
"Arabidopsis","AT2G10931",2.435321e-10
"Arabidopsis","AT4G10695",2.449607e-10
"Arabidopsis","AT4G10700",2.449607e-10
"Arabidopsis","AT4G10710",2.449607e-10
"Arabidopsis","AT4G10720",2.449607e-10
"Arabidopsis","AT4G10730",2.449607e-10
"Arabidopsis","AT4G10740",2.449607e-10
"Arabidopsis","AT4G10750",2.449607e-10
"Arabidopsis","AT4G10760",2.449607e-10
"Arabidopsis","AT4G10767",2.449607e-10
"Arabidopsis","AT4G10770",2.449607e-10
"Arabidopsis","AT4G10780",2.449607e-10
"Arabidopsis","AT4G10790",2.449607e-10
"Arabidopsis","AT4G09870",2.500855e-10
"Arabidopsis","AT4G09880",2.500855e-10
"Arabidopsis","AT4G09890",2.500855e-10
"Arabidopsis","AT4G09900",2.500855e-10
"Arabidopsis","AT4G09920",2.500855e-10
"Arabidopsis","AT4G09930",2.500855e-10
"Arabidopsis","AT4G09940",2.500855e-10
"Arabidopsis","AT4G09950",2.500855e-10
"Arabidopsis","AT4G15870",2.536944e-10
"Arabidopsis","AT4G15880",2.536944e-10
"Arabidopsis","AT4G15885",2.536944e-10
"Arabidopsis","AT4G15890",2.536944e-10
"Arabidopsis","AT4G15900",2.536944e-10
"Arabidopsis","AT4G15910",2.536944e-10
"Arabidopsis","AT4G15920",2.536944e-10
"Arabidopsis","AT4G15930",2.536944e-10
"Arabidopsis","AT4G15940",2.536944e-10
"Arabidopsis","AT4G15950",2.536944e-10
"Arabidopsis","AT4G15953",2.536944e-10
"Arabidopsis","AT4G15955",2.536944e-10
"Arabidopsis","AT4G15960",2.536944e-10
"Arabidopsis","AT4G15970",2.536944e-10
"Arabidopsis","AT4G15975",2.536944e-10
"Arabidopsis","AT4G02300",2.729177e-10
"Arabidopsis","AT4G02310",2.729177e-10
"Arabidopsis","AT1G07440",2.803287e-10
"Arabidopsis","AT1G07450",2.803287e-10
"Arabidopsis","AT1G07460",2.803287e-10
"Arabidopsis","AT1G07470",2.803287e-10
"Arabidopsis","AT1G07473",2.803287e-10
"Arabidopsis","AT1G07476",2.803287e-10
"Arabidopsis","AT1G07480",2.803287e-10
"Arabidopsis","AT1G07485",2.803287e-10
"Arabidopsis","AT1G07490",2.803287e-10
"Arabidopsis","AT1G07500",2.803287e-10
"Arabidopsis","AT1G07510",2.803287e-10
"Arabidopsis","AT1G07520",2.803287e-10
"Arabidopsis","AT1G07530",2.803287e-10
"Arabidopsis","AT1G07540",2.803287e-10
"Arabidopsis","AT1G07550",2.803287e-10
"Arabidopsis","AT1G07560",2.803287e-10
"Arabidopsis","AT1G07570",2.803287e-10
"Arabidopsis","AT4G10380",3.030386e-10
"Arabidopsis","AT4G10390",3.030386e-10
"Arabidopsis","AT4G10400",3.030386e-10
"Arabidopsis","AT4G10410",3.030386e-10
"Arabidopsis","AT4G10420",3.030386e-10
"Arabidopsis","AT4G10430",3.030386e-10
"Arabidopsis","AT4G10440",3.030386e-10
"Arabidopsis","AT4G10450",3.030386e-10
"Arabidopsis","AT4G10457",3.030386e-10
"Arabidopsis","AT4G10465",3.030386e-10
"Arabidopsis","AT4G10470",3.030386e-10
"Arabidopsis","AT4G10480",3.030386e-10
"Arabidopsis","AT4G09960",3.433684e-10
"Arabidopsis","AT2G20240",3.625625e-10
"Arabidopsis","AT2G20250",3.625625e-10
"Arabidopsis","AT2G20260",3.625625e-10
"Arabidopsis","AT2G20270",3.625625e-10
"Arabidopsis","AT2G20280",3.625625e-10
"Arabidopsis","AT2G20290",3.625625e-10
"Arabidopsis","AT2G20300",3.625625e-10
"Arabidopsis","AT2G20310",3.625625e-10
"Arabidopsis","AT2G20320",3.625625e-10
"Arabidopsis","AT2G20330",3.625625e-10
"Arabidopsis","AT4G01960",3.669375e-10
"Arabidopsis","AT5G56200",3.795444e-10
"Arabidopsis","AT5G56210",3.795444e-10
"Arabidopsis","AT5G56220",3.795444e-10
"Arabidopsis","AT5G56230",3.795444e-10
"Arabidopsis","AT5G56240",3.795444e-10
"Arabidopsis","AT5G56250",3.795444e-10
"Arabidopsis","AT5G56260",3.795444e-10
"Arabidopsis","AT5G56270",3.795444e-10
"Arabidopsis","AT5G56280",3.795444e-10
"Arabidopsis","AT5G56290",3.795444e-10
"Arabidopsis","AT1G03950",3.968574e-10
"Arabidopsis","AT1G03960",3.968574e-10
"Arabidopsis","AT1G03970",3.968574e-10
"Arabidopsis","AT1G03980",3.968574e-10
"Arabidopsis","AT1G03982",3.968574e-10
"Arabidopsis","AT1G03990",3.968574e-10
"Arabidopsis","AT4G36870",4.726394e-10
"Arabidopsis","AT2G44210",4.993189e-10
"Arabidopsis","AT2G44220",4.993189e-10
"Arabidopsis","AT2G44230",4.993189e-10
"Arabidopsis","AT2G44240",4.993189e-10
"Arabidopsis","AT2G44250",4.993189e-10
"Arabidopsis","AT2G44255",4.993189e-10
"Arabidopsis","AT2G44260",4.993189e-10
"Arabidopsis","AT2G44270",4.993189e-10
"Arabidopsis","AT2G44280",4.993189e-10
"Arabidopsis","AT2G44290",4.993189e-10
"Arabidopsis","AT2G44300",4.993189e-10
"Arabidopsis","AT2G44304",4.993189e-10
"Arabidopsis","AT2G44310",4.993189e-10
"Arabidopsis","AT2G44320",4.993189e-10
"Arabidopsis","AT2G44330",4.993189e-10
"Arabidopsis","AT2G44340",4.993189e-10
"Arabidopsis","AT2G44350",4.993189e-10
"Arabidopsis","AT2G44360",4.993189e-10
"Arabidopsis","AT2G44370",4.993189e-10
"Arabidopsis","AT2G44380",4.993189e-10
"Arabidopsis","AT2G44390",4.993189e-10
"Arabidopsis","AT2G44400",4.993189e-10
"Arabidopsis","AT2G44410",4.993189e-10
"Arabidopsis","AT5G57940",5.37956e-10
"Arabidopsis","AT5G57950",5.37956e-10
"Arabidopsis","AT5G57960",5.37956e-10
"Arabidopsis","AT5G57970",5.37956e-10
"Arabidopsis","AT5G57980",5.37956e-10
"Arabidopsis","AT5G57990",5.37956e-10
"Arabidopsis","AT5G58000",5.37956e-10
"Arabidopsis","AT5G58003",5.37956e-10
"Arabidopsis","AT5G58005",5.37956e-10
"Arabidopsis","AT5G58010",5.37956e-10
"Arabidopsis","AT5G58020",5.37956e-10
"Arabidopsis","AT5G58030",5.37956e-10
"Arabidopsis","AT5G58040",5.37956e-10
"Arabidopsis","AT5G58050",5.37956e-10
"Arabidopsis","AT5G58060",5.37956e-10
"Arabidopsis","AT5G58070",5.37956e-10
"Arabidopsis","AT5G58080",5.37956e-10
"Arabidopsis","AT5G58090",5.37956e-10
"Arabidopsis","AT5G58100",5.37956e-10
"Arabidopsis","AT3G15390",5.454782e-10
"Arabidopsis","AT3G15395",5.454782e-10
"Arabidopsis","AT3G15400",5.454782e-10
"Arabidopsis","AT3G15410",5.454782e-10
"Arabidopsis","AT3G15420",5.454782e-10
"Arabidopsis","AT3G15430",5.454782e-10
"Arabidopsis","AT3G15440",5.454782e-10
"Arabidopsis","AT3G15450",5.454782e-10
"Arabidopsis","AT3G15460",5.454782e-10
"Arabidopsis","AT3G15470",5.454782e-10
"Arabidopsis","AT3G15480",5.454782e-10
"Arabidopsis","AT3G15490",5.454782e-10
"Arabidopsis","AT3G15500",5.454782e-10
"Arabidopsis","AT3G15510",5.454782e-10
"Arabidopsis","AT4G02860",5.619687e-10
"Arabidopsis","AT4G02870",5.619687e-10
"Arabidopsis","AT4G02871",5.619687e-10
"Arabidopsis","AT1G07870",5.974919e-10
"Arabidopsis","AT1G07880",5.974919e-10
"Arabidopsis","AT1G07885",5.974919e-10
"Arabidopsis","AT1G07890",5.974919e-10
"Arabidopsis","AT1G07900",5.974919e-10
"Arabidopsis","AT1G07901",5.974919e-10
"Arabidopsis","AT1G07910",5.974919e-10
"Arabidopsis","AT1G07920",5.974919e-10
"Arabidopsis","AT1G07930",5.974919e-10
"Arabidopsis","AT1G07940",5.974919e-10
"Arabidopsis","AT1G07950",5.974919e-10
"Arabidopsis","AT1G07960",5.974919e-10
"Arabidopsis","AT1G07970",5.974919e-10
"Arabidopsis","AT1G07980",5.974919e-10
"Arabidopsis","AT1G07985",5.974919e-10
"Arabidopsis","AT1G07990",5.974919e-10
"Arabidopsis","AT5G57930",6.717133e-10
"Arabidopsis","AT3G61340",7.121831e-10
"Arabidopsis","AT3G61350",7.121831e-10
"Arabidopsis","AT3G61360",7.121831e-10
"Arabidopsis","AT3G61370",7.121831e-10
"Arabidopsis","AT3G61380",7.121831e-10
"Arabidopsis","AT3G61389",7.121831e-10
"Arabidopsis","AT3G61390",7.121831e-10
"Arabidopsis","AT3G61400",7.121831e-10
"Arabidopsis","AT3G61410",7.121831e-10
"Arabidopsis","AT3G61415",7.121831e-10
"Arabidopsis","AT3G61420",7.121831e-10
"Arabidopsis","AT3G61430",7.121831e-10
"Arabidopsis","AT3G61440",7.121831e-10
"Arabidopsis","AT3G61450",7.121831e-10
"Arabidopsis","AT3G61460",7.121831e-10
"Arabidopsis","AT3G61470",7.121831e-10
"Arabidopsis","AT3G61480",7.121831e-10
"Arabidopsis","AT1G77610",7.143986e-10
"Arabidopsis","AT1G77620",7.143986e-10
"Arabidopsis","AT1G77630",7.143986e-10
"Arabidopsis","AT1G77640",7.143986e-10
"Arabidopsis","AT1G77650",7.143986e-10
"Arabidopsis","AT1G77655",7.143986e-10
"Arabidopsis","AT3G52680",7.307987e-10
"Arabidopsis","AT3G52690",7.307987e-10
"Arabidopsis","AT3G52700",7.307987e-10
"Arabidopsis","AT3G52710",7.307987e-10
"Arabidopsis","AT3G52720",7.307987e-10
"Arabidopsis","AT3G52730",7.307987e-10
"Arabidopsis","AT3G52740",7.307987e-10
"Arabidopsis","AT3G52742",7.307987e-10
"Arabidopsis","AT3G52748",7.307987e-10
"Arabidopsis","AT3G52750",7.307987e-10
"Arabidopsis","AT3G52760",7.307987e-10
"Arabidopsis","AT3G52765",7.307987e-10
"Arabidopsis","AT3G52770",7.307987e-10
"Arabidopsis","AT3G52780",7.307987e-10
"Arabidopsis","AT3G52790",7.307987e-10
"Arabidopsis","AT3G52800",7.307987e-10
"Arabidopsis","AT3G52810",7.307987e-10
"Arabidopsis","AT3G52820",7.307987e-10
"Arabidopsis","AT3G52830",7.307987e-10
"Arabidopsis","AT4G14800",8.682118e-10
"Arabidopsis","AT4G14805",8.682118e-10
"Arabidopsis","AT4G14810",8.682118e-10
"Arabidopsis","AT4G14811",8.682118e-10
"Arabidopsis","AT4G14815",8.682118e-10
"Arabidopsis","AT2G11773",8.851327e-10
"Arabidopsis","AT2G11778",8.851327e-10
"Arabidopsis","AT2G11810",8.851327e-10
"Arabidopsis","AT4G08097",9.176346e-10
"Arabidopsis","AT4G08116",9.176346e-10
"Arabidopsis","AT4G11990",9.431452e-10
"Arabidopsis","AT2G01060",9.747504e-10
"Arabidopsis","AT2G01070",9.747504e-10
"Arabidopsis","AT2G01080",9.747504e-10
"Arabidopsis","AT2G01090",9.747504e-10
"Arabidopsis","AT2G01100",9.747504e-10
"Arabidopsis","AT2G01110",9.747504e-10
"Arabidopsis","AT2G01120",9.747504e-10
"Arabidopsis","AT2G01130",9.747504e-10
"Arabidopsis","AT2G01140",9.747504e-10
"Arabidopsis","AT2G01150",9.747504e-10
"Arabidopsis","AT2G01160",9.747504e-10
"Arabidopsis","AT2G01170",9.747504e-10
"Arabidopsis","AT2G01175",9.747504e-10
"Arabidopsis","AT2G01180",9.747504e-10
"Arabidopsis","AT2G01190",9.747504e-10
"Arabidopsis","AT2G01200",9.747504e-10
"Arabidopsis","AT2G01210",9.747504e-10
"Arabidopsis","AT2G01220",9.747504e-10
"Arabidopsis","AT4G10370",9.816057e-10
"Arabidopsis","AT4G00440",1.044754e-09
"Arabidopsis","AT4G00450",1.044754e-09
"Arabidopsis","AT4G00460",1.044754e-09
"Arabidopsis","AT4G00467",1.044754e-09
"Arabidopsis","AT4G00480",1.044754e-09
"Arabidopsis","AT4G00490",1.044754e-09
"Arabidopsis","AT4G00500",1.044754e-09
"Arabidopsis","AT4G00520",1.044754e-09
"Arabidopsis","AT4G00525",1.044754e-09
"Arabidopsis","AT4G00530",1.044754e-09
"Arabidopsis","AT4G00540",1.044754e-09
"Arabidopsis","AT4G00550",1.044754e-09
"Arabidopsis","AT4G00560",1.044754e-09
"Arabidopsis","AT4G00570",1.044754e-09
"Arabidopsis","AT5G37180",1.306254e-09
"Arabidopsis","AT5G37190",1.306254e-09
"Arabidopsis","AT5G37200",1.306254e-09
"Arabidopsis","AT5G37210",1.306254e-09
"Arabidopsis","AT5G37220",1.306254e-09
"Arabidopsis","AT5G37230",1.306254e-09
"Arabidopsis","AT5G37240",1.306254e-09
"Arabidopsis","AT5G37250",1.306254e-09
"Arabidopsis","AT5G37260",1.306254e-09
"Arabidopsis","AT5G37270",1.306254e-09
"Arabidopsis","AT5G37280",1.306254e-09
"Arabidopsis","AT5G37290",1.306254e-09
"Arabidopsis","AT5G37300",1.306254e-09
"Arabidopsis","AT2G15570",1.310302e-09
"Arabidopsis","AT2G15580",1.310302e-09
"Arabidopsis","AT1G77600",1.535418e-09
"Arabidopsis","AT1G35750",1.611263e-09
"Arabidopsis","AT1G35780",1.611263e-09
"Arabidopsis","AT4G01080",1.773505e-09
"Arabidopsis","AT4G01090",1.773505e-09
"Arabidopsis","AT5G10990",1.887585e-09
"Arabidopsis","AT5G11000",1.887585e-09
"Arabidopsis","AT5G11010",1.887585e-09
"Arabidopsis","AT5G11020",1.887585e-09
"Arabidopsis","AT5G11027",1.887585e-09
"Arabidopsis","AT5G11030",1.887585e-09
"Arabidopsis","AT5G11040",1.887585e-09
"Arabidopsis","AT5G11050",1.887585e-09
"Arabidopsis","AT5G11060",1.887585e-09
"Arabidopsis","AT5G11070",1.887585e-09
"Arabidopsis","AT5G11080",1.887585e-09
"Arabidopsis","AT5G11090",1.887585e-09
"Arabidopsis","AT5G11100",1.887585e-09
"Arabidopsis","AT3G32896",1.895421e-09
"Arabidopsis","AT3G32905",1.895421e-09
"Arabidopsis","AT4G08700",2.016635e-09
"Arabidopsis","AT4G08730",2.016635e-09
"Arabidopsis","AT4G08740",2.016635e-09
"Arabidopsis","AT4G08760",2.016635e-09
"Arabidopsis","AT4G08770",2.016635e-09
"Arabidopsis","AT4G08780",2.016635e-09
"Arabidopsis","AT4G08790",2.016635e-09
"Arabidopsis","AT4G11590",2.107065e-09
"Arabidopsis","AT4G11600",2.107065e-09
"Arabidopsis","AT4G11610",2.107065e-09
"Arabidopsis","AT4G11630",2.107065e-09
"Arabidopsis","AT4G11640",2.107065e-09
"Arabidopsis","AT4G11650",2.107065e-09
"Arabidopsis","AT4G11653",2.107065e-09
"Arabidopsis","AT4G11655",2.107065e-09
"Arabidopsis","AT4G11660",2.107065e-09
"Arabidopsis","AT4G11670",2.107065e-09
"Arabidopsis","AT4G11680",2.107065e-09
"Arabidopsis","AT4G11690",2.107065e-09
"Arabidopsis","AT4G11700",2.107065e-09
"Arabidopsis","AT2G03050",2.134133e-09
"Arabidopsis","AT2G03060",2.134133e-09
"Arabidopsis","AT2G03070",2.134133e-09
"Arabidopsis","AT2G03090",2.134133e-09
"Arabidopsis","AT2G03110",2.134133e-09
"Arabidopsis","AT2G03120",2.134133e-09
"Arabidopsis","AT2G03130",2.134133e-09
"Arabidopsis","AT2G03140",2.134133e-09
"Arabidopsis","AT4G15056",2.227309e-09
"Arabidopsis","AT4G15060",2.227309e-09
"Arabidopsis","AT4G15061",2.227309e-09
"Arabidopsis","AT4G15070",2.227309e-09
"Arabidopsis","AT4G15075",2.227309e-09
"Arabidopsis","AT4G15080",2.227309e-09
"Arabidopsis","AT4G15090",2.227309e-09
"Arabidopsis","AT4G15093",2.227309e-09
"Arabidopsis","AT4G15096",2.227309e-09
"Arabidopsis","AT4G15100",2.227309e-09
"Arabidopsis","AT4G15110",2.227309e-09
"Arabidopsis","AT4G15120",2.227309e-09
"Arabidopsis","AT4G15130",2.227309e-09
"Arabidopsis","AT4G15140",2.227309e-09
"Arabidopsis","AT4G15150",2.227309e-09
"Arabidopsis","AT2G15590",2.233082e-09
"Arabidopsis","AT4G18820",2.277831e-09
"Arabidopsis","AT4G18823",2.277831e-09
"Arabidopsis","AT4G18830",2.277831e-09
"Arabidopsis","AT4G18840",2.277831e-09
"Arabidopsis","AT4G18850",2.277831e-09
"Arabidopsis","AT4G18860",2.277831e-09
"Arabidopsis","AT4G18870",2.277831e-09
"Arabidopsis","AT4G18880",2.277831e-09
"Arabidopsis","AT4G18890",2.277831e-09
"Arabidopsis","AT4G18900",2.277831e-09
"Arabidopsis","AT4G18905",2.277831e-09
"Arabidopsis","AT4G18910",2.277831e-09
"Arabidopsis","AT4G18920",2.277831e-09
"Arabidopsis","AT4G18930",2.277831e-09
"Arabidopsis","AT4G18940",2.277831e-09
"Arabidopsis","AT4G18950",2.277831e-09
"Arabidopsis","AT5G37795",2.381145e-09
"Arabidopsis","AT5G37800",2.381145e-09
"Arabidopsis","AT5G37810",2.381145e-09
"Arabidopsis","AT5G37820",2.381145e-09
"Arabidopsis","AT5G37830",2.381145e-09
"Arabidopsis","AT5G37840",2.381145e-09
"Arabidopsis","AT5G37850",2.381145e-09
"Arabidopsis","AT1G43760",2.499249e-09
"Arabidopsis","AT1G43765",2.499249e-09
"Arabidopsis","AT1G43770",2.499249e-09
"Arabidopsis","AT1G43780",2.499249e-09
"Arabidopsis","AT1G43790",2.499249e-09
"Arabidopsis","AT1G43800",2.499249e-09
"Arabidopsis","AT3G08740",2.509572e-09
"Arabidopsis","AT3G08750",2.509572e-09
"Arabidopsis","AT3G08760",2.509572e-09
"Arabidopsis","AT3G08762",2.509572e-09
"Arabidopsis","AT3G08770",2.509572e-09
"Arabidopsis","AT3G08780",2.509572e-09
"Arabidopsis","AT3G08790",2.509572e-09
"Arabidopsis","AT3G08800",2.509572e-09
"Arabidopsis","AT3G08810",2.509572e-09
"Arabidopsis","AT3G08820",2.509572e-09
"Arabidopsis","AT3G08840",2.509572e-09
"Arabidopsis","AT3G08850",2.509572e-09
"Arabidopsis","AT3G08860",2.509572e-09
"Arabidopsis","AT3G08870",2.509572e-09
"Arabidopsis","AT3G08880",2.509572e-09
"Arabidopsis","AT1G48750",2.530345e-09
"Arabidopsis","AT1G48760",2.530345e-09
"Arabidopsis","AT1G48770",2.530345e-09
"Arabidopsis","AT1G48780",2.530345e-09
"Arabidopsis","AT1G48790",2.530345e-09
"Arabidopsis","AT1G48800",2.530345e-09
"Arabidopsis","AT1G48820",2.530345e-09
"Arabidopsis","AT1G48830",2.530345e-09
"Arabidopsis","AT1G48840",2.530345e-09
"Arabidopsis","AT1G48850",2.530345e-09
"Arabidopsis","AT1G48860",2.530345e-09
"Arabidopsis","AT1G48870",2.530345e-09
"Arabidopsis","AT1G48880",2.530345e-09
"Arabidopsis","AT1G07580",3.080004e-09
"Arabidopsis","AT1G07590",3.080004e-09
"Arabidopsis","AT1G07600",3.080004e-09
"Arabidopsis","AT1G07610",3.080004e-09
"Arabidopsis","AT1G07615",3.080004e-09
"Arabidopsis","AT1G07620",3.080004e-09
"Arabidopsis","AT1G07630",3.080004e-09
"Arabidopsis","AT1G07640",3.080004e-09
"Arabidopsis","AT1G07645",3.080004e-09
"Arabidopsis","AT1G07650",3.080004e-09
"Arabidopsis","AT1G07660",3.080004e-09
"Arabidopsis","AT1G07670",3.080004e-09
"Arabidopsis","AT1G07680",3.080004e-09
"Arabidopsis","AT1G07690",3.080004e-09
"Arabidopsis","AT1G07700",3.080004e-09
"Arabidopsis","AT1G07702",3.080004e-09
"Arabidopsis","AT1G07705",3.080004e-09
"Arabidopsis","AT5G57760",3.134552e-09
"Arabidopsis","AT5G57770",3.134552e-09
"Arabidopsis","AT5G57780",3.134552e-09
"Arabidopsis","AT5G57785",3.134552e-09
"Arabidopsis","AT5G57790",3.134552e-09
"Arabidopsis","AT5G57800",3.134552e-09
"Arabidopsis","AT5G57810",3.134552e-09
"Arabidopsis","AT5G57815",3.134552e-09
"Arabidopsis","AT5G57820",3.134552e-09
"Arabidopsis","AT5G57830",3.134552e-09
"Arabidopsis","AT5G57840",3.134552e-09
"Arabidopsis","AT5G57850",3.134552e-09
"Arabidopsis","AT5G57860",3.134552e-09
"Arabidopsis","AT5G57870",3.134552e-09
"Arabidopsis","AT5G57880",3.134552e-09
"Arabidopsis","AT5G57885",3.134552e-09
"Arabidopsis","AT5G57887",3.134552e-09
"Arabidopsis","AT5G57890",3.134552e-09
"Arabidopsis","AT5G57900",3.134552e-09
"Arabidopsis","AT4G01710",3.21889e-09
"Arabidopsis","AT3G44430",3.234181e-09
"Arabidopsis","AT3G44440",3.234181e-09
"Arabidopsis","AT3G44444",3.234181e-09
"Arabidopsis","AT3G44450",3.234181e-09
"Arabidopsis","AT3G44460",3.234181e-09
"Arabidopsis","AT3G44480",3.234181e-09
"Arabidopsis","AT3G44490",3.234181e-09
"Arabidopsis","AT3G44510",3.234181e-09
"Arabidopsis","AT3G44530",3.234181e-09
"Arabidopsis","AT5G02260",3.25966e-09
"Arabidopsis","AT5G02270",3.25966e-09
"Arabidopsis","AT5G02280",3.25966e-09
"Arabidopsis","AT5G02290",3.25966e-09
"Arabidopsis","AT5G02310",3.25966e-09
"Arabidopsis","AT5G02320",3.25966e-09
"Arabidopsis","AT5G02330",3.25966e-09
"Arabidopsis","AT5G02340",3.25966e-09
"Arabidopsis","AT5G02350",3.25966e-09
"Arabidopsis","AT5G02360",3.25966e-09
"Arabidopsis","AT5G02370",3.25966e-09
"Arabidopsis","AT5G02380",3.25966e-09
"Arabidopsis","AT5G02385",3.25966e-09
"Arabidopsis","AT5G02390",3.25966e-09
"Arabidopsis","AT5G33421",3.309936e-09
"Arabidopsis","AT4G09510",3.533793e-09
"Arabidopsis","AT4G09520",3.533793e-09
"Arabidopsis","AT4G09530",3.533793e-09
"Arabidopsis","AT4G09545",3.533793e-09
"Arabidopsis","AT4G09550",3.533793e-09
"Arabidopsis","AT4G09560",3.533793e-09
"Arabidopsis","AT4G09570",3.533793e-09
"Arabidopsis","AT4G09580",3.533793e-09
"Arabidopsis","AT4G09587",3.533793e-09
"Arabidopsis","AT4G09590",3.533793e-09
"Arabidopsis","AT2G36480",3.834424e-09
"Arabidopsis","AT2G36485",3.834424e-09
"Arabidopsis","AT2G36490",3.834424e-09
"Arabidopsis","AT2G36500",3.834424e-09
"Arabidopsis","AT2G36510",3.834424e-09
"Arabidopsis","AT2G36520",3.834424e-09
"Arabidopsis","AT2G36530",3.834424e-09
"Arabidopsis","AT2G36540",3.834424e-09
"Arabidopsis","AT2G36550",3.834424e-09
"Arabidopsis","AT2G36560",3.834424e-09
"Arabidopsis","AT2G36570",3.834424e-09
"Arabidopsis","AT2G36571",3.834424e-09
"Arabidopsis","AT2G36580",3.834424e-09
"Arabidopsis","AT2G36590",3.834424e-09
"Arabidopsis","AT2G36600",3.834424e-09
"Arabidopsis","AT2G36610",3.834424e-09
"Arabidopsis","AT2G36620",3.834424e-09
"Arabidopsis","AT2G36630",3.834424e-09
"Arabidopsis","AT1G16858",3.88153e-09
"Arabidopsis","AT1G16860",3.88153e-09
"Arabidopsis","AT1G16870",3.88153e-09
"Arabidopsis","AT1G16880",3.88153e-09
"Arabidopsis","AT1G16890",3.88153e-09
"Arabidopsis","AT1G16900",3.88153e-09
"Arabidopsis","AT1G16905",3.88153e-09
"Arabidopsis","AT1G16910",3.88153e-09
"Arabidopsis","AT1G16916",3.88153e-09
"Arabidopsis","AT1G16920",3.88153e-09
"Arabidopsis","AT1G16930",3.88153e-09
"Arabidopsis","AT1G16940",3.88153e-09
"Arabidopsis","AT1G16950",3.88153e-09
"Arabidopsis","AT1G16960",3.88153e-09
"Arabidopsis","AT1G16970",3.88153e-09
"Arabidopsis","AT1G16980",3.88153e-09
"Arabidopsis","AT1G17000",3.88153e-09
"Arabidopsis","AT1G76185",3.941174e-09
"Arabidopsis","AT1G76190",3.941174e-09
"Arabidopsis","AT4G02780",3.954129e-09
"Arabidopsis","AT4G02790",3.954129e-09
"Arabidopsis","AT4G02800",3.954129e-09
"Arabidopsis","AT4G02810",3.954129e-09
"Arabidopsis","AT4G02820",3.954129e-09
"Arabidopsis","AT4G02830",3.954129e-09
"Arabidopsis","AT4G02840",3.954129e-09
"Arabidopsis","AT4G02850",3.954129e-09
"Arabidopsis","AT4G01320",4.009592e-09
"Arabidopsis","AT4G01328",4.009592e-09
"Arabidopsis","AT4G01330",4.009592e-09
"Arabidopsis","AT4G01335",4.009592e-09
"Arabidopsis","AT4G01340",4.009592e-09
"Arabidopsis","AT4G01350",4.009592e-09
"Arabidopsis","AT4G01355",4.009592e-09
"Arabidopsis","AT4G01360",4.009592e-09
"Arabidopsis","AT4G01370",4.009592e-09
"Arabidopsis","AT4G01380",4.009592e-09
"Arabidopsis","AT4G01390",4.009592e-09
"Arabidopsis","AT4G01400",4.009592e-09
"Arabidopsis","AT4G01410",4.009592e-09
"Arabidopsis","AT1G01695",4.093609e-09
"Arabidopsis","AT1G01700",4.093609e-09
"Arabidopsis","AT1G01710",4.093609e-09
"Arabidopsis","AT1G01720",4.093609e-09
"Arabidopsis","AT1G01725",4.093609e-09
"Arabidopsis","AT1G01730",4.093609e-09
"Arabidopsis","AT1G01740",4.093609e-09
"Arabidopsis","AT1G01750",4.093609e-09
"Arabidopsis","AT1G01760",4.093609e-09
"Arabidopsis","AT1G01770",4.093609e-09
"Arabidopsis","AT1G01780",4.093609e-09
"Arabidopsis","AT1G01790",4.093609e-09
"Arabidopsis","AT1G01800",4.093609e-09
"Arabidopsis","AT1G01810",4.093609e-09
"Arabidopsis","AT1G01820",4.093609e-09
"Arabidopsis","AT1G01830",4.093609e-09
"Arabidopsis","AT1G01840",4.093609e-09
"Arabidopsis","AT4G10080",4.103147e-09
"Arabidopsis","AT4G10090",4.103147e-09
"Arabidopsis","AT4G10100",4.103147e-09
"Arabidopsis","AT4G10110",4.103147e-09
"Arabidopsis","AT4G10112",4.103147e-09
"Arabidopsis","AT4G10115",4.103147e-09
"Arabidopsis","AT4G10120",4.103147e-09
"Arabidopsis","AT4G10130",4.103147e-09
"Arabidopsis","AT4G10140",4.103147e-09
"Arabidopsis","AT4G10150",4.103147e-09
"Arabidopsis","AT2G02010",4.17594e-09
"Arabidopsis","AT2G02020",4.17594e-09
"Arabidopsis","AT2G02023",4.17594e-09
"Arabidopsis","AT2G02026",4.17594e-09
"Arabidopsis","AT2G02030",4.17594e-09
"Arabidopsis","AT2G02040",4.17594e-09
"Arabidopsis","AT2G02050",4.17594e-09
"Arabidopsis","AT2G02060",4.17594e-09
"Arabidopsis","AT2G02061",4.17594e-09
"Arabidopsis","AT2G02070",4.17594e-09
"Arabidopsis","AT2G02080",4.17594e-09
"Arabidopsis","AT2G02090",4.17594e-09
"Arabidopsis","AT4G01420",4.261738e-09
"Arabidopsis","AT4G01430",4.261738e-09
"Arabidopsis","AT2G15360",4.291286e-09
"Arabidopsis","AT2G15370",4.291286e-09
"Arabidopsis","AT2G15390",4.291286e-09
"Arabidopsis","AT2G15400",4.291286e-09
"Arabidopsis","AT2G15420",4.291286e-09
"Arabidopsis","AT5G55780",4.440969e-09
"Arabidopsis","AT5G55790",4.440969e-09
"Arabidopsis","AT5G55800",4.440969e-09
"Arabidopsis","AT5G55810",4.440969e-09
"Arabidopsis","AT5G55820",4.440969e-09
"Arabidopsis","AT5G55830",4.440969e-09
"Arabidopsis","AT5G55835",4.440969e-09
"Arabidopsis","AT5G55840",4.440969e-09
"Arabidopsis","AT5G55850",4.440969e-09
"Arabidopsis","AT5G55855",4.440969e-09
"Arabidopsis","AT5G55856",4.440969e-09
"Arabidopsis","AT5G55860",4.440969e-09
"Arabidopsis","AT5G55870",4.440969e-09
"Arabidopsis","AT5G55880",4.440969e-09
"Arabidopsis","AT5G55890",4.440969e-09
"Arabidopsis","AT5G55893",4.440969e-09
"Arabidopsis","AT4G01440",4.611909e-09
"Arabidopsis","AT2G25170",4.648289e-09
"Arabidopsis","AT2G25180",4.648289e-09
"Arabidopsis","AT2G25185",4.648289e-09
"Arabidopsis","AT2G25190",4.648289e-09
"Arabidopsis","AT2G25200",4.648289e-09
"Arabidopsis","AT2G25210",4.648289e-09
"Arabidopsis","AT2G25220",4.648289e-09
"Arabidopsis","AT2G25230",4.648289e-09
"Arabidopsis","AT2G25240",4.648289e-09
"Arabidopsis","AT2G25250",4.648289e-09
"Arabidopsis","AT2G25260",4.648289e-09
"Arabidopsis","AT2G25270",4.648289e-09
"Arabidopsis","AT2G25280",4.648289e-09
"Arabidopsis","AT2G25290",4.648289e-09
"Arabidopsis","AT2G25295",4.648289e-09
"Arabidopsis","AT2G25300",4.648289e-09
"Arabidopsis","AT4G08350",4.666264e-09
"Arabidopsis","AT4G08351",4.666264e-09
"Arabidopsis","AT4G08360",4.666264e-09
"Arabidopsis","AT4G08370",4.666264e-09
"Arabidopsis","AT4G08380",4.666264e-09
"Arabidopsis","AT4G08390",4.666264e-09
"Arabidopsis","AT4G08395",4.666264e-09
"Arabidopsis","AT4G08400",4.666264e-09
"Arabidopsis","AT4G08406",4.666264e-09
"Arabidopsis","AT5G64730",5.05402e-09
"Arabidopsis","AT5G64735",5.05402e-09
"Arabidopsis","AT1G33050",5.415976e-09
"Arabidopsis","AT1G33055",5.415976e-09
"Arabidopsis","AT1G33060",5.415976e-09
"Arabidopsis","AT1G33070",5.415976e-09
"Arabidopsis","AT1G33080",5.415976e-09
"Arabidopsis","AT1G33090",5.415976e-09
"Arabidopsis","AT1G33100",5.415976e-09
"Arabidopsis","AT1G33102",5.415976e-09
"Arabidopsis","AT1G33110",5.415976e-09
"Arabidopsis","AT1G33120",5.415976e-09
"Arabidopsis","AT2G35930",5.530783e-09
"Arabidopsis","AT2G35940",5.530783e-09
"Arabidopsis","AT2G35945",5.530783e-09
"Arabidopsis","AT2G35950",5.530783e-09
"Arabidopsis","AT2G35960",5.530783e-09
"Arabidopsis","AT2G35970",5.530783e-09
"Arabidopsis","AT2G35980",5.530783e-09
"Arabidopsis","AT2G35990",5.530783e-09
"Arabidopsis","AT2G36000",5.530783e-09
"Arabidopsis","AT2G36010",5.530783e-09
"Arabidopsis","AT2G36020",5.530783e-09
"Arabidopsis","AT2G36026",5.530783e-09
"Arabidopsis","AT2G36030",5.530783e-09
"Arabidopsis","AT3G57520",5.613456e-09
"Arabidopsis","AT3G57530",5.613456e-09
"Arabidopsis","AT3G57540",5.613456e-09
"Arabidopsis","AT3G57550",5.613456e-09
"Arabidopsis","AT3G57560",5.613456e-09
"Arabidopsis","AT3G57570",5.613456e-09
"Arabidopsis","AT3G57580",5.613456e-09
"Arabidopsis","AT3G57590",5.613456e-09
"Arabidopsis","AT3G57600",5.613456e-09
"Arabidopsis","AT3G57610",5.613456e-09
"Arabidopsis","AT3G57620",5.613456e-09
"Arabidopsis","AT3G57630",5.613456e-09
"Arabidopsis","AT5G65640",5.784664e-09
"Arabidopsis","AT5G65650",5.784664e-09
"Arabidopsis","AT4G09965",6.96122e-09
"Arabidopsis","AT4G09970",6.96122e-09
"Arabidopsis","AT4G09980",6.96122e-09
"Arabidopsis","AT4G09984",6.96122e-09
"Arabidopsis","AT4G09990",6.96122e-09
"Arabidopsis","AT4G10000",6.96122e-09
"Arabidopsis","AT4G10010",6.96122e-09
"Arabidopsis","AT4G10020",6.96122e-09
"Arabidopsis","AT4G10030",6.96122e-09
"Arabidopsis","AT4G10040",6.96122e-09
"Arabidopsis","AT4G15340",7.180106e-09
"Arabidopsis","AT4G15350",7.180106e-09
"Arabidopsis","AT4G15360",7.180106e-09
"Arabidopsis","AT4G15370",7.180106e-09
"Arabidopsis","AT4G15380",7.180106e-09
"Arabidopsis","AT4G15390",7.180106e-09
"Arabidopsis","AT4G15393",7.180106e-09
"Arabidopsis","AT4G15396",7.180106e-09
"Arabidopsis","AT4G09620",7.64046e-09
"Arabidopsis","AT4G09630",7.64046e-09
"Arabidopsis","AT4G09640",7.64046e-09
"Arabidopsis","AT4G09647",7.64046e-09
"Arabidopsis","AT4G09649",7.64046e-09
"Arabidopsis","AT4G09650",7.64046e-09
"Arabidopsis","AT4G09660",7.64046e-09
"Arabidopsis","AT4G09670",7.64046e-09
"Arabidopsis","AT4G09680",7.64046e-09
"Arabidopsis","AT4G10490",7.706821e-09
"Arabidopsis","AT2G15610",8.030697e-09
"Arabidopsis","AT2G15620",8.030697e-09
"Arabidopsis","AT2G15630",8.030697e-09
"Arabidopsis","AT2G01050",8.056466e-09
"Arabidopsis","AT4G09490",8.782568e-09
"Arabidopsis","AT4G09500",8.782568e-09
"Arabidopsis","AT1G38950",9.080334e-09
"Arabidopsis","AT3G31430",9.086051e-09
"Arabidopsis","AT2G15430",9.097072e-09
"Arabidopsis","AT2G11200",9.772605e-09
"Arabidopsis","AT3G61490",9.848866e-09
"Arabidopsis","AT3G61500",9.848866e-09
"Arabidopsis","AT3G61510",9.848866e-09
"Arabidopsis","AT1G16440",1.006694e-08
"Arabidopsis","AT1G16445",1.006694e-08
"Arabidopsis","AT1G16450",1.006694e-08
"Arabidopsis","AT1G16460",1.006694e-08
"Arabidopsis","AT1G16470",1.006694e-08
"Arabidopsis","AT1G16480",1.006694e-08
"Arabidopsis","AT1G16489",1.006694e-08
"Arabidopsis","AT1G16490",1.006694e-08
"Arabidopsis","AT1G16500",1.006694e-08
"Arabidopsis","AT1G16510",1.006694e-08
"Arabidopsis","AT1G16515",1.006694e-08
"Arabidopsis","AT1G16520",1.006694e-08
"Arabidopsis","AT1G16530",1.006694e-08
"Arabidopsis","AT1G16540",1.006694e-08
"Arabidopsis","AT1G16560",1.006694e-08
"Arabidopsis","AT1G16570",1.006694e-08
"Arabidopsis","AT1G16590",1.006694e-08
"Arabidopsis","AT1G16610",1.006694e-08
"Arabidopsis","AT1G16630",1.006694e-08
"Arabidopsis","AT1G16635",1.006694e-08
"Arabidopsis","AT1G16640",1.006694e-08
"Arabidopsis","AT1G16650",1.006694e-08
"Arabidopsis","AT1G16670",1.006694e-08
"Arabidopsis","AT1G16760",1.006694e-08
"Arabidopsis","AT1G16770",1.006694e-08
"Arabidopsis","AT1G16780",1.006694e-08
"Arabidopsis","AT1G16790",1.006694e-08
"Arabidopsis","AT1G16800",1.006694e-08
"Arabidopsis","AT1G16810",1.006694e-08
"Arabidopsis","AT1G16820",1.006694e-08
"Arabidopsis","AT1G16825",1.006694e-08
"Arabidopsis","AT1G16830",1.006694e-08
"Arabidopsis","AT1G16840",1.006694e-08
"Arabidopsis","AT1G16850",1.006694e-08
"Arabidopsis","AT1G78020",1.010931e-08
"Arabidopsis","AT1G78030",1.010931e-08
"Arabidopsis","AT1G78040",1.010931e-08
"Arabidopsis","AT1G78050",1.010931e-08
"Arabidopsis","AT1G78060",1.010931e-08
"Arabidopsis","AT1G78070",1.010931e-08
"Arabidopsis","AT1G78080",1.010931e-08
"Arabidopsis","AT1G78090",1.010931e-08
"Arabidopsis","AT1G78100",1.010931e-08
"Arabidopsis","AT1G74870",1.040875e-08
"Arabidopsis","AT1G74875",1.040875e-08
"Arabidopsis","AT1G74880",1.040875e-08
"Arabidopsis","AT1G74890",1.040875e-08
"Arabidopsis","AT1G74900",1.040875e-08
"Arabidopsis","AT1G74910",1.040875e-08
"Arabidopsis","AT1G74920",1.040875e-08
"Arabidopsis","AT1G74929",1.040875e-08
"Arabidopsis","AT1G74930",1.040875e-08
"Arabidopsis","AT1G74940",1.040875e-08
"Arabidopsis","AT1G74950",1.040875e-08
"Arabidopsis","AT1G74960",1.040875e-08
"Arabidopsis","AT1G74970",1.040875e-08
"Arabidopsis","AT1G74990",1.040875e-08
"Arabidopsis","AT1G75000",1.040875e-08
"Arabidopsis","AT1G75010",1.040875e-08
"Arabidopsis","AT1G75020",1.040875e-08
"Arabidopsis","AT1G75030",1.040875e-08
"Arabidopsis","AT1G75040",1.040875e-08
"Arabidopsis","AT3G16340",1.12538e-08
"Arabidopsis","AT3G16350",1.12538e-08
"Arabidopsis","AT3G16360",1.12538e-08
"Arabidopsis","AT3G16370",1.12538e-08
"Arabidopsis","AT3G16380",1.12538e-08
"Arabidopsis","AT3G16390",1.12538e-08
"Arabidopsis","AT3G16400",1.12538e-08
"Arabidopsis","AT3G16410",1.12538e-08
"Arabidopsis","AT3G16420",1.12538e-08
"Arabidopsis","AT3G16430",1.12538e-08
"Arabidopsis","AT3G16432",1.12538e-08
"Arabidopsis","AT3G16440",1.12538e-08
"Arabidopsis","AT3G16450",1.12538e-08
"Arabidopsis","AT3G16460",1.12538e-08
"Arabidopsis","AT2G13272",1.164573e-08
"Arabidopsis","AT2G13273",1.164573e-08
"Arabidopsis","AT2G13290",1.164573e-08
"Arabidopsis","AT2G13295",1.164573e-08
"Arabidopsis","AT4G01450",1.176773e-08
"Arabidopsis","AT4G01455",1.176773e-08
"Arabidopsis","AT4G01460",1.176773e-08
"Arabidopsis","AT4G01470",1.176773e-08
"Arabidopsis","AT4G01480",1.176773e-08
"Arabidopsis","AT4G01500",1.176773e-08
"Arabidopsis","AT4G01510",1.176773e-08
"Arabidopsis","AT4G01516",1.176773e-08
"Arabidopsis","AT4G01520",1.176773e-08
"Barley","HORVU.MOREX.r3.5HG0496850",8.848327e-08
"Barley","HORVU.MOREX.r3.5HG0496860",8.848327e-08
"Barley","HORVU.MOREX.r3.5HG0496870",8.848327e-08
"Maize","Zm00001eb399640",9.903407e-09
"Maize","Zm00001eb399650",9.903407e-09
"Maize","Zm00001eb399660",9.903407e-09
"Maize","Zm00001eb399670",9.903407e-09
"Maize","Zm00001eb399680",9.903407e-09
"Maize","Zm00001eb362860",9.494762e-08
"Maize","Zm00001eb362870",9.494762e-08
"Sorghum","SORBI_3003G359600",3.030783e-11
"Sorghum","SORBI_3003G359800",3.030783e-11
"Sorghum","SORBI_3003G359900",3.030783e-11
"Sorghum","SORBI_3001G083900",1.29396e-10
"Sorghum","SORBI_3001G084000",1.29396e-10
"Sorghum","SORBI_3001G084100",1.29396e-10
"Sorghum","SORBI_3001G084133",1.29396e-10
"Sorghum","SORBI_3001G084166",1.29396e-10
"Sorghum","SORBI_3001G084200",1.29396e-10
"Sorghum","SORBI_3001G084300",1.29396e-10
"Sorghum","SORBI_3001G084400",1.29396e-10
"Sorghum","SORBI_3001G084500",1.29396e-10
"Sorghum","SORBI_3001G084600",1.29396e-10
"Sorghum","SORBI_3001G084700",1.29396e-10
"Sorghum","SORBI_3006G272300",1.536013e-10
"Sorghum","SORBI_3006G272400",1.536013e-10
"Sorghum","SORBI_3006G272450",1.536013e-10
"Sorghum","SORBI_3006G272500",1.536013e-10
"Sorghum","SORBI_3006G272600",1.536013e-10
"Sorghum","SORBI_3006G272700",1.536013e-10
"Sorghum","SORBI_3006G272800",1.536013e-10
"Sorghum","SORBI_3006G272900",1.536013e-10
"Sorghum","SORBI_3006G273000",1.536013e-10
"Sorghum","SORBI_3003G191750",1.881464e-10
"Sorghum","SORBI_3003G191800",1.881464e-10
"Sorghum","SORBI_3001G401800",2.154741e-10
"Sorghum","SORBI_3001G401900",2.154741e-10
"Sorghum","SORBI_3001G401975",2.154741e-10
"Sorghum","SORBI_3001G402050",2.154741e-10
"Sorghum","SORBI_3001G402125",2.154741e-10
"Sorghum","SORBI_3001G402200",2.154741e-10
"Sorghum","SORBI_3007G090200",2.652011e-10
"Sorghum","SORBI_3007G090300",2.652011e-10
"Sorghum","SORBI_3007G090400",2.652011e-10
"Sorghum","SORBI_3007G087900",4.124198e-10
"Sorghum","SORBI_3007G088000",4.124198e-10
"Sorghum","SORBI_3007G088100",4.218964e-10
"Sorghum","SORBI_3007G088200",4.218964e-10
"Sorghum","SORBI_3007G086400",4.547992e-10
"Sorghum","SORBI_3007G092400",4.711388e-10
"Sorghum","SORBI_3007G090412",5.079165e-10
"Sorghum","SORBI_3007G090415",5.079165e-10
"Sorghum","SORBI_3007G094700",5.262612e-10
"Sorghum","SORBI_3007G091400",5.302493e-10
"Sorghum","SORBI_3007G091500",5.302493e-10
"Sorghum","SORBI_3007G089900",5.593228e-10
"Sorghum","SORBI_3007G090001",5.593228e-10
"Sorghum","SORBI_3003G343400",9.800513e-10
"Sorghum","SORBI_3003G343500",9.800513e-10
"Sorghum","SORBI_3003G343600",9.800513e-10
"Sorghum","SORBI_3003G343700",9.800513e-10
"Sorghum","SORBI_3003G343900",9.800513e-10
"Sorghum","SORBI_3003G344050",9.800513e-10
"Sorghum","SORBI_3003G344200",9.800513e-10
"Sorghum","SORBI_3003G344300",9.800513e-10
"Sorghum","SORBI_3003G344400",9.800513e-10
"Sorghum","SORBI_3007G087200",9.805935e-10
"Sorghum","SORBI_3007G087300",9.805935e-10
"Sorghum","SORBI_3007G091100",3.26563e-09
"Sorghum","SORBI_3003G360100",3.632724e-09
"Sorghum","SORBI_3003G360200",3.632724e-09
"Sorghum","SORBI_3003G360300",3.632724e-09
"Sorghum","SORBI_3003G360400",3.632724e-09
"Sorghum","SORBI_3003G360500",3.632724e-09
"Sorghum","SORBI_3003G360600",3.632724e-09
"Sorghum","SORBI_3007G089300",1.807148e-08
"Sorghum","SORBI_3007G089400",1.807148e-08
"Sorghum","SORBI_3004G037900",1.968994e-08
"Sorghum","SORBI_3004G038000",1.968994e-08
"Sorghum","SORBI_3004G038100",1.968994e-08
"Sorghum","SORBI_3004G038200",1.968994e-08
"Sorghum","SORBI_3003G427400",3.897639e-08
"Sorghum","SORBI_3003G427500",3.897639e-08
"Sorghum","SORBI_3003G427550",3.897639e-08
"Sorghum","SORBI_3003G427600",3.897639e-08
"Sorghum","SORBI_3003G427700",3.897639e-08
"Sorghum","SORBI_3003G427800",3.897639e-08
"Sorghum","SORBI_3001G313700",4.447758e-08
"Sorghum","SORBI_3001G313800",4.447758e-08
"Sorghum","SORBI_3001G313900",4.447758e-08
"Sorghum","SORBI_3006G216800",7.044938e-08
"Sorghum","SORBI_3006G216900",7.044938e-08
"Sorghum","SORBI_3006G217000",7.044938e-08
"Sorghum","SORBI_3006G217100",7.044938e-08
"Sorghum","SORBI_3006G217200",7.044938e-08
"Sorghum","SORBI_3006G217300",7.044938e-08
"Sorghum","SORBI_3006G217400",7.044938e-08
"Sorghum","SORBI_3006G217500",7.044938e-08
"Sorghum","SORBI_3007G090100",8.717784e-08
"Sorghum","SORBI_3007G091800",9.286853e-08
"Sorghum","SORBI_3004G034900",1.083486e-07
"Sorghum","SORBI_3004G035000",1.083486e-07
"Sorghum","SORBI_3004G035100",1.083486e-07
"Sorghum","SORBI_3004G035200",1.083486e-07
"Sorghum","SORBI_3004G035300",1.083486e-07
"Sorghum","SORBI_3004G035400",1.083486e-07
"Sorghum","SORBI_3007G089566",1.250352e-07
"Sorghum","SORBI_3007G089600",1.250352e-07
"Sorghum","SORBI_3007G089700",1.250352e-07
"Sorghum","SORBI_3007G089800",1.250352e-07
"Sorghum","SORBI_3007G094600",1.429227e-07
"Sorghum","SORBI_3010G062200",1.436115e-07
"Sorghum","SORBI_3010G062300",1.436115e-07
"Sorghum","SORBI_3010G062400",1.436115e-07
"Sorghum","SORBI_3010G062500",1.436115e-07
"Sorghum","SORBI_3010G062600",1.436115e-07
"Sorghum","SORBI_3010G062700",1.436115e-07
"Sorghum","SORBI_3010G062800",1.436115e-07
"Sorghum","SORBI_3010G062900",1.436115e-07
"Sorghum","SORBI_3010G062950",1.436115e-07
"Sorghum","SORBI_3010G063000",1.436115e-07
"Sorghum","SORBI_3007G089101",2.079876e-07
"Sorghum","SORBI_3003G088400",3.687646e-07
"Sorghum","SORBI_3003G088450",3.687646e-07
"Sorghum","SORBI_3003G088500",3.687646e-07
"Sorghum","SORBI_3003G088600",3.687646e-07
"Sorghum","SORBI_3003G088700",3.687646e-07
"Sorghum","SORBI_3003G088800",3.687646e-07
"Sorghum","SORBI_3007G088900",4.155533e-07
"Sorghum","SORBI_3007G090460",4.824202e-07
