Variable,PC,loading,species,bio_name,bio_label
BIO01,PC1,-0.172482386597701,arabidopsis,Annual Mean Temperature,BIO01  Annual Mean Temperature
BIO01,PC2,0.334701008340354,arabidopsis,Annual Mean Temperature,BIO01  Annual Mean Temperature
BIO01,PC3,0.119516129657967,arabidopsis,Annual Mean Temperature,BIO01  Annual Mean Temperature
BIO02,PC1,0.173051539805379,arabidopsis,Mean Diurnal Range,BIO02  Mean Diurnal Range
BIO02,PC2,0.199310035336164,arabidopsis,Mean Diurnal Range,BIO02  Mean Diurnal Range
BIO02,PC3,0.300298847922769,arabidopsis,Mean Diurnal Range,BIO02  Mean Diurnal Range
BIO03,PC1,-0.206961052774682,arabidopsis,Isothermality,BIO03  Isothermality
BIO03,PC2,0.252526470217125,arabidopsis,Isothermality,BIO03  Isothermality
BIO03,PC3,-0.028262908282599,arabidopsis,Isothermality,BIO03  Isothermality
BIO04,PC1,0.326006801965001,arabidopsis,Temperature Seasonality,BIO04  Temperature Seasonality
BIO04,PC2,-0.0954016396429468,arabidopsis,Temperature Seasonality,BIO04  Temperature Seasonality
BIO04,PC3,0.279663064748075,arabidopsis,Temperature Seasonality,BIO04  Temperature Seasonality
BIO05,PC1,0.088883801918869,arabidopsis,Max Temperature of Warmest Month,BIO05  Max Temperature of Warmest Month
BIO05,PC2,0.319617386235955,arabidopsis,Max Temperature of Warmest Month,BIO05  Max Temperature of Warmest Month
BIO05,PC3,0.319982032533705,arabidopsis,Max Temperature of Warmest Month,BIO05  Max Temperature of Warmest Month
BIO06,PC1,-0.295268206917951,arabidopsis,Min Temperature of Coldest Month,BIO06  Min Temperature of Coldest Month
BIO06,PC2,0.233789600892429,arabidopsis,Min Temperature of Coldest Month,BIO06  Min Temperature of Coldest Month
BIO06,PC3,-0.137639387563535,arabidopsis,Min Temperature of Coldest Month,BIO06  Min Temperature of Coldest Month
BIO07,PC1,0.317711095524286,arabidopsis,Temperature Annual Range,BIO07  Temperature Annual Range
BIO07,PC2,-0.00930011942361493,arabidopsis,Temperature Annual Range,BIO07  Temperature Annual Range
BIO07,PC3,0.321132038511112,arabidopsis,Temperature Annual Range,BIO07  Temperature Annual Range
BIO08,PC1,0.161679555230559,arabidopsis,Mean Temperature of Wettest Quarter,BIO08  Mean Temperature of Wettest Quarter
BIO08,PC2,0.0399178535418835,arabidopsis,Mean Temperature of Wettest Quarter,BIO08  Mean Temperature of Wettest Quarter
BIO08,PC3,0.262375365149616,arabidopsis,Mean Temperature of Wettest Quarter,BIO08  Mean Temperature of Wettest Quarter
BIO09,PC1,-0.212083238271012,arabidopsis,Mean Temperature of Driest Quarter,BIO09  Mean Temperature of Driest Quarter
BIO09,PC2,0.302076516697408,arabidopsis,Mean Temperature of Driest Quarter,BIO09  Mean Temperature of Driest Quarter
BIO09,PC3,-0.0200552267504637,arabidopsis,Mean Temperature of Driest Quarter,BIO09  Mean Temperature of Driest Quarter
BIO10,PC1,0.0386796389945726,arabidopsis,Mean Temperature of Warmest Quarter,BIO10  Mean Temperature of Warmest Quarter
BIO10,PC2,0.30785088910309,arabidopsis,Mean Temperature of Warmest Quarter,BIO10  Mean Temperature of Warmest Quarter
BIO10,PC3,0.312732390932707,arabidopsis,Mean Temperature of Warmest Quarter,BIO10  Mean Temperature of Warmest Quarter
BIO11,PC1,-0.275994878031798,arabidopsis,Mean Temperature of Coldest Quarter,BIO11  Mean Temperature of Coldest Quarter
BIO11,PC2,0.277769569456262,arabidopsis,Mean Temperature of Coldest Quarter,BIO11  Mean Temperature of Coldest Quarter
BIO11,PC3,-0.0696534519096932,arabidopsis,Mean Temperature of Coldest Quarter,BIO11  Mean Temperature of Coldest Quarter
BIO12,PC1,-0.294572332282089,arabidopsis,Annual Precipitation,BIO12  Annual Precipitation
BIO12,PC2,-0.181129895428987,arabidopsis,Annual Precipitation,BIO12  Annual Precipitation
BIO12,PC3,0.288088118238685,arabidopsis,Annual Precipitation,BIO12  Annual Precipitation
BIO13,PC1,-0.260662643970894,arabidopsis,Precipitation of Wettest Month,BIO13  Precipitation of Wettest Month
BIO13,PC2,-0.0893326152713566,arabidopsis,Precipitation of Wettest Month,BIO13  Precipitation of Wettest Month
BIO13,PC3,0.345782070836044,arabidopsis,Precipitation of Wettest Month,BIO13  Precipitation of Wettest Month
BIO14,PC1,-0.222375856282406,arabidopsis,Precipitation of Driest Month,BIO14  Precipitation of Driest Month
BIO14,PC2,-0.285961993729543,arabidopsis,Precipitation of Driest Month,BIO14  Precipitation of Driest Month
BIO14,PC3,0.0767610197197014,arabidopsis,Precipitation of Driest Month,BIO14  Precipitation of Driest Month
BIO15,PC1,0.0377198287028353,arabidopsis,Precipitation Seasonality,BIO15  Precipitation Seasonality
BIO15,PC2,0.219751163131685,arabidopsis,Precipitation Seasonality,BIO15  Precipitation Seasonality
BIO15,PC3,0.135730003893081,arabidopsis,Precipitation Seasonality,BIO15  Precipitation Seasonality
BIO16,PC1,-0.280069395645177,arabidopsis,Precipitation of Wettest Quarter,BIO16  Precipitation of Wettest Quarter
BIO16,PC2,-0.106351325998714,arabidopsis,Precipitation of Wettest Quarter,BIO16  Precipitation of Wettest Quarter
BIO16,PC3,0.319939534583878,arabidopsis,Precipitation of Wettest Quarter,BIO16  Precipitation of Wettest Quarter
BIO17,PC1,-0.226280712571916,arabidopsis,Precipitation of Driest Quarter,BIO17  Precipitation of Driest Quarter
BIO17,PC2,-0.271103141886631,arabidopsis,Precipitation of Driest Quarter,BIO17  Precipitation of Driest Quarter
BIO17,PC3,0.126236360265116,arabidopsis,Precipitation of Driest Quarter,BIO17  Precipitation of Driest Quarter
BIO18,PC1,-0.0695549789681688,arabidopsis,Precipitation of Warmest Quarter,BIO18  Precipitation of Warmest Quarter
BIO18,PC2,-0.311219811388863,arabidopsis,Precipitation of Warmest Quarter,BIO18  Precipitation of Warmest Quarter
BIO18,PC3,0.208602950401467,arabidopsis,Precipitation of Warmest Quarter,BIO18  Precipitation of Warmest Quarter
BIO19,PC1,-0.326045129090238,arabidopsis,Precipitation of Coldest Quarter,BIO19  Precipitation of Coldest Quarter
BIO19,PC2,-0.0344973928749441,arabidopsis,Precipitation of Coldest Quarter,BIO19  Precipitation of Coldest Quarter
BIO19,PC3,0.177437827709987,arabidopsis,Precipitation of Coldest Quarter,BIO19  Precipitation of Coldest Quarter
BIO01,PC1,-0.327261511013243,barley,Annual Mean Temperature,BIO01  Annual Mean Temperature
BIO01,PC2,-0.240665514028733,barley,Annual Mean Temperature,BIO01  Annual Mean Temperature
BIO01,PC3,0.0432844148777007,barley,Annual Mean Temperature,BIO01  Annual Mean Temperature
BIO02,PC1,0.207066288856696,barley,Mean Diurnal Range,BIO02  Mean Diurnal Range
BIO02,PC2,-0.145367813507644,barley,Mean Diurnal Range,BIO02  Mean Diurnal Range
BIO02,PC3,0.320082819381958,barley,Mean Diurnal Range,BIO02  Mean Diurnal Range
BIO03,PC1,-0.0827783284026185,barley,Isothermality,BIO03  Isothermality
BIO03,PC2,0.0577384461271361,barley,Isothermality,BIO03  Isothermality
BIO03,PC3,0.35846371260802,barley,Isothermality,BIO03  Isothermality
BIO04,PC1,0.257801012297466,barley,Temperature Seasonality,BIO04  Temperature Seasonality
BIO04,PC2,-0.165655874850255,barley,Temperature Seasonality,BIO04  Temperature Seasonality
BIO04,PC3,-0.0552781679139139,barley,Temperature Seasonality,BIO04  Temperature Seasonality
BIO05,PC1,-0.181078136434588,barley,Max Temperature of Warmest Month,BIO05  Max Temperature of Warmest Month
BIO05,PC2,-0.354111577319395,barley,Max Temperature of Warmest Month,BIO05  Max Temperature of Warmest Month
BIO05,PC3,-0.0033188686587058,barley,Max Temperature of Warmest Month,BIO05  Max Temperature of Warmest Month
BIO06,PC1,-0.37665987167988,barley,Min Temperature of Coldest Month,BIO06  Min Temperature of Coldest Month
BIO06,PC2,-0.136219472690041,barley,Min Temperature of Coldest Month,BIO06  Min Temperature of Coldest Month
BIO06,PC3,-0.0659157840493183,barley,Min Temperature of Coldest Month,BIO06  Min Temperature of Coldest Month
BIO07,PC1,0.294565720170432,barley,Temperature Annual Range,BIO07  Temperature Annual Range
BIO07,PC2,-0.186321896162225,barley,Temperature Annual Range,BIO07  Temperature Annual Range
BIO07,PC3,0.0803347259057443,barley,Temperature Annual Range,BIO07  Temperature Annual Range
BIO08,PC1,-0.16402382090883,barley,Mean Temperature of Wettest Quarter,BIO08  Mean Temperature of Wettest Quarter
BIO08,PC2,0.0568509078041881,barley,Mean Temperature of Wettest Quarter,BIO08  Mean Temperature of Wettest Quarter
BIO08,PC3,0.147977056076938,barley,Mean Temperature of Wettest Quarter,BIO08  Mean Temperature of Wettest Quarter
BIO09,PC1,-0.254087406259686,barley,Mean Temperature of Driest Quarter,BIO09  Mean Temperature of Driest Quarter
BIO09,PC2,-0.295677786615513,barley,Mean Temperature of Driest Quarter,BIO09  Mean Temperature of Driest Quarter
BIO09,PC3,-0.0529797795302019,barley,Mean Temperature of Driest Quarter,BIO09  Mean Temperature of Driest Quarter
BIO10,PC1,-0.236567092162224,barley,Mean Temperature of Warmest Quarter,BIO10  Mean Temperature of Warmest Quarter
BIO10,PC2,-0.313492777778854,barley,Mean Temperature of Warmest Quarter,BIO10  Mean Temperature of Warmest Quarter
BIO10,PC3,0.00297409174689904,barley,Mean Temperature of Warmest Quarter,BIO10  Mean Temperature of Warmest Quarter
BIO11,PC1,-0.370153525431591,barley,Mean Temperature of Coldest Quarter,BIO11  Mean Temperature of Coldest Quarter
BIO11,PC2,-0.157711780307828,barley,Mean Temperature of Coldest Quarter,BIO11  Mean Temperature of Coldest Quarter
BIO11,PC3,0.0331577484035826,barley,Mean Temperature of Coldest Quarter,BIO11  Mean Temperature of Coldest Quarter
BIO12,PC1,-0.247571873028986,barley,Annual Precipitation,BIO12  Annual Precipitation
BIO12,PC2,0.314680505727746,barley,Annual Precipitation,BIO12  Annual Precipitation
BIO12,PC3,0.0394590842553406,barley,Annual Precipitation,BIO12  Annual Precipitation
BIO13,PC1,-0.220856012346252,barley,Precipitation of Wettest Month,BIO13  Precipitation of Wettest Month
BIO13,PC2,0.265445120826673,barley,Precipitation of Wettest Month,BIO13  Precipitation of Wettest Month
BIO13,PC3,0.243911885411537,barley,Precipitation of Wettest Month,BIO13  Precipitation of Wettest Month
BIO14,PC1,-0.0459887048134427,barley,Precipitation of Driest Month,BIO14  Precipitation of Driest Month
BIO14,PC2,0.263428963549934,barley,Precipitation of Driest Month,BIO14  Precipitation of Driest Month
BIO14,PC3,-0.354854682774445,barley,Precipitation of Driest Month,BIO14  Precipitation of Driest Month
BIO15,PC1,0.027462248710686,barley,Precipitation Seasonality,BIO15  Precipitation Seasonality
BIO15,PC2,-0.0701402766251079,barley,Precipitation Seasonality,BIO15  Precipitation Seasonality
BIO15,PC3,0.460105218358222,barley,Precipitation Seasonality,BIO15  Precipitation Seasonality
BIO16,PC1,-0.229423702278828,barley,Precipitation of Wettest Quarter,BIO16  Precipitation of Wettest Quarter
BIO16,PC2,0.272701407873943,barley,Precipitation of Wettest Quarter,BIO16  Precipitation of Wettest Quarter
BIO16,PC3,0.224757061036601,barley,Precipitation of Wettest Quarter,BIO16  Precipitation of Wettest Quarter
BIO17,PC1,-0.0588129971380287,barley,Precipitation of Driest Quarter,BIO17  Precipitation of Driest Quarter
BIO17,PC2,0.26864082812809,barley,Precipitation of Driest Quarter,BIO17  Precipitation of Driest Quarter
BIO17,PC3,-0.352812828980323,barley,Precipitation of Driest Quarter,BIO17  Precipitation of Driest Quarter
BIO18,PC1,-0.128601420607943,barley,Precipitation of Warmest Quarter,BIO18  Precipitation of Warmest Quarter
BIO18,PC2,0.323907562511693,barley,Precipitation of Warmest Quarter,BIO18  Precipitation of Warmest Quarter
BIO18,PC3,0.250480446176858,barley,Precipitation of Warmest Quarter,BIO18  Precipitation of Warmest Quarter
BIO19,PC1,-0.21275856461147,barley,Precipitation of Coldest Quarter,BIO19  Precipitation of Coldest Quarter
BIO19,PC2,-0.0494826340389127,barley,Precipitation of Coldest Quarter,BIO19  Precipitation of Coldest Quarter
BIO19,PC3,-0.30182420382474,barley,Precipitation of Coldest Quarter,BIO19  Precipitation of Coldest Quarter
BIO01,PC1,-0.289359842776695,maize,Annual Mean Temperature,BIO01  Annual Mean Temperature
BIO01,PC2,0.247001921882824,maize,Annual Mean Temperature,BIO01  Annual Mean Temperature
BIO01,PC3,-0.0739432891979297,maize,Annual Mean Temperature,BIO01  Annual Mean Temperature
BIO02,PC1,0.259811999317018,maize,Mean Diurnal Range,BIO02  Mean Diurnal Range
BIO02,PC2,0.195683243395943,maize,Mean Diurnal Range,BIO02  Mean Diurnal Range
BIO02,PC3,0.0282436480070451,maize,Mean Diurnal Range,BIO02  Mean Diurnal Range
BIO03,PC1,-0.103693461141996,maize,Isothermality,BIO03  Isothermality
BIO03,PC2,-0.00308664543691963,maize,Isothermality,BIO03  Isothermality
BIO03,PC3,0.465705136205255,maize,Isothermality,BIO03  Isothermality
BIO04,PC1,0.144157027542726,maize,Temperature Seasonality,BIO04  Temperature Seasonality
BIO04,PC2,0.0875262022722203,maize,Temperature Seasonality,BIO04  Temperature Seasonality
BIO04,PC3,-0.454368382194375,maize,Temperature Seasonality,BIO04  Temperature Seasonality
BIO05,PC1,-0.144303714636081,maize,Max Temperature of Warmest Month,BIO05  Max Temperature of Warmest Month
BIO05,PC2,0.394945422552911,maize,Max Temperature of Warmest Month,BIO05  Max Temperature of Warmest Month
BIO05,PC3,-0.230990628999029,maize,Max Temperature of Warmest Month,BIO05  Max Temperature of Warmest Month
BIO06,PC1,-0.320483772636789,maize,Min Temperature of Coldest Month,BIO06  Min Temperature of Coldest Month
BIO06,PC2,0.0843654042018487,maize,Min Temperature of Coldest Month,BIO06  Min Temperature of Coldest Month
BIO06,PC3,0.0399261853971948,maize,Min Temperature of Coldest Month,BIO06  Min Temperature of Coldest Month
BIO07,PC1,0.257899035392856,maize,Temperature Annual Range,BIO07  Temperature Annual Range
BIO07,PC2,0.176781919805777,maize,Temperature Annual Range,BIO07  Temperature Annual Range
BIO07,PC3,-0.20278114757823,maize,Temperature Annual Range,BIO07  Temperature Annual Range
BIO08,PC1,-0.230602708538982,maize,Mean Temperature of Wettest Quarter,BIO08  Mean Temperature of Wettest Quarter
BIO08,PC2,0.31449760554616,maize,Mean Temperature of Wettest Quarter,BIO08  Mean Temperature of Wettest Quarter
BIO08,PC3,-0.178402218243,maize,Mean Temperature of Wettest Quarter,BIO08  Mean Temperature of Wettest Quarter
BIO09,PC1,-0.288475356917204,maize,Mean Temperature of Driest Quarter,BIO09  Mean Temperature of Driest Quarter
BIO09,PC2,0.204878685034522,maize,Mean Temperature of Driest Quarter,BIO09  Mean Temperature of Driest Quarter
BIO09,PC3,-0.0130978905711898,maize,Mean Temperature of Driest Quarter,BIO09  Mean Temperature of Driest Quarter
BIO10,PC1,-0.24208377080471,maize,Mean Temperature of Warmest Quarter,BIO10  Mean Temperature of Warmest Quarter
BIO10,PC2,0.280876167351838,maize,Mean Temperature of Warmest Quarter,BIO10  Mean Temperature of Warmest Quarter
BIO10,PC3,-0.240469794829605,maize,Mean Temperature of Warmest Quarter,BIO10  Mean Temperature of Warmest Quarter
BIO11,PC1,-0.302011742785857,maize,Mean Temperature of Coldest Quarter,BIO11  Mean Temperature of Coldest Quarter
BIO11,PC2,0.183704303684849,maize,Mean Temperature of Coldest Quarter,BIO11  Mean Temperature of Coldest Quarter
BIO11,PC3,0.0843257380592075,maize,Mean Temperature of Coldest Quarter,BIO11  Mean Temperature of Coldest Quarter
BIO12,PC1,-0.277438564553014,maize,Annual Precipitation,BIO12  Annual Precipitation
BIO12,PC2,-0.220984395069259,maize,Annual Precipitation,BIO12  Annual Precipitation
BIO12,PC3,0.0469013590147436,maize,Annual Precipitation,BIO12  Annual Precipitation
BIO13,PC1,-0.241883553861027,maize,Precipitation of Wettest Month,BIO13  Precipitation of Wettest Month
BIO13,PC2,-0.0545174513852435,maize,Precipitation of Wettest Month,BIO13  Precipitation of Wettest Month
BIO13,PC3,0.207475826110274,maize,Precipitation of Wettest Month,BIO13  Precipitation of Wettest Month
BIO14,PC1,-0.150606680362416,maize,Precipitation of Driest Month,BIO14  Precipitation of Driest Month
BIO14,PC2,-0.335408236861996,maize,Precipitation of Driest Month,BIO14  Precipitation of Driest Month
BIO14,PC3,-0.302495584596053,maize,Precipitation of Driest Month,BIO14  Precipitation of Driest Month
BIO15,PC1,0.127059586093859,maize,Precipitation Seasonality,BIO15  Precipitation Seasonality
BIO15,PC2,0.32505931294981,maize,Precipitation Seasonality,BIO15  Precipitation Seasonality
BIO15,PC3,0.298909596912777,maize,Precipitation Seasonality,BIO15  Precipitation Seasonality
BIO16,PC1,-0.241678422299228,maize,Precipitation of Wettest Quarter,BIO16  Precipitation of Wettest Quarter
BIO16,PC2,-0.057770957978834,maize,Precipitation of Wettest Quarter,BIO16  Precipitation of Wettest Quarter
BIO16,PC3,0.224444422263977,maize,Precipitation of Wettest Quarter,BIO16  Precipitation of Wettest Quarter
BIO17,PC1,-0.159818667494498,maize,Precipitation of Driest Quarter,BIO17  Precipitation of Driest Quarter
BIO17,PC2,-0.332234860822251,maize,Precipitation of Driest Quarter,BIO17  Precipitation of Driest Quarter
BIO17,PC3,-0.30090598406906,maize,Precipitation of Driest Quarter,BIO17  Precipitation of Driest Quarter
BIO18,PC1,-0.189733833277004,maize,Precipitation of Warmest Quarter,BIO18  Precipitation of Warmest Quarter
BIO18,PC2,-0.0984385088304883,maize,Precipitation of Warmest Quarter,BIO18  Precipitation of Warmest Quarter
BIO18,PC3,-0.0171670395914225,maize,Precipitation of Warmest Quarter,BIO18  Precipitation of Warmest Quarter
BIO19,PC1,-0.216154343452953,maize,Precipitation of Coldest Quarter,BIO19  Precipitation of Coldest Quarter
BIO19,PC2,-0.227547058688322,maize,Precipitation of Coldest Quarter,BIO19  Precipitation of Coldest Quarter
BIO19,PC3,-0.100426408292161,maize,Precipitation of Coldest Quarter,BIO19  Precipitation of Coldest Quarter
BIO01,PC1,0.253546076668063,rice,Annual Mean Temperature,BIO01  Annual Mean Temperature
BIO01,PC2,0.30390243427165,rice,Annual Mean Temperature,BIO01  Annual Mean Temperature
BIO01,PC3,0.0367126904404998,rice,Annual Mean Temperature,BIO01  Annual Mean Temperature
BIO02,PC1,-0.229722641838198,rice,Mean Diurnal Range,BIO02  Mean Diurnal Range
BIO02,PC2,0.172288091259191,rice,Mean Diurnal Range,BIO02  Mean Diurnal Range
BIO02,PC3,0.111195035623081,rice,Mean Diurnal Range,BIO02  Mean Diurnal Range
BIO03,PC1,0.294162955613673,rice,Isothermality,BIO03  Isothermality
BIO03,PC2,-0.129410072031297,rice,Isothermality,BIO03  Isothermality
BIO03,PC3,0.165905633882012,rice,Isothermality,BIO03  Isothermality
BIO04,PC1,-0.317984288121843,rice,Temperature Seasonality,BIO04  Temperature Seasonality
BIO04,PC2,-0.00389459057943057,rice,Temperature Seasonality,BIO04  Temperature Seasonality
BIO04,PC3,-0.0484848287731447,rice,Temperature Seasonality,BIO04  Temperature Seasonality
BIO05,PC1,0.0210564734228379,rice,Max Temperature of Warmest Month,BIO05  Max Temperature of Warmest Month
BIO05,PC2,0.419102178608389,rice,Max Temperature of Warmest Month,BIO05  Max Temperature of Warmest Month
BIO05,PC3,0.0985408846517198,rice,Max Temperature of Warmest Month,BIO05  Max Temperature of Warmest Month
BIO06,PC1,0.321824599965652,rice,Min Temperature of Coldest Month,BIO06  Min Temperature of Coldest Month
BIO06,PC2,0.130032180060675,rice,Min Temperature of Coldest Month,BIO06  Min Temperature of Coldest Month
BIO06,PC3,0.0636342820626191,rice,Min Temperature of Coldest Month,BIO06  Min Temperature of Coldest Month
BIO07,PC1,-0.316970643568281,rice,Temperature Annual Range,BIO07  Temperature Annual Range
BIO07,PC2,0.0896482825618999,rice,Temperature Annual Range,BIO07  Temperature Annual Range
BIO07,PC3,-0.0126305364959144,rice,Temperature Annual Range,BIO07  Temperature Annual Range
BIO08,PC1,0.139782958745582,rice,Mean Temperature of Wettest Quarter,BIO08  Mean Temperature of Wettest Quarter
BIO08,PC2,0.35973817281191,rice,Mean Temperature of Wettest Quarter,BIO08  Mean Temperature of Wettest Quarter
BIO08,PC3,-0.0125894805817162,rice,Mean Temperature of Wettest Quarter,BIO08  Mean Temperature of Wettest Quarter
BIO09,PC1,0.284257975690922,rice,Mean Temperature of Driest Quarter,BIO09  Mean Temperature of Driest Quarter
BIO09,PC2,0.215516126031886,rice,Mean Temperature of Driest Quarter,BIO09  Mean Temperature of Driest Quarter
BIO09,PC3,0.0941495847293242,rice,Mean Temperature of Driest Quarter,BIO09  Mean Temperature of Driest Quarter
BIO10,PC1,0.0975591316980915,rice,Mean Temperature of Warmest Quarter,BIO10  Mean Temperature of Warmest Quarter
BIO10,PC2,0.412764182755464,rice,Mean Temperature of Warmest Quarter,BIO10  Mean Temperature of Warmest Quarter
BIO10,PC3,0.0494376192172595,rice,Mean Temperature of Warmest Quarter,BIO10  Mean Temperature of Warmest Quarter
BIO11,PC1,0.303060223104235,rice,Mean Temperature of Coldest Quarter,BIO11  Mean Temperature of Coldest Quarter
BIO11,PC2,0.196872580721796,rice,Mean Temperature of Coldest Quarter,BIO11  Mean Temperature of Coldest Quarter
BIO11,PC3,0.0550648652247906,rice,Mean Temperature of Coldest Quarter,BIO11  Mean Temperature of Coldest Quarter
BIO12,PC1,0.247249639655985,rice,Annual Precipitation,BIO12  Annual Precipitation
BIO12,PC2,-0.113871646213844,rice,Annual Precipitation,BIO12  Annual Precipitation
BIO12,PC3,-0.340328595763248,rice,Annual Precipitation,BIO12  Annual Precipitation
BIO13,PC1,0.118823461831648,rice,Precipitation of Wettest Month,BIO13  Precipitation of Wettest Month
BIO13,PC2,0.0597080315929732,rice,Precipitation of Wettest Month,BIO13  Precipitation of Wettest Month
BIO13,PC3,-0.5041740185607,rice,Precipitation of Wettest Month,BIO13  Precipitation of Wettest Month
BIO14,PC1,0.225551632254256,rice,Precipitation of Driest Month,BIO14  Precipitation of Driest Month
BIO14,PC2,-0.246968423901922,rice,Precipitation of Driest Month,BIO14  Precipitation of Driest Month
BIO14,PC3,0.123488310500757,rice,Precipitation of Driest Month,BIO14  Precipitation of Driest Month
BIO15,PC1,-0.189149773719865,rice,Precipitation Seasonality,BIO15  Precipitation Seasonality
BIO15,PC2,0.295457277976337,rice,Precipitation Seasonality,BIO15  Precipitation Seasonality
BIO15,PC3,-0.197032019285112,rice,Precipitation Seasonality,BIO15  Precipitation Seasonality
BIO16,PC1,0.133444470123978,rice,Precipitation of Wettest Quarter,BIO16  Precipitation of Wettest Quarter
BIO16,PC2,0.0430784760652692,rice,Precipitation of Wettest Quarter,BIO16  Precipitation of Wettest Quarter
BIO16,PC3,-0.502690791854316,rice,Precipitation of Wettest Quarter,BIO16  Precipitation of Wettest Quarter
BIO17,PC1,0.231768978279039,rice,Precipitation of Driest Quarter,BIO17  Precipitation of Driest Quarter
BIO17,PC2,-0.248102399529296,rice,Precipitation of Driest Quarter,BIO17  Precipitation of Driest Quarter
BIO17,PC3,0.11970279933877,rice,Precipitation of Driest Quarter,BIO17  Precipitation of Driest Quarter
BIO18,PC1,0.0486180660853602,rice,Precipitation of Warmest Quarter,BIO18  Precipitation of Warmest Quarter
BIO18,PC2,-0.0927750748718134,rice,Precipitation of Warmest Quarter,BIO18  Precipitation of Warmest Quarter
BIO18,PC3,-0.478554752856634,rice,Precipitation of Warmest Quarter,BIO18  Precipitation of Warmest Quarter
BIO19,PC1,0.230901435960078,rice,Precipitation of Coldest Quarter,BIO19  Precipitation of Coldest Quarter
BIO19,PC2,-0.196917132692331,rice,Precipitation of Coldest Quarter,BIO19  Precipitation of Coldest Quarter
BIO19,PC3,0.0886958391161912,rice,Precipitation of Coldest Quarter,BIO19  Precipitation of Coldest Quarter
BIO01,PC1,-0.286520780662987,sorghum,Annual Mean Temperature,BIO01  Annual Mean Temperature
BIO01,PC2,-0.284501893023597,sorghum,Annual Mean Temperature,BIO01  Annual Mean Temperature
BIO01,PC3,0.0121041414421904,sorghum,Annual Mean Temperature,BIO01  Annual Mean Temperature
BIO02,PC1,-0.161842293007784,sorghum,Mean Diurnal Range,BIO02  Mean Diurnal Range
BIO02,PC2,0.176612352483756,sorghum,Mean Diurnal Range,BIO02  Mean Diurnal Range
BIO02,PC3,0.137894297402043,sorghum,Mean Diurnal Range,BIO02  Mean Diurnal Range
BIO03,PC1,0.226393537305843,sorghum,Isothermality,BIO03  Isothermality
BIO03,PC2,-0.223002231002355,sorghum,Isothermality,BIO03  Isothermality
BIO03,PC3,0.282647162623069,sorghum,Isothermality,BIO03  Isothermality
BIO04,PC1,-0.153121351974999,sorghum,Temperature Seasonality,BIO04  Temperature Seasonality
BIO04,PC2,0.322132942604742,sorghum,Temperature Seasonality,BIO04  Temperature Seasonality
BIO04,PC3,-0.205673300035299,sorghum,Temperature Seasonality,BIO04  Temperature Seasonality
BIO05,PC1,-0.358202348771,sorghum,Max Temperature of Warmest Month,BIO05  Max Temperature of Warmest Month
BIO05,PC2,-0.0906591740551192,sorghum,Max Temperature of Warmest Month,BIO05  Max Temperature of Warmest Month
BIO05,PC3,-0.0855560017033656,sorghum,Max Temperature of Warmest Month,BIO05  Max Temperature of Warmest Month
BIO06,PC1,-0.0809646025702246,sorghum,Min Temperature of Coldest Month,BIO06  Min Temperature of Coldest Month
BIO06,PC2,-0.41706714957018,sorghum,Min Temperature of Coldest Month,BIO06  Min Temperature of Coldest Month
BIO06,PC3,0.106493039809606,sorghum,Min Temperature of Coldest Month,BIO06  Min Temperature of Coldest Month
BIO07,PC1,-0.223260733470224,sorghum,Temperature Annual Range,BIO07  Temperature Annual Range
BIO07,PC2,0.309407348419585,sorghum,Temperature Annual Range,BIO07  Temperature Annual Range
BIO07,PC3,-0.1694278562202,sorghum,Temperature Annual Range,BIO07  Temperature Annual Range
BIO08,PC1,-0.297295267536584,sorghum,Mean Temperature of Wettest Quarter,BIO08  Mean Temperature of Wettest Quarter
BIO08,PC2,-0.130068348609897,sorghum,Mean Temperature of Wettest Quarter,BIO08  Mean Temperature of Wettest Quarter
BIO08,PC3,-0.0427953103342328,sorghum,Mean Temperature of Wettest Quarter,BIO08  Mean Temperature of Wettest Quarter
BIO09,PC1,-0.188915202695772,sorghum,Mean Temperature of Driest Quarter,BIO09  Mean Temperature of Driest Quarter
BIO09,PC2,-0.340246897425948,sorghum,Mean Temperature of Driest Quarter,BIO09  Mean Temperature of Driest Quarter
BIO09,PC3,0.0497247360175106,sorghum,Mean Temperature of Driest Quarter,BIO09  Mean Temperature of Driest Quarter
BIO10,PC1,-0.346718293647658,sorghum,Mean Temperature of Warmest Quarter,BIO10  Mean Temperature of Warmest Quarter
BIO10,PC2,-0.120998405897511,sorghum,Mean Temperature of Warmest Quarter,BIO10  Mean Temperature of Warmest Quarter
BIO10,PC3,-0.0931750642740501,sorghum,Mean Temperature of Warmest Quarter,BIO10  Mean Temperature of Warmest Quarter
BIO11,PC1,-0.15579461488732,sorghum,Mean Temperature of Coldest Quarter,BIO11  Mean Temperature of Coldest Quarter
BIO11,PC2,-0.385695682525339,sorghum,Mean Temperature of Coldest Quarter,BIO11  Mean Temperature of Coldest Quarter
BIO11,PC3,0.106048906747273,sorghum,Mean Temperature of Coldest Quarter,BIO11  Mean Temperature of Coldest Quarter
BIO12,PC1,0.214473173520966,sorghum,Annual Precipitation,BIO12  Annual Precipitation
BIO12,PC2,-0.209742018358079,sorghum,Annual Precipitation,BIO12  Annual Precipitation
BIO12,PC3,-0.379182314070374,sorghum,Annual Precipitation,BIO12  Annual Precipitation
BIO13,PC1,0.0304510522725997,sorghum,Precipitation of Wettest Month,BIO13  Precipitation of Wettest Month
BIO13,PC2,-0.154608742832194,sorghum,Precipitation of Wettest Month,BIO13  Precipitation of Wettest Month
BIO13,PC3,-0.51573979935983,sorghum,Precipitation of Wettest Month,BIO13  Precipitation of Wettest Month
BIO14,PC1,0.269743425603898,sorghum,Precipitation of Driest Month,BIO14  Precipitation of Driest Month
BIO14,PC2,-0.0876662463559287,sorghum,Precipitation of Driest Month,BIO14  Precipitation of Driest Month
BIO14,PC3,0.0222080069838824,sorghum,Precipitation of Driest Month,BIO14  Precipitation of Driest Month
BIO15,PC1,-0.310054767894554,sorghum,Precipitation Seasonality,BIO15  Precipitation Seasonality
BIO15,PC2,0.0772454225899273,sorghum,Precipitation Seasonality,BIO15  Precipitation Seasonality
BIO15,PC3,-0.136614837152217,sorghum,Precipitation Seasonality,BIO15  Precipitation Seasonality
BIO16,PC1,0.0521214680896207,sorghum,Precipitation of Wettest Quarter,BIO16  Precipitation of Wettest Quarter
BIO16,PC2,-0.156277449270152,sorghum,Precipitation of Wettest Quarter,BIO16  Precipitation of Wettest Quarter
BIO16,PC3,-0.519125218135311,sorghum,Precipitation of Wettest Quarter,BIO16  Precipitation of Wettest Quarter
BIO17,PC1,0.278095997347776,sorghum,Precipitation of Driest Quarter,BIO17  Precipitation of Driest Quarter
BIO17,PC2,-0.102151140725019,sorghum,Precipitation of Driest Quarter,BIO17  Precipitation of Driest Quarter
BIO17,PC3,0.00999846115423433,sorghum,Precipitation of Driest Quarter,BIO17  Precipitation of Driest Quarter
BIO18,PC1,0.214586744254712,sorghum,Precipitation of Warmest Quarter,BIO18  Precipitation of Warmest Quarter
BIO18,PC2,0.0416255341883354,sorghum,Precipitation of Warmest Quarter,BIO18  Precipitation of Warmest Quarter
BIO18,PC3,-0.275634491696976,sorghum,Precipitation of Warmest Quarter,BIO18  Precipitation of Warmest Quarter
BIO19,PC1,0.147720124102189,sorghum,Precipitation of Coldest Quarter,BIO19  Precipitation of Coldest Quarter
BIO19,PC2,-0.205534999391447,sorghum,Precipitation of Coldest Quarter,BIO19  Precipitation of Coldest Quarter
BIO19,PC3,-0.112073500084588,sorghum,Precipitation of Coldest Quarter,BIO19  Precipitation of Coldest Quarter
