"domain","go_id","term","arabidopsis","maize","barley","sorghum","rice"
"BP","GO:0003006","developmental process involved in reproduction",2.94e-05,2.82e-05,NA,NA,NA
"BP","GO:0006355","regulation of DNA-templated transcription",1.13e-12,0.00557,NA,NA,NA
"BP","GO:0006402","mRNA catabolic process",NA,NA,0.00463,0.0216,NA
"BP","GO:0006950","response to stress",1.33e-05,NA,0.0125,NA,NA
"BP","GO:0007154","cell communication",2.25e-08,NA,NA,NA,0.00153
"BP","GO:0007165","signal transduction",8.22e-09,NA,NA,NA,0.0015
"BP","GO:0007275","multicellular organism development",1.11e-06,2.77e-06,NA,NA,NA
"BP","GO:0009791","post-embryonic development",2.82e-05,0.00107,0.0102,NA,NA
"BP","GO:0009908","flower development",3.36e-07,0.00181,NA,NA,NA
"BP","GO:0009987","cellular process",1.92e-11,0.000216,NA,NA,4.85e-11
"BP","GO:0019219","regulation of nucleobase-containing compound metabolic process",5.54e-12,0.00091,NA,NA,NA
"BP","GO:0023052","signaling",4.53e-08,NA,NA,NA,0.0015
"BP","GO:0032501","multicellular organismal process",2.64e-07,1.05e-06,NA,NA,NA
"BP","GO:0032502","developmental process",2.82e-07,1.7e-07,NA,NA,NA
"BP","GO:0032870","cellular response to hormone stimulus",1.22e-05,NA,0.00362,NA,NA
"BP","GO:0033993","response to lipid",3.44e-09,0.00655,NA,NA,NA
"BP","GO:0034293","sexual sporulation",NA,0.00112,0.0243,NA,NA
"BP","GO:0043170","macromolecule metabolic process",NA,0.00531,NA,NA,3.58e-07
"BP","GO:0043934","sporulation",NA,0.00112,0.0243,NA,NA
"BP","GO:0044238","primary metabolic process",NA,0.00489,NA,NA,3.08e-05
"BP","GO:0048236","plant-type sporogenesis",NA,0.00112,0.0243,NA,NA
"BP","GO:0048367","shoot system development",6.57e-06,0.00039,NA,NA,NA
"BP","GO:0048518","positive regulation of biological process",NA,0.00329,NA,NA,0.000225
"BP","GO:0048608","reproductive structure development",9.51e-06,0.000717,NA,NA,NA
"BP","GO:0048731","system development",1.44e-06,9.42e-06,NA,NA,NA
"BP","GO:0048856","anatomical structure development",1.46e-07,8.07e-08,NA,NA,NA
"BP","GO:0050789","regulation of biological process",2.08e-21,0.00124,NA,NA,8.22e-07
"BP","GO:0050794","regulation of cellular process",5.67e-21,0.001,NA,NA,1.24e-06
"BP","GO:0050896","response to stimulus",6.39e-13,NA,0.00093,NA,NA
"BP","GO:0051252","regulation of RNA metabolic process",5.04e-12,0.00183,NA,NA,NA
"BP","GO:0061458","reproductive system development",1.11e-05,0.000757,NA,NA,NA
"BP","GO:0065007","biological regulation",2.93e-23,0.00256,NA,NA,1.67e-08
"BP","GO:0070887","cellular response to chemical stimulus",2.03e-06,NA,0.0197,NA,NA
"BP","GO:0071495","cellular response to endogenous stimulus",1.06e-05,NA,0.00367,NA,NA
"BP","GO:0080090","regulation of primary metabolic process",8.45e-12,0.0037,NA,NA,NA
"BP","GO:0090567","reproductive shoot system development",2.53e-07,0.00299,NA,NA,NA
"BP","GO:1901002","positive regulation of response to salt stress",NA,0.00309,NA,0.0113,NA
"BP","GO:2001141","regulation of RNA biosynthetic process",1.13e-12,0.00557,NA,NA,NA
"MF","GO:0000166","nucleotide binding",2.64e-05,NA,NA,NA,7.63e-10
"MF","GO:0003676","nucleic acid binding",2.71e-05,0.0142,NA,NA,5.92e-06
"MF","GO:0003677","DNA binding",1.84e-14,0.00514,0.0295,NA,NA
"MF","GO:0003700","DNA-binding transcription factor activity",5.41e-15,0.00477,NA,NA,NA
"MF","GO:0003824","catalytic activity",3.33e-09,0.00368,NA,NA,5.42e-08
"MF","GO:0004672","protein kinase activity",0.000845,0.0116,NA,NA,NA
"MF","GO:0005488","binding",7.15e-13,0.000426,NA,NA,2.13e-14
"MF","GO:0005515","protein binding",1.54e-11,NA,NA,NA,0.000394
"MF","GO:0005516","calmodulin binding",NA,NA,2.23e-07,NA,0.00663
"MF","GO:0005524","ATP binding",3.07e-06,0.00626,NA,NA,1.22e-07
"MF","GO:0009055","electron transfer activity",0.000237,0.0022,NA,NA,NA
"MF","GO:0016740","transferase activity",NA,0.0101,NA,0.0308,NA
"MF","GO:0016787","hydrolase activity",0.00015,NA,NA,NA,7.76e-07
"MF","GO:0016887","ATP hydrolysis activity",NA,0.0206,NA,NA,4.05e-09
"MF","GO:0017076","purine nucleotide binding",4.65e-05,0.0151,NA,NA,4.17e-09
"MF","GO:0030554","adenyl nucleotide binding",1.49e-06,0.00838,NA,NA,5.15e-09
"MF","GO:0032553","ribonucleotide binding",2.23e-05,0.0177,NA,NA,9.75e-09
"MF","GO:0032555","purine ribonucleotide binding",2.05e-05,0.0157,NA,NA,7.33e-09
"MF","GO:0032559","adenyl ribonucleotide binding",4.38e-07,0.00854,NA,NA,8.42e-09
"MF","GO:0035639","purine ribonucleoside triphosphate binding",9.95e-05,0.0121,NA,NA,9.85e-08
"MF","GO:0036094","small molecule binding",1.07e-07,NA,NA,NA,4.6e-11
"MF","GO:0043167","ion binding",1.5e-08,NA,NA,NA,2.54e-11
"MF","GO:0043168","anion binding",3.99e-06,0.0192,NA,NA,1.2e-09
"MF","GO:0097367","carbohydrate derivative binding",3.01e-05,0.0184,NA,NA,1.37e-08
"MF","GO:0140096","""catalytic activity, acting on a protein (GO:0140096)""",5.2e-06,0.00428,NA,NA,NA
"MF","GO:0140110","transcription regulator activity",9.22e-15,0.00705,NA,NA,NA
"MF","GO:0140657","ATP-dependent activity",0.000432,NA,NA,NA,2.31e-08
"MF","GO:0160104","tRNA (guanine(26)-N2)-dimethyltransferase activity",NA,NA,NA,0.00167,6.15e-05
"MF","GO:1901265","nucleoside phosphate binding",2.91e-05,NA,NA,NA,8.17e-10
"MF","GO:1901363","heterocyclic compound binding",1.72e-05,NA,NA,NA,7.61e-10
